wall_time,time_s,seq,v1,v2,v3,T_surf,T_rise,current,acoustic_rms,SOC_pct,soc_est,soh_est,fault_bits_hex,fault_names,chg_open,dsc_open,ground_truth,outcome
2026-06-25T15:21:28.317+00:00,0.0,1,4.0556,4.0581,4.0628,26.45,1.45,-2.902,0.0211,100.00,100.00,99.42,0x0000,NONE,OPEN,OPEN,0,TN
2026-06-25T15:21:28.439+00:00,1.0,11,4.0524,4.0596,4.0454,26.51,1.51,-2.908,0.0203,99.97,97.80,98.91,0x0000,NONE,CLOSED,CLOSED,0,TN
2026-06-25T15:21:28.565+00:00,2.0,21,4.0579,4.0564,4.0576,26.56,1.56,-2.906,0.0139,99.94,97.77,98.92,0x0000,NONE,CLOSED,CLOSED,0,TN
2026-06-25T15:21:28.689+00:00,3.0,31,4.0514,4.0687,4.0654,26.47,1.47,-2.893,0.0129,99.92,97.77,98.93,0x0000,NONE,CLOSED,CLOSED,0,TN
2026-06-25T15:21:28.815+00:00,4.0,41,4.0551,4.0611,4.0577,26.57,1.57,-2.905,0.0198,99.89,97.74,98.94,0x0000,NONE,CLOSED,CLOSED,0,TN
2026-06-25T15:21:28.943+00:00,5.0,51,4.0535,4.0559,4.0462,26.37,1.37,-2.891,0.0193,99.86,97.73,98.94,0x0000,NONE,CLOSED,CLOSED,0,TN
2026-06-25T15:21:29.071+00:00,6.0,61,4.0508,4.0372,4.0483,26.58,1.58,-2.876,0.0160,99.83,97.71,98.95,0x0000,NONE,CLOSED,CLOSED,0,TN
2026-06-25T15:21:29.190+00:00,7.0,71,4.0530,4.0427,4.0489,26.64,1.64,-2.921,0.0152,99.81,97.69,98.96,0x0000,NONE,CLOSED,CLOSED,0,TN
2026-06-25T15:21:29.316+00:00,8.0,81,4.0510,4.0547,4.0764,26.47,1.47,-2.900,0.0237,99.78,97.68,98.97,0x0000,NONE,CLOSED,CLOSED,0,TN
2026-06-25T15:21:29.442+00:00,9.0,91,4.0516,4.0570,4.0454,26.54,1.54,-2.882,0.0201,99.75,97.66,98.98,0x0000,NONE,CLOSED,CLOSED,0,TN
2026-06-25T15:21:29.580+00:00,10.0,101,4.0467,4.0437,4.0351,26.50,1.50,-2.909,0.0165,99.72,97.62,98.97,0x0000,NONE,CLOSED,CLOSED,0,TN
2026-06-25T15:21:29.692+00:00,11.0,111,4.0449,4.0484,4.0403,26.70,1.70,-2.877,0.0202,99.69,97.61,98.98,0x0000,NONE,CLOSED,CLOSED,0,TN
2026-06-25T15:21:29.817+00:00,12.0,121,4.0527,4.0444,4.0284,26.61,1.61,-2.886,0.0232,99.67,97.60,98.99,0x0000,NONE,CLOSED,CLOSED,0,TN
2026-06-25T15:21:29.940+00:00,13.0,131,4.0454,4.0422,4.0376,26.56,1.56,-2.909,0.0152,99.64,97.56,98.99,0x0000,NONE,CLOSED,CLOSED,0,TN
2026-06-25T15:21:30.067+00:00,14.0,141,4.0504,4.0537,4.0533,26.55,1.55,-2.880,0.0144,99.61,97.57,99.02,0x0000,NONE,CLOSED,CLOSED,0,TN
2026-06-25T15:21:30.191+00:00,15.0,151,4.0501,4.0488,4.0506,26.61,1.61,-2.907,0.0153,99.58,97.56,99.03,0x0000,NONE,CLOSED,CLOSED,0,TN
2026-06-25T15:21:30.317+00:00,16.0,161,4.0461,4.0383,4.0381,26.45,1.45,-2.904,0.0134,99.56,97.52,99.02,0x0000,NONE,CLOSED,CLOSED,0,TN
2026-06-25T15:21:30.442+00:00,17.0,171,4.0461,4.0408,4.0727,26.64,1.64,-2.897,0.0148,99.53,97.54,99.06,0x0000,NONE,CLOSED,CLOSED,0,TN
2026-06-25T15:21:30.583+00:00,18.0,181,4.0503,4.0609,4.0440,26.69,1.69,-2.902,0.0149,99.50,97.52,99.08,0x0000,NONE,CLOSED,CLOSED,0,TN
2026-06-25T15:21:30.692+00:00,19.0,191,4.0468,4.0607,4.0322,26.51,1.51,-2.891,0.0157,99.47,97.48,99.06,0x0000,NONE,CLOSED,CLOSED,0,TN
2026-06-25T15:21:30.816+00:00,20.0,201,4.0489,4.0516,4.0779,26.57,1.57,-2.917,0.0153,99.44,97.48,99.10,0x0000,NONE,CLOSED,CLOSED,0,TN
2026-06-25T15:21:30.942+00:00,21.0,211,4.0492,4.0566,4.0679,26.56,1.56,-2.913,0.0168,99.42,97.47,99.11,0x0000,NONE,CLOSED,CLOSED,0,TN
2026-06-25T15:21:31.067+00:00,22.0,221,4.0541,4.0523,4.0370,26.59,1.59,-2.859,0.0153,99.39,97.43,99.09,0x0000,NONE,CLOSED,CLOSED,0,TN
2026-06-25T15:21:31.189+00:00,23.0,231,4.0446,4.0328,4.0505,26.60,1.60,-2.910,0.0230,99.36,97.41,99.11,0x0000,NONE,CLOSED,CLOSED,0,TN
2026-06-25T15:21:31.316+00:00,24.0,241,4.0441,4.0370,4.0259,26.61,1.61,-2.901,0.0226,99.33,97.38,99.10,0x0000,NONE,CLOSED,CLOSED,0,TN
2026-06-25T15:21:31.442+00:00,25.0,251,4.0424,4.0394,4.0423,26.67,1.67,-2.893,0.0162,99.31,97.38,99.13,0x0000,NONE,CLOSED,CLOSED,0,TN
2026-06-25T15:21:31.581+00:00,26.0,261,4.0431,4.0412,4.0422,26.62,1.62,-2.885,0.0149,99.28,97.37,99.15,0x0000,NONE,CLOSED,CLOSED,0,TN
2026-06-25T15:21:31.692+00:00,27.0,271,4.0499,4.0440,4.0443,26.77,1.77,-2.908,0.0186,99.25,97.36,99.17,0x0000,NONE,CLOSED,CLOSED,0,TN
2026-06-25T15:21:31.814+00:00,28.0,281,4.0456,4.0495,4.0220,26.58,1.58,-2.902,0.0180,99.22,97.33,99.16,0x0000,NONE,CLOSED,CLOSED,0,TN
2026-06-25T15:21:31.942+00:00,29.0,291,4.0443,4.0423,4.0525,26.67,1.67,-2.891,0.0155,99.19,97.32,99.19,0x0000,NONE,CLOSED,CLOSED,0,TN
2026-06-25T15:21:32.067+00:00,30.0,301,4.0421,4.0561,4.0412,26.71,1.71,-2.926,0.0261,99.17,97.31,99.21,0x0000,NONE,CLOSED,CLOSED,0,TN
2026-06-25T15:21:32.192+00:00,31.0,311,4.0436,4.0532,4.0546,26.68,1.68,-2.895,0.0197,99.14,97.29,99.22,0x0000,NONE,CLOSED,CLOSED,0,TN
2026-06-25T15:21:32.317+00:00,32.0,321,4.0443,4.0506,4.0515,26.72,1.72,-2.915,0.0193,99.11,97.28,99.23,0x0000,NONE,CLOSED,CLOSED,0,TN
2026-06-25T15:21:32.440+00:00,33.0,331,4.0436,4.0558,4.0538,26.78,1.78,-2.895,0.0160,99.08,97.27,99.25,0x0000,NONE,CLOSED,CLOSED,0,TN
2026-06-25T15:21:32.573+00:00,34.0,341,4.0409,4.0224,4.0726,26.71,1.71,-2.903,0.0151,99.06,97.23,99.24,0x0000,NONE,CLOSED,CLOSED,0,TN
2026-06-25T15:21:32.691+00:00,35.0,351,4.0439,4.0469,4.0243,26.74,1.74,-2.921,0.0170,99.03,97.21,99.25,0x0000,NONE,CLOSED,CLOSED,0,TN
2026-06-25T15:21:32.817+00:00,36.0,361,4.0443,4.0430,4.0278,26.81,1.81,-2.901,0.0149,99.00,97.20,99.27,0x0000,NONE,CLOSED,CLOSED,0,TN
2026-06-25T15:21:32.942+00:00,37.0,371,4.0424,4.0425,4.0375,26.69,1.69,-2.900,0.0164,98.97,97.17,99.27,0x0000,NONE,CLOSED,CLOSED,0,TN
2026-06-25T15:21:33.067+00:00,38.0,381,4.0395,4.0404,4.0297,26.73,1.73,-2.897,0.0133,98.94,97.16,99.29,0x0000,NONE,CLOSED,CLOSED,0,TN
2026-06-25T15:21:33.193+00:00,39.0,391,4.0390,4.0204,4.0642,26.72,1.72,-2.910,0.0207,98.92,97.14,99.30,0x0000,NONE,CLOSED,CLOSED,0,TN
2026-06-25T15:21:33.317+00:00,40.0,401,4.0366,4.0352,4.0513,26.79,1.79,-2.936,0.0187,98.89,97.15,99.34,0x0000,NONE,CLOSED,CLOSED,0,TN
2026-06-25T15:21:33.441+00:00,41.0,411,4.0432,4.0313,4.0541,26.78,1.78,-2.916,0.0176,98.86,97.12,99.34,0x0000,NONE,CLOSED,CLOSED,0,TN
2026-06-25T15:21:33.578+00:00,42.0,421,4.0470,4.0477,4.0321,26.70,1.70,-2.911,0.0166,98.83,97.12,99.37,0x0000,NONE,CLOSED,CLOSED,0,TN
2026-06-25T15:21:33.692+00:00,43.0,431,4.0369,4.0285,4.0300,26.67,1.67,-2.858,0.0215,98.81,97.07,99.35,0x0000,NONE,CLOSED,CLOSED,0,TN
2026-06-25T15:21:33.817+00:00,44.0,441,4.0413,4.0398,4.0295,26.62,1.62,-2.897,0.0200,98.78,97.05,99.36,0x0000,NONE,CLOSED,CLOSED,0,TN
2026-06-25T15:21:33.940+00:00,45.0,451,4.0396,4.0386,4.0441,26.76,1.76,-2.883,0.0219,98.75,97.04,99.39,0x0000,NONE,CLOSED,CLOSED,0,TN
2026-06-25T15:21:34.065+00:00,46.0,461,4.0454,4.0479,4.0396,26.77,1.77,-2.911,0.0186,98.72,97.04,99.41,0x0000,NONE,CLOSED,CLOSED,0,TN
2026-06-25T15:21:34.196+00:00,47.0,471,4.0384,4.0412,4.0233,26.55,1.55,-2.865,0.0173,98.69,97.00,99.40,0x0000,NONE,CLOSED,CLOSED,0,TN
2026-06-25T15:21:34.315+00:00,48.0,481,4.0385,4.0403,4.0282,26.74,1.74,-2.906,0.0122,98.67,97.03,99.47,0x0000,NONE,CLOSED,CLOSED,0,TN
2026-06-25T15:21:34.442+00:00,49.0,491,4.0385,4.0473,4.0391,26.81,1.81,-2.893,0.0136,98.64,96.99,99.45,0x0000,NONE,CLOSED,CLOSED,0,TN
2026-06-25T15:21:34.571+00:00,50.0,501,4.0410,4.0520,4.0509,26.72,1.72,-2.884,0.0151,98.61,96.97,99.47,0x0000,NONE,CLOSED,CLOSED,0,TN
2026-06-25T15:21:34.693+00:00,51.0,511,4.0387,4.0261,4.0493,26.85,1.85,-2.860,0.0162,98.58,96.95,99.47,0x0000,NONE,CLOSED,CLOSED,0,TN
2026-06-25T15:21:34.815+00:00,52.0,521,4.0326,4.0248,4.0507,26.87,1.87,-2.911,0.0266,98.56,96.94,99.50,0x0000,NONE,CLOSED,CLOSED,0,TN
2026-06-25T15:21:34.940+00:00,53.0,531,4.0392,4.0363,4.0659,26.79,1.79,-2.910,0.0156,98.53,96.94,99.54,0x0000,NONE,CLOSED,CLOSED,0,TN
2026-06-25T15:21:35.070+00:00,54.0,541,4.0395,4.0259,4.0298,26.82,1.82,-2.927,0.0095,98.50,96.89,99.51,0x0000,NONE,CLOSED,CLOSED,0,TN
2026-06-25T15:21:35.192+00:00,55.0,551,4.0369,4.0400,4.0396,26.78,1.78,-2.883,0.0128,98.47,96.90,99.56,0x0000,NONE,CLOSED,CLOSED,0,TN
2026-06-25T15:21:35.317+00:00,56.0,561,4.0372,4.0366,4.0275,26.79,1.79,-2.916,0.0171,98.44,96.86,99.53,0x0000,NONE,CLOSED,CLOSED,0,TN
2026-06-25T15:21:35.439+00:00,57.0,571,4.0361,4.0244,4.0411,26.75,1.75,-2.904,0.0194,98.42,96.85,99.57,0x0000,NONE,CLOSED,CLOSED,0,TN
2026-06-25T15:21:35.573+00:00,58.0,581,4.0367,4.0173,4.0095,26.74,1.74,-2.869,0.0124,98.39,96.82,99.56,0x0000,NONE,CLOSED,CLOSED,0,TN
2026-06-25T15:21:35.692+00:00,59.0,591,4.0356,4.0257,4.0495,26.91,1.91,-2.889,0.0208,98.36,96.85,99.63,0x0000,NONE,CLOSED,CLOSED,0,TN
2026-06-25T15:21:35.817+00:00,60.0,601,4.0373,4.0415,4.0579,26.81,1.81,-2.893,0.0168,98.33,96.81,99.62,0x0000,NONE,CLOSED,CLOSED,0,TN
2026-06-25T15:21:35.942+00:00,61.0,611,4.0367,4.0284,4.0287,26.77,1.77,-2.901,0.0161,98.31,96.78,99.62,0x0000,NONE,CLOSED,CLOSED,0,TN
2026-06-25T15:21:36.067+00:00,62.0,621,4.0321,4.0285,4.0300,26.89,1.89,-2.899,0.0178,98.28,96.79,99.67,0x0000,NONE,CLOSED,CLOSED,0,TN
2026-06-25T15:21:36.192+00:00,63.0,631,4.0290,4.0420,4.0355,26.86,1.86,-2.889,0.0143,98.25,96.76,99.67,0x0000,NONE,CLOSED,CLOSED,0,TN
2026-06-25T15:21:36.316+00:00,64.0,641,4.0328,4.0207,4.0404,26.88,1.88,-2.917,0.0214,98.22,96.74,99.68,0x0000,NONE,CLOSED,CLOSED,0,TN
2026-06-25T15:21:36.444+00:00,65.0,651,4.0390,4.0539,4.0385,26.81,1.81,-2.894,0.0221,98.19,96.75,99.73,0x0000,NONE,CLOSED,CLOSED,0,TN
2026-06-25T15:21:36.574+00:00,66.0,661,4.0314,4.0178,4.0181,26.91,1.91,-2.911,0.0145,98.17,96.70,99.69,0x0000,NONE,CLOSED,CLOSED,0,TN
2026-06-25T15:21:36.690+00:00,67.0,671,4.0366,4.0429,4.0300,26.94,1.94,-2.904,0.0189,98.14,96.70,99.74,0x0000,NONE,CLOSED,CLOSED,0,TN
2026-06-25T15:21:36.817+00:00,68.0,681,4.0347,4.0413,4.0399,26.82,1.82,-2.911,0.0149,98.11,96.69,99.78,0x0000,NONE,CLOSED,CLOSED,0,TN
2026-06-25T15:21:36.942+00:00,69.0,691,4.0311,4.0337,4.0202,26.93,1.93,-2.917,0.0211,98.08,96.67,99.77,0x0000,NONE,CLOSED,CLOSED,0,TN
2026-06-25T15:21:37.067+00:00,70.0,701,4.0303,4.0393,4.0264,26.99,1.99,-2.878,0.0222,98.06,96.64,99.77,0x0000,NONE,CLOSED,CLOSED,0,TN
2026-06-25T15:21:37.192+00:00,71.0,711,4.0322,4.0321,4.0225,26.92,1.92,-2.918,0.0165,98.03,96.63,99.80,0x0000,NONE,CLOSED,CLOSED,0,TN
2026-06-25T15:21:37.317+00:00,72.0,721,4.0322,4.0314,4.0474,26.94,1.94,-2.894,0.0144,98.00,96.62,99.84,0x0000,NONE,CLOSED,CLOSED,0,TN
2026-06-25T15:21:37.442+00:00,73.0,731,4.0315,4.0351,4.0422,26.87,1.87,-2.912,0.0193,97.97,96.60,99.84,0x0000,NONE,CLOSED,CLOSED,0,TN
2026-06-25T15:21:37.574+00:00,74.0,741,4.0251,4.0332,4.0055,26.93,1.93,-2.901,0.0193,97.94,96.58,99.84,0x0000,NONE,CLOSED,CLOSED,0,TN
2026-06-25T15:21:37.692+00:00,75.0,751,4.0275,4.0276,4.0299,26.94,1.94,-2.910,0.0112,97.92,96.55,99.84,0x0000,NONE,CLOSED,CLOSED,0,TN
2026-06-25T15:21:37.816+00:00,76.0,761,4.0283,4.0383,4.0131,26.82,1.82,-2.933,0.0224,97.89,96.56,99.90,0x0000,NONE,CLOSED,CLOSED,0,TN
2026-06-25T15:21:37.940+00:00,77.0,771,4.0318,4.0457,4.0105,26.91,1.91,-2.919,0.0171,97.86,96.55,99.93,0x0000,NONE,CLOSED,CLOSED,0,TN
2026-06-25T15:21:38.064+00:00,78.0,781,4.0299,4.0295,4.0209,27.04,2.04,-2.919,0.0180,97.83,96.52,99.91,0x0000,NONE,CLOSED,CLOSED,0,TN
2026-06-25T15:21:38.190+00:00,79.0,791,4.0303,4.0243,4.0331,27.02,2.02,-2.934,0.0200,97.81,96.51,99.95,0x0000,NONE,CLOSED,CLOSED,0,TN
2026-06-25T15:21:38.316+00:00,80.0,801,4.0315,4.0247,4.0399,26.95,1.95,-2.887,0.0157,97.78,96.50,99.98,0x0000,NONE,CLOSED,CLOSED,0,TN
2026-06-25T15:21:38.442+00:00,81.0,811,4.0278,4.0262,4.0433,26.94,1.94,-2.892,0.0217,97.75,96.49,100.00,0x0000,NONE,CLOSED,CLOSED,0,TN
2026-06-25T15:21:38.572+00:00,82.0,821,4.0265,4.0227,4.0275,27.05,2.05,-2.915,0.0136,97.72,96.45,99.98,0x0000,NONE,CLOSED,CLOSED,0,TN
2026-06-25T15:21:38.692+00:00,83.0,831,4.0237,4.0269,4.0362,27.02,2.02,-2.905,0.0156,97.69,96.45,100.02,0x0000,NONE,CLOSED,CLOSED,0,TN
2026-06-25T15:21:38.817+00:00,84.0,841,4.0273,4.0426,4.0272,26.94,1.94,-2.880,0.0199,97.67,96.45,100.07,0x0000,NONE,CLOSED,CLOSED,0,TN
2026-06-25T15:21:38.940+00:00,85.0,851,4.0253,4.0223,4.0232,26.91,1.91,-2.910,0.0106,97.64,96.42,100.06,0x0000,NONE,CLOSED,CLOSED,0,TN
2026-06-25T15:21:39.066+00:00,86.0,861,4.0274,4.0195,4.0350,26.97,1.97,-2.894,0.0182,97.61,96.40,100.08,0x0000,NONE,CLOSED,CLOSED,0,TN
2026-06-25T15:21:39.192+00:00,87.0,871,4.0260,4.0282,4.0198,27.06,2.06,-2.919,0.0220,97.58,96.39,100.11,0x0000,NONE,CLOSED,CLOSED,0,TN
2026-06-25T15:21:39.317+00:00,88.0,881,4.0338,4.0356,4.0366,26.97,1.97,-2.885,0.0212,97.56,96.37,100.13,0x0000,NONE,CLOSED,CLOSED,0,TN
2026-06-25T15:21:39.442+00:00,89.0,891,4.0283,4.0216,4.0332,26.98,1.98,-2.867,0.0234,97.53,96.36,100.15,0x0000,NONE,CLOSED,CLOSED,0,TN
2026-06-25T15:21:39.564+00:00,90.0,901,4.0267,4.0298,4.0334,27.06,2.06,-2.875,0.0215,97.50,96.34,100.16,0x0000,NONE,CLOSED,CLOSED,0,TN
2026-06-25T15:21:39.696+00:00,91.0,911,4.0243,4.0182,4.0251,27.10,2.10,-2.892,0.0158,97.47,96.31,100.16,0x0000,NONE,CLOSED,CLOSED,0,TN
2026-06-25T15:21:39.816+00:00,92.0,921,4.0281,4.0256,4.0308,27.14,2.14,-2.874,0.0123,97.44,96.31,100.19,0x0000,NONE,CLOSED,CLOSED,0,TN
2026-06-25T15:21:39.942+00:00,93.0,931,4.0229,4.0230,4.0194,26.99,1.99,-2.905,0.0204,97.42,96.29,100.20,0x0000,NONE,CLOSED,CLOSED,0,TN
2026-06-25T15:21:40.067+00:00,94.0,941,4.0204,4.0221,4.0040,27.00,2.00,-2.913,0.0196,97.39,96.27,100.22,0x0000,NONE,CLOSED,CLOSED,0,TN
2026-06-25T15:21:40.192+00:00,95.0,951,4.0232,4.0094,4.0214,27.07,2.07,-2.895,0.0186,97.36,96.23,100.19,0x0000,NONE,CLOSED,CLOSED,0,TN
2026-06-25T15:21:40.317+00:00,96.0,961,4.0256,4.0386,4.0270,27.15,2.15,-2.929,0.0269,97.33,96.27,100.31,0x0000,NONE,CLOSED,CLOSED,0,TN
2026-06-25T15:21:40.442+00:00,97.0,971,4.0237,4.0214,4.0284,27.04,2.04,-2.868,0.0188,97.31,96.22,100.27,0x0000,NONE,CLOSED,CLOSED,0,TN
2026-06-25T15:21:40.569+00:00,98.0,981,4.0254,4.0291,4.0058,27.13,2.13,-2.902,0.0179,97.28,96.20,100.28,0x0000,NONE,CLOSED,CLOSED,0,TN
2026-06-25T15:21:40.691+00:00,99.0,991,4.0233,4.0303,4.0091,27.19,2.19,-2.897,0.0212,97.25,96.20,100.33,0x0000,NONE,CLOSED,CLOSED,0,TN
2026-06-25T15:21:40.817+00:00,100.0,1001,4.0266,4.0261,4.0158,27.16,2.16,-2.894,0.0212,97.22,96.20,100.37,0x0000,NONE,CLOSED,CLOSED,0,TN
2026-06-25T15:21:40.942+00:00,101.0,1011,4.0260,4.0161,4.0282,27.12,2.12,-2.897,0.0185,97.19,96.17,100.36,0x0000,NONE,CLOSED,CLOSED,0,TN
2026-06-25T15:21:41.066+00:00,102.0,1021,4.0233,4.0260,4.0377,27.02,2.02,-2.904,0.0238,97.17,96.18,100.44,0x0000,NONE,CLOSED,CLOSED,0,TN
2026-06-25T15:21:41.191+00:00,103.0,1031,4.0206,4.0302,4.0164,27.04,2.04,-2.916,0.0212,97.14,96.15,100.43,0x0000,NONE,CLOSED,CLOSED,0,TN
2026-06-25T15:21:41.317+00:00,104.0,1041,4.0262,4.0185,4.0334,27.05,2.05,-2.886,0.0184,97.11,96.13,100.44,0x0000,NONE,CLOSED,CLOSED,0,TN
2026-06-25T15:21:41.442+00:00,105.0,1051,4.0189,4.0089,4.0099,27.05,2.05,-2.872,0.0219,97.08,96.11,100.44,0x0000,NONE,CLOSED,CLOSED,0,TN
2026-06-25T15:21:41.572+00:00,106.0,1061,4.0228,4.0216,4.0288,27.06,2.06,-2.905,0.0279,97.06,96.11,100.50,0x0000,NONE,CLOSED,CLOSED,0,TN
2026-06-25T15:21:41.691+00:00,107.0,1071,4.0200,4.0184,4.0097,27.15,2.15,-2.930,0.0174,97.03,96.09,100.50,0x0000,NONE,CLOSED,CLOSED,0,TN
2026-06-25T15:21:41.817+00:00,108.0,1081,4.0188,4.0207,4.0039,27.07,2.07,-2.874,0.0125,97.00,96.07,100.51,0x0000,NONE,CLOSED,CLOSED,0,TN
2026-06-25T15:21:41.941+00:00,109.0,1091,4.0193,4.0145,4.0399,27.09,2.09,-2.912,0.0124,96.97,96.05,100.54,0x0000,NONE,CLOSED,CLOSED,0,TN
2026-06-25T15:21:42.066+00:00,110.0,1101,4.0222,4.0313,4.0247,27.07,2.07,-2.903,0.0179,96.94,96.07,100.61,0x0000,NONE,CLOSED,CLOSED,0,TN
2026-06-25T15:21:42.191+00:00,111.0,1111,4.0183,4.0303,4.0162,27.15,2.15,-2.895,0.0111,96.92,96.04,100.60,0x0000,NONE,CLOSED,CLOSED,0,TN
2026-06-25T15:21:42.316+00:00,112.0,1121,4.0219,4.0255,4.0329,27.17,2.17,-2.872,0.0164,96.89,96.01,100.61,0x0000,NONE,CLOSED,CLOSED,0,TN
2026-06-25T15:21:42.441+00:00,113.0,1131,4.0192,4.0120,4.0370,27.22,2.22,-2.897,0.0158,96.86,95.99,100.60,0x0000,NONE,CLOSED,CLOSED,0,TN
2026-06-25T15:21:42.570+00:00,114.0,1141,4.0171,4.0309,4.0166,27.09,2.09,-2.907,0.0162,96.83,96.00,100.67,0x0000,NONE,CLOSED,CLOSED,0,TN
2026-06-25T15:21:42.689+00:00,115.0,1151,4.0146,4.0161,3.9889,27.18,2.18,-2.883,0.0142,96.81,95.94,100.61,0x0000,NONE,CLOSED,CLOSED,0,TN
2026-06-25T15:21:42.816+00:00,116.0,1161,4.0098,4.0003,3.9976,27.21,2.21,-2.886,0.0198,96.78,95.92,100.62,0x0000,NONE,CLOSED,CLOSED,0,TN
2026-06-25T15:21:42.942+00:00,117.0,1171,3.7193,4.0100,4.0271,27.16,2.16,-2.912,0.0211,96.75,94.85,98.66,0x028D,VOLT_IMBAL|SENSOR_LOSS|VOLT_GRADIENT|EIS_FAULT|CELL_BALANCE,CLOSED,CLOSED,0,FP
2026-06-25T15:21:43.066+00:00,118.0,1181,3.7172,4.0066,4.0033,27.22,2.22,-2.906,0.0160,96.72,94.72,98.46,0x2289,VOLT_IMBAL|VOLT_GRADIENT|EIS_FAULT|CELL_BALANCE|CONTACT_RES,CLOSED,CLOSED,0,FP
2026-06-25T15:21:43.192+00:00,119.0,1191,4.0167,4.0290,4.0040,27.15,2.15,-2.873,0.0055,96.69,95.20,99.51,0x2000,CONTACT_RES,CLOSED,CLOSED,0,FP
2026-06-25T15:21:43.315+00:00,120.0,1201,4.0164,4.0058,4.0232,27.31,2.31,-2.891,0.0139,96.67,95.21,99.58,0x2000,CONTACT_RES,CLOSED,CLOSED,0,FP
2026-06-25T15:21:43.439+00:00,121.0,1211,4.0120,4.0191,4.0120,27.09,2.09,-2.880,0.0197,96.64,95.21,99.65,0x0000,NONE,CLOSED,CLOSED,0,TN
2026-06-25T15:21:43.584+00:00,122.0,1221,4.0118,4.0115,4.0082,27.17,2.17,-2.899,0.0159,96.61,95.17,99.63,0x0000,NONE,CLOSED,CLOSED,0,TN
2026-06-25T15:21:43.691+00:00,123.0,1231,4.0134,4.0090,4.0087,27.15,2.15,-2.916,0.0166,96.58,95.19,99.72,0x0000,NONE,CLOSED,CLOSED,0,TN
2026-06-25T15:21:43.817+00:00,124.0,1241,4.0137,4.0239,4.0092,27.25,2.25,-2.905,0.0253,96.56,95.18,99.75,0x0000,NONE,CLOSED,CLOSED,0,TN
2026-06-25T15:21:43.941+00:00,125.0,1251,4.0155,4.0232,4.0193,27.21,2.21,-2.921,0.0164,96.53,95.13,99.71,0x0000,NONE,CLOSED,CLOSED,0,TN
2026-06-25T15:21:44.066+00:00,126.0,1261,3.7158,4.0239,4.0016,27.11,2.11,-2.902,0.0173,96.50,94.10,97.76,0x0289,VOLT_IMBAL|VOLT_GRADIENT|EIS_FAULT|CELL_BALANCE,CLOSED,CLOSED,0,FP
2026-06-25T15:21:44.191+00:00,127.0,1271,3.7171,4.0295,4.0251,27.21,2.21,-2.865,0.0246,96.47,93.97,97.57,0x2289,VOLT_IMBAL|VOLT_GRADIENT|EIS_FAULT|CELL_BALANCE|CONTACT_RES,CLOSED,CLOSED,0,FP
2026-06-25T15:21:44.321+00:00,128.0,1281,4.0139,4.0235,4.0224,27.21,2.21,-2.927,0.0190,96.44,94.41,98.56,0x2000,CONTACT_RES,CLOSED,CLOSED,0,FP
2026-06-25T15:21:44.442+00:00,129.0,1291,4.0144,4.0157,4.0090,27.19,2.19,-2.909,0.0165,96.42,94.43,98.66,0x2000,CONTACT_RES,CLOSED,CLOSED,0,FP
2026-06-25T15:21:44.584+00:00,130.0,1301,4.0109,4.0113,4.0252,27.17,2.17,-2.904,0.0087,96.39,94.43,98.72,0x0000,NONE,CLOSED,CLOSED,0,TN
2026-06-25T15:21:44.691+00:00,131.0,1311,4.0125,4.0030,3.9999,27.18,2.18,-2.893,0.0195,96.36,94.38,98.68,0x0000,NONE,CLOSED,CLOSED,0,TN
2026-06-25T15:21:44.814+00:00,132.0,1321,4.0124,4.0063,4.0163,27.13,2.13,-2.912,0.0193,96.33,94.39,98.76,0x0000,NONE,CLOSED,CLOSED,0,TN
2026-06-25T15:21:44.942+00:00,133.0,1331,4.0165,4.0015,4.0139,27.20,2.20,-2.902,0.0184,96.31,94.38,98.79,0x0000,NONE,CLOSED,CLOSED,0,TN
2026-06-25T15:21:45.067+00:00,134.0,1341,4.0121,4.0057,4.0274,27.32,2.32,-2.910,0.0122,96.28,94.38,98.84,0x0000,NONE,CLOSED,CLOSED,0,TN
2026-06-25T15:21:45.192+00:00,135.0,1351,3.7078,4.0058,3.9976,27.26,2.26,-2.921,0.0183,96.25,93.48,97.12,0x0005,VOLT_IMBAL|SENSOR_LOSS,CLOSED,CLOSED,0,FP
2026-06-25T15:21:45.316+00:00,136.0,1361,3.7110,4.0079,4.0182,27.32,2.32,-2.885,0.0276,96.22,93.06,96.34,0x2289,VOLT_IMBAL|VOLT_GRADIENT|EIS_FAULT|CELL_BALANCE|CONTACT_RES,CLOSED,CLOSED,0,FP
2026-06-25T15:21:45.441+00:00,137.0,1371,4.0102,3.9980,4.0077,27.25,2.25,-2.864,0.0123,96.19,93.44,97.22,0x2200,CELL_BALANCE|CONTACT_RES,CLOSED,CLOSED,0,FP
2026-06-25T15:21:45.574+00:00,138.0,1381,4.0124,4.0222,4.0032,27.27,2.27,-2.924,0.0208,96.17,93.60,97.62,0x2000,CONTACT_RES,CLOSED,CLOSED,0,FP
2026-06-25T15:21:45.692+00:00,139.0,1391,3.7114,4.0060,4.0119,27.30,2.30,-2.893,0.0204,96.14,92.94,96.35,0x0000,NONE,CLOSED,CLOSED,0,TN
2026-06-25T15:21:45.815+00:00,140.0,1401,3.7066,4.0161,4.0137,27.33,2.33,-2.884,0.0064,96.11,92.36,95.24,0x228D,VOLT_IMBAL|SENSOR_LOSS|VOLT_GRADIENT|EIS_FAULT|CELL_BALANCE|CONTACT_RES,CLOSED,CLOSED,0,FP
2026-06-25T15:21:45.947+00:00,141.0,1411,3.7134,4.0100,4.0057,27.28,2.28,-2.886,0.0186,96.08,92.30,95.17,0x220D,VOLT_IMBAL|SENSOR_LOSS|VOLT_GRADIENT|CELL_BALANCE|CONTACT_RES,CLOSED,CLOSED,0,FP
2026-06-25T15:21:46.067+00:00,142.0,1421,3.7107,4.0090,4.0230,27.20,2.20,-2.907,0.0240,96.06,92.30,95.24,0x2209,VOLT_IMBAL|VOLT_GRADIENT|CELL_BALANCE|CONTACT_RES,CLOSED,CLOSED,0,FP
2026-06-25T15:21:46.189+00:00,143.0,1431,3.7097,4.0075,4.0395,27.39,2.39,-2.894,0.0209,96.03,92.24,95.18,0x2209,VOLT_IMBAL|VOLT_GRADIENT|CELL_BALANCE|CONTACT_RES,CLOSED,CLOSED,0,FP
2026-06-25T15:21:46.316+00:00,144.0,1441,3.7105,4.0051,4.0077,27.19,2.19,-2.887,0.0220,96.00,92.17,95.09,0x220D,VOLT_IMBAL|SENSOR_LOSS|VOLT_GRADIENT|CELL_BALANCE|CONTACT_RES,CLOSED,CLOSED,0,FP
2026-06-25T15:21:46.441+00:00,145.0,1451,3.7091,4.0065,4.0043,27.28,2.28,-2.895,0.0251,95.97,92.15,95.11,0x220D,VOLT_IMBAL|SENSOR_LOSS|VOLT_GRADIENT|CELL_BALANCE|CONTACT_RES,CLOSED,CLOSED,0,FP
2026-06-25T15:21:46.568+00:00,146.0,1461,3.7074,4.0152,3.9988,27.25,2.25,-2.895,0.0133,95.94,92.13,95.14,0x2209,VOLT_IMBAL|VOLT_GRADIENT|CELL_BALANCE|CONTACT_RES,CLOSED,CLOSED,0,FP
2026-06-25T15:21:46.692+00:00,147.0,1471,3.7111,4.0120,3.9905,27.22,2.22,-2.916,0.0265,95.92,92.05,95.02,0x220D,VOLT_IMBAL|SENSOR_LOSS|VOLT_GRADIENT|CELL_BALANCE|CONTACT_RES,CLOSED,CLOSED,0,FP
2026-06-25T15:21:46.816+00:00,148.0,1481,3.7094,4.0130,4.0037,27.26,2.26,-2.885,0.0200,95.89,92.03,95.04,0x220D,VOLT_IMBAL|SENSOR_LOSS|VOLT_GRADIENT|CELL_BALANCE|CONTACT_RES,CLOSED,CLOSED,0,FP
2026-06-25T15:21:46.942+00:00,149.0,1491,3.7053,4.0003,4.0004,27.21,2.21,-2.926,0.0204,95.86,91.98,94.99,0x2209,VOLT_IMBAL|VOLT_GRADIENT|CELL_BALANCE|CONTACT_RES,CLOSED,CLOSED,0,FP
2026-06-25T15:21:47.067+00:00,150.0,1501,3.7089,4.0044,4.0344,27.33,2.33,-2.926,0.0142,95.83,91.99,95.10,0x2209,VOLT_IMBAL|VOLT_GRADIENT|CELL_BALANCE|CONTACT_RES,CLOSED,CLOSED,0,FP
2026-06-25T15:21:47.192+00:00,151.0,1511,3.7029,4.0034,4.0141,27.34,2.34,-2.921,0.0156,95.81,91.94,95.05,0x2209,VOLT_IMBAL|VOLT_GRADIENT|CELL_BALANCE|CONTACT_RES,CLOSED,CLOSED,0,FP
2026-06-25T15:21:47.315+00:00,152.0,1521,3.7096,3.9995,4.0201,27.35,2.35,-2.878,0.0185,95.78,91.90,95.03,0x220D,VOLT_IMBAL|SENSOR_LOSS|VOLT_GRADIENT|CELL_BALANCE|CONTACT_RES,CLOSED,CLOSED,0,FP
2026-06-25T15:21:47.439+00:00,153.0,1531,3.7061,4.0105,4.0120,27.37,2.37,-2.914,0.0201,95.75,91.86,94.99,0x220D,VOLT_IMBAL|SENSOR_LOSS|VOLT_GRADIENT|CELL_BALANCE|CONTACT_RES,CLOSED,CLOSED,0,FP
2026-06-25T15:21:47.586+00:00,154.0,1541,3.7053,4.0032,4.0107,27.37,2.37,-2.891,0.0185,95.72,91.80,94.92,0x220D,VOLT_IMBAL|SENSOR_LOSS|VOLT_GRADIENT|CELL_BALANCE|CONTACT_RES,CLOSED,CLOSED,0,FP
2026-06-25T15:21:47.691+00:00,155.0,1551,3.7047,3.9922,3.9774,27.35,2.35,-2.891,0.0149,95.69,91.76,94.91,0x220D,VOLT_IMBAL|SENSOR_LOSS|VOLT_GRADIENT|CELL_BALANCE|CONTACT_RES,CLOSED,CLOSED,0,FP
2026-06-25T15:21:47.814+00:00,156.0,1561,3.7046,4.0015,3.9981,27.38,2.38,-2.914,0.0182,95.67,91.72,94.90,0x220D,VOLT_IMBAL|SENSOR_LOSS|VOLT_GRADIENT|CELL_BALANCE|CONTACT_RES,CLOSED,CLOSED,0,FP
2026-06-25T15:21:47.942+00:00,157.0,1571,3.7068,4.0070,3.9972,27.41,2.41,-2.889,0.0212,95.64,91.70,94.91,0x2209,VOLT_IMBAL|VOLT_GRADIENT|CELL_BALANCE|CONTACT_RES,CLOSED,CLOSED,0,FP
2026-06-25T15:21:48.066+00:00,158.0,1581,3.7047,4.0142,3.9981,27.37,2.37,-2.899,0.0247,95.61,91.67,94.91,0x2209,VOLT_IMBAL|VOLT_GRADIENT|CELL_BALANCE|CONTACT_RES,CLOSED,CLOSED,0,FP
2026-06-25T15:21:48.191+00:00,159.0,1591,3.7006,3.9895,4.0033,27.29,2.29,-2.918,0.0198,95.58,91.59,94.81,0x220D,VOLT_IMBAL|SENSOR_LOSS|VOLT_GRADIENT|CELL_BALANCE|CONTACT_RES,CLOSED,CLOSED,0,FP
2026-06-25T15:21:48.316+00:00,160.0,1601,3.7029,4.0025,4.0101,27.40,2.40,-2.880,0.0171,95.56,91.59,94.87,0x2209,VOLT_IMBAL|VOLT_GRADIENT|CELL_BALANCE|CONTACT_RES,CLOSED,CLOSED,0,FP
2026-06-25T15:21:48.441+00:00,161.0,1611,3.7023,4.0046,3.9948,27.38,2.38,-2.902,0.0209,95.53,91.55,94.85,0x220D,VOLT_IMBAL|SENSOR_LOSS|VOLT_GRADIENT|CELL_BALANCE|CONTACT_RES,CLOSED,CLOSED,0,FP
2026-06-25T15:21:48.577+00:00,162.0,1621,3.7032,4.0078,4.0301,27.52,2.52,-2.887,0.0180,95.50,91.56,94.92,0x220D,VOLT_IMBAL|SENSOR_LOSS|VOLT_GRADIENT|CELL_BALANCE|CONTACT_RES,CLOSED,CLOSED,0,FP
2026-06-25T15:21:48.692+00:00,163.0,1631,4.0040,3.9942,3.9708,27.50,2.50,-2.891,0.0158,95.47,91.84,95.63,0x220D,VOLT_IMBAL|SENSOR_LOSS|VOLT_GRADIENT|CELL_BALANCE|CONTACT_RES,CLOSED,CLOSED,0,FP
2026-06-25T15:21:48.816+00:00,164.0,1641,4.0023,3.9905,4.0180,27.41,2.41,-2.912,0.0029,95.44,92.09,96.25,0x2000,CONTACT_RES,CLOSED,CLOSED,0,FP
2026-06-25T15:21:48.944+00:00,165.0,1651,4.0036,3.9996,4.0381,27.40,2.40,-2.908,0.0209,95.42,92.14,96.43,0x2000,CONTACT_RES,CLOSED,CLOSED,0,FP
2026-06-25T15:21:49.066+00:00,166.0,1661,4.0055,4.0247,4.0119,27.31,2.31,-2.918,0.0236,95.39,92.11,96.43,0x0000,NONE,CLOSED,CLOSED,0,TN
2026-06-25T15:21:49.191+00:00,167.0,1671,4.0006,3.9998,3.9774,31.42,2.42,-2.912,0.0198,95.36,92.05,96.38,0x0000,NONE,CLOSED,CLOSED,0,TN
2026-06-25T15:21:49.316+00:00,168.0,1681,4.0022,3.9902,3.9952,31.43,2.43,-2.922,0.0253,95.33,92.05,96.43,0x0010,TEMP_GRADIENT,CLOSED,CLOSED,0,FP
2026-06-25T15:21:49.440+00:00,169.0,1691,4.0024,3.9981,3.9753,27.46,2.46,-2.899,0.0186,95.31,92.02,96.44,0x0000,NONE,CLOSED,CLOSED,0,TN
2026-06-25T15:21:49.576+00:00,170.0,1701,4.0014,3.9924,3.9968,27.48,2.48,-2.880,0.0173,95.28,92.04,96.53,0x0000,NONE,CLOSED,CLOSED,0,TN
2026-06-25T15:21:49.691+00:00,171.0,1711,4.0034,3.9987,4.0031,27.38,2.38,-2.905,0.0194,95.25,92.05,96.63,0x0000,NONE,CLOSED,CLOSED,0,TN
2026-06-25T15:21:49.816+00:00,172.0,1721,4.0012,4.0096,3.9929,27.40,2.40,-2.878,0.0228,95.22,92.04,96.66,0x0000,NONE,CLOSED,CLOSED,0,TN
2026-06-25T15:21:49.941+00:00,173.0,1731,3.9987,3.9980,3.9999,27.43,2.43,-2.928,0.0200,95.19,92.03,96.70,0x0000,NONE,CLOSED,CLOSED,0,TN
2026-06-25T15:21:50.066+00:00,174.0,1741,3.9988,3.9957,3.9943,31.46,2.46,-2.889,0.0110,95.17,92.01,96.73,0x0000,NONE,CLOSED,CLOSED,0,TN
2026-06-25T15:21:50.192+00:00,175.0,1751,3.9907,3.9845,4.0013,31.46,2.46,-2.905,0.0232,95.14,91.99,96.74,0x0010,TEMP_GRADIENT,CLOSED,CLOSED,0,FP
2026-06-25T15:21:50.316+00:00,176.0,1761,4.0034,3.9940,4.0194,27.46,2.46,-2.890,0.0129,95.11,92.03,96.91,0x0010,TEMP_GRADIENT,CLOSED,CLOSED,0,FP
2026-06-25T15:21:50.441+00:00,177.0,1771,3.9983,3.9947,4.0089,27.43,2.43,-2.916,0.0107,95.08,92.01,96.92,0x0000,NONE,CLOSED,CLOSED,0,TN
2026-06-25T15:21:50.617+00:00,178.0,1781,3.9936,4.0001,4.0149,27.42,2.42,-2.916,0.0152,95.06,91.97,96.89,0x0000,NONE,CLOSED,CLOSED,0,TN
2026-06-25T15:21:50.691+00:00,179.0,1791,3.9919,3.9787,3.9926,27.43,2.43,-2.920,0.0133,95.03,91.95,96.91,0x0000,NONE,CLOSED,CLOSED,0,TN
2026-06-25T15:21:50.815+00:00,180.0,1801,4.0029,4.0026,3.9935,27.53,2.53,-2.908,0.0187,95.00,91.94,96.96,0x0000,NONE,CLOSED,CLOSED,0,TN
2026-06-25T15:21:50.941+00:00,181.0,1811,3.9955,3.9799,4.0062,27.59,2.59,-2.902,0.0215,94.97,91.94,97.03,0x0000,NONE,CLOSED,CLOSED,0,TN
2026-06-25T15:21:51.064+00:00,182.0,1821,3.9962,3.9794,4.0026,31.50,2.50,-2.886,0.0097,94.94,91.91,97.03,0x0000,NONE,CLOSED,CLOSED,0,TN
2026-06-25T15:21:51.192+00:00,183.0,1831,3.9984,4.0044,3.9834,31.43,2.43,-2.865,0.0216,94.92,91.92,97.11,0x0010,TEMP_GRADIENT,CLOSED,CLOSED,0,FP
2026-06-25T15:21:51.317+00:00,184.0,1841,3.9956,3.9909,3.9728,27.49,2.49,-2.879,0.0197,94.89,91.87,97.07,0x0000,NONE,CLOSED,CLOSED,0,TN
2026-06-25T15:21:51.439+00:00,185.0,1851,3.9937,3.9886,4.0059,27.57,2.57,-2.886,0.0176,94.86,91.90,97.21,0x0000,NONE,CLOSED,CLOSED,0,TN
2026-06-25T15:21:51.574+00:00,186.0,1861,3.9950,4.0002,4.0041,27.60,2.60,-2.917,0.0209,94.83,91.92,97.30,0x0000,NONE,CLOSED,CLOSED,0,TN
2026-06-25T15:21:51.697+00:00,187.0,1871,3.9917,3.9987,3.9709,31.56,2.56,-2.906,0.0196,94.81,91.86,97.24,0x0000,NONE,CLOSED,CLOSED,0,TN
2026-06-25T15:21:51.817+00:00,188.0,1881,3.9976,4.0034,3.9916,31.66,2.66,-2.877,0.0146,94.78,91.85,97.29,0x0010,TEMP_GRADIENT,CLOSED,CLOSED,0,FP
2026-06-25T15:21:51.942+00:00,189.0,1891,3.9961,4.0043,4.0036,27.54,2.54,-2.933,0.0206,94.75,91.88,97.41,0x0000,NONE,CLOSED,CLOSED,0,TN
2026-06-25T15:21:52.064+00:00,190.0,1901,3.9962,3.9918,3.9796,27.53,2.53,-2.909,0.0249,94.72,91.83,97.38,0x0000,NONE,CLOSED,CLOSED,0,TN
2026-06-25T15:21:52.192+00:00,191.0,1911,3.9990,3.9928,3.9979,27.51,2.51,-2.927,0.0231,94.69,91.84,97.47,0x0000,NONE,CLOSED,CLOSED,0,TN
2026-06-25T15:21:52.316+00:00,192.0,1921,3.9876,3.9788,4.0135,27.55,2.55,-2.919,0.0189,94.67,91.80,97.42,0x0000,NONE,CLOSED,CLOSED,0,TN
2026-06-25T15:21:52.441+00:00,193.0,1931,3.9895,3.9758,4.0126,27.50,2.50,-2.884,0.0193,94.64,91.83,97.57,0x0000,NONE,CLOSED,CLOSED,0,TN
2026-06-25T15:21:52.578+00:00,194.0,1941,3.9938,3.9836,3.9951,27.51,2.51,-2.916,0.0237,94.61,91.81,97.58,0x0000,NONE,CLOSED,CLOSED,0,TN
2026-06-25T15:21:52.691+00:00,195.0,1951,3.9872,3.9877,4.0072,27.56,2.56,-2.917,0.0125,94.58,91.81,97.64,0x0000,NONE,CLOSED,CLOSED,0,TN
2026-06-25T15:21:52.816+00:00,196.0,1961,3.9921,3.9934,3.9810,27.58,2.58,-2.902,0.0138,94.56,91.79,97.67,0x0000,NONE,CLOSED,CLOSED,0,TN
2026-06-25T15:21:52.942+00:00,197.0,1971,3.9937,3.9918,3.9908,27.62,2.62,-2.908,0.0221,94.53,91.79,97.73,0x0000,NONE,CLOSED,CLOSED,0,TN
2026-06-25T15:21:53.066+00:00,198.0,1981,3.9887,3.9901,3.9845,31.56,2.56,-2.902,0.0140,94.50,91.77,97.75,0x0000,NONE,CLOSED,CLOSED,0,TN
2026-06-25T15:21:53.192+00:00,199.0,1991,3.9937,3.9969,3.9812,31.63,2.63,-2.889,0.0238,94.47,91.77,97.82,0x0010,TEMP_GRADIENT,CLOSED,CLOSED,0,FP
2026-06-25T15:21:53.317+00:00,200.0,2001,3.9890,3.9854,3.9867,27.54,2.54,-2.884,0.0187,94.44,91.75,97.85,0x0000,NONE,CLOSED,CLOSED,0,TN
2026-06-25T15:21:53.441+00:00,201.0,2011,3.9859,3.9758,3.9795,27.66,2.66,-2.908,0.0179,94.42,91.74,97.88,0x0000,NONE,CLOSED,CLOSED,0,TN
2026-06-25T15:21:53.581+00:00,202.0,2021,3.9906,3.9907,3.9865,27.67,2.67,-2.895,0.0122,94.39,91.74,97.94,0x0000,NONE,CLOSED,CLOSED,0,TN
2026-06-25T15:21:53.691+00:00,203.0,2031,3.9925,4.0030,3.9917,27.62,2.62,-2.892,0.0208,94.36,91.73,98.00,0x0000,NONE,CLOSED,CLOSED,0,TN
2026-06-25T15:21:53.816+00:00,204.0,2041,3.9877,3.9951,3.9965,27.56,2.56,-2.908,0.0175,94.33,91.72,98.03,0x0000,NONE,CLOSED,CLOSED,0,TN
2026-06-25T15:21:53.942+00:00,205.0,2051,3.9920,3.9981,3.9780,31.64,2.64,-2.880,0.0189,94.31,91.71,98.08,0x0000,NONE,CLOSED,CLOSED,0,TN
2026-06-25T15:21:54.066+00:00,206.0,2061,3.9917,3.9802,4.0056,31.68,2.68,-2.907,0.0120,94.28,91.71,98.15,0x0010,TEMP_GRADIENT,CLOSED,CLOSED,0,FP
2026-06-25T15:21:54.192+00:00,207.0,2071,3.9918,3.9890,3.9745,27.67,2.67,-2.888,0.0183,94.25,91.68,98.13,0x0010,TEMP_GRADIENT,CLOSED,CLOSED,0,FP
2026-06-25T15:21:54.316+00:00,208.0,2081,3.9886,3.9918,3.9791,27.58,2.58,-2.870,0.0167,94.22,91.68,98.20,0x0000,NONE,CLOSED,CLOSED,0,TN
2026-06-25T15:21:54.441+00:00,209.0,2091,3.9892,3.9908,3.9812,27.48,2.48,-2.903,0.0181,94.19,91.65,98.19,0x0000,NONE,CLOSED,CLOSED,0,TN
2026-06-25T15:21:54.579+00:00,210.0,2101,3.9891,3.9911,3.9807,27.68,2.68,-2.913,0.0172,94.17,91.65,98.28,0x0000,NONE,CLOSED,CLOSED,0,TN
2026-06-25T15:21:54.691+00:00,211.0,2111,3.9860,3.9891,3.9735,27.71,2.71,-2.896,0.0142,94.14,91.63,98.29,0x0000,NONE,CLOSED,CLOSED,0,TN
2026-06-25T15:21:54.814+00:00,212.0,2121,3.9946,3.9990,4.0340,27.71,2.71,-2.921,0.0201,94.11,91.68,98.46,0x0000,NONE,CLOSED,CLOSED,0,TN
2026-06-25T15:21:54.941+00:00,213.0,2131,3.9883,3.9891,3.9745,27.65,2.65,-2.904,0.0235,94.08,91.65,98.48,0x0000,NONE,CLOSED,CLOSED,0,TN
2026-06-25T15:21:55.066+00:00,214.0,2141,3.9872,3.9865,3.9984,31.67,2.67,-2.894,0.0171,94.06,91.64,98.50,0x0000,NONE,CLOSED,CLOSED,0,TN
2026-06-25T15:21:55.192+00:00,215.0,2151,3.9859,3.9854,3.9988,31.62,2.62,-2.884,0.0206,94.03,91.61,98.50,0x0010,TEMP_GRADIENT,CLOSED,CLOSED,0,FP
2026-06-25T15:21:55.316+00:00,216.0,2161,3.9828,3.9786,3.9889,27.61,2.61,-2.889,0.0182,94.00,91.62,98.59,0x0010,TEMP_GRADIENT,CLOSED,CLOSED,0,FP
2026-06-25T15:21:55.440+00:00,217.0,2171,3.9888,3.9820,3.9957,27.61,2.61,-2.878,0.0237,93.97,91.58,98.56,0x0000,NONE,CLOSED,CLOSED,0,TN
2026-06-25T15:21:55.578+00:00,218.0,2181,3.9849,4.0018,3.9578,27.69,2.69,-2.904,0.0198,93.94,91.60,98.67,0x0000,NONE,CLOSED,CLOSED,0,TN
2026-06-25T15:21:55.691+00:00,219.0,2191,3.9804,3.9862,3.9675,27.65,2.65,-2.903,0.0171,93.92,91.57,98.67,0x0000,NONE,CLOSED,CLOSED,0,TN
2026-06-25T15:21:55.816+00:00,220.0,2201,3.9903,3.9860,3.9932,27.77,2.77,-2.892,0.0212,93.89,91.58,98.76,0x0000,NONE,CLOSED,CLOSED,0,TN
2026-06-25T15:21:55.941+00:00,221.0,2211,3.9808,3.9871,3.9900,27.59,2.59,-2.893,0.0136,93.86,91.57,98.80,0x0000,NONE,CLOSED,CLOSED,0,TN
2026-06-25T15:21:56.066+00:00,222.0,2221,3.9832,3.9839,3.9706,31.71,2.71,-2.901,0.0194,93.83,91.50,98.71,0x0000,NONE,CLOSED,CLOSED,0,TN
2026-06-25T15:21:56.192+00:00,223.0,2231,3.9819,3.9858,3.9651,31.68,2.68,-2.916,0.0154,93.81,91.53,98.84,0x0010,TEMP_GRADIENT,CLOSED,CLOSED,0,FP
2026-06-25T15:21:56.317+00:00,224.0,2241,3.9840,3.9938,3.9796,27.78,2.78,-2.904,0.0177,93.78,91.52,98.88,0x0000,NONE,CLOSED,CLOSED,0,TN
2026-06-25T15:21:56.440+00:00,225.0,2251,3.9830,3.9747,3.9878,27.66,2.66,-2.882,0.0160,93.75,91.52,98.95,0x0000,NONE,CLOSED,CLOSED,0,TN
2026-06-25T15:21:56.579+00:00,226.0,2261,3.9844,3.9654,3.9916,27.72,2.72,-2.900,0.0233,93.72,91.50,98.97,0x0000,NONE,CLOSED,CLOSED,0,TN
2026-06-25T15:21:56.691+00:00,227.0,2271,3.9838,3.9871,3.9887,27.60,2.60,-2.901,0.0194,93.69,91.51,99.06,0x0000,NONE,CLOSED,CLOSED,0,TN
2026-06-25T15:21:56.815+00:00,228.0,2281,3.9773,3.9871,3.9920,27.70,2.70,-2.922,0.0184,93.67,91.48,99.06,0x0000,NONE,CLOSED,CLOSED,0,TN
2026-06-25T15:21:56.939+00:00,229.0,2291,3.9874,3.9909,3.9879,4.00,-15.00,-2.898,0.0146,93.64,91.50,99.16,0x0201,VOLT_IMBAL|CELL_BALANCE,CLOSED,CLOSED,0,TN
2026-06-25T15:21:57.066+00:00,230.0,2301,3.9850,3.9811,3.9956,4.00,-15.00,-2.910,0.0192,93.61,91.49,99.22,0x0020,TEMP_LOW,CLOSED,CLOSED,0,FP
2026-06-25T15:21:57.190+00:00,231.0,2311,3.9806,3.9872,3.9754,4.00,-15.00,-2.922,0.0227,93.58,91.46,99.22,0x0020,TEMP_LOW,CLOSED,CLOSED,0,FP
2026-06-25T15:21:57.316+00:00,232.0,2321,3.9826,3.9859,3.9861,4.00,-15.00,-2.909,0.0184,93.56,91.44,99.22,0x0020,TEMP_LOW,CLOSED,CLOSED,0,FP
2026-06-25T15:21:57.442+00:00,233.0,2331,3.9800,3.9729,3.9659,4.00,-15.00,-2.917,0.0134,93.53,91.43,99.26,0x0020,TEMP_LOW,CLOSED,CLOSED,0,FP
2026-06-25T15:21:57.576+00:00,234.0,2341,3.9827,3.9945,3.9968,4.00,-15.00,-2.929,0.0157,93.50,91.48,99.46,0x0020,TEMP_LOW,CLOSED,CLOSED,0,FP
2026-06-25T15:21:57.691+00:00,235.0,2351,3.9835,3.9887,3.9815,4.00,-15.00,-2.907,0.0149,93.47,91.43,99.41,0x0020,TEMP_LOW,CLOSED,CLOSED,0,FP
2026-06-25T15:21:57.816+00:00,236.0,2361,3.9769,3.9894,3.9841,4.00,-15.00,-2.921,0.0193,93.44,91.45,99.50,0x0020,TEMP_LOW,CLOSED,CLOSED,0,FP
2026-06-25T15:21:57.941+00:00,237.0,2371,3.9793,3.9705,3.9848,4.00,-15.00,-2.880,0.0155,93.42,91.41,99.49,0x0020,TEMP_LOW,CLOSED,CLOSED,0,FP
2026-06-25T15:21:58.066+00:00,238.0,2381,3.9765,3.9744,3.9822,4.00,-15.00,-2.919,0.0208,93.39,91.36,99.45,0x0020,TEMP_LOW,CLOSED,CLOSED,0,FP
2026-06-25T15:21:58.191+00:00,239.0,2391,3.9736,3.9580,3.9924,4.00,-15.00,-2.922,0.0253,93.36,91.36,99.51,0x0020,TEMP_LOW,CLOSED,CLOSED,0,FP
2026-06-25T15:21:58.316+00:00,240.0,2401,3.9766,3.9731,3.9892,4.00,-15.00,-2.902,0.0154,93.33,91.36,99.57,0x0020,TEMP_LOW,CLOSED,CLOSED,0,FP
2026-06-25T15:21:58.441+00:00,241.0,2411,3.9810,3.9738,3.9985,4.00,-15.00,-2.895,0.0119,93.31,91.35,99.61,0x0020,TEMP_LOW,CLOSED,CLOSED,0,FP
2026-06-25T15:21:58.580+00:00,242.0,2421,3.9814,3.9665,3.9865,4.00,-15.00,-2.894,0.0154,93.28,91.32,99.61,0x0020,TEMP_LOW,CLOSED,CLOSED,0,FP
2026-06-25T15:21:58.690+00:00,243.0,2431,3.9796,3.9675,3.9678,4.00,-15.00,-2.921,0.0091,93.25,91.33,99.69,0x0020,TEMP_LOW,CLOSED,CLOSED,0,FP
2026-06-25T15:21:58.817+00:00,244.0,2441,3.9829,3.9834,3.9700,4.00,-15.00,-2.882,0.0222,93.22,91.31,99.71,0x0020,TEMP_LOW,CLOSED,CLOSED,0,FP
2026-06-25T15:21:58.942+00:00,245.0,2451,3.9746,3.9703,3.9747,4.00,-15.00,-2.882,0.0191,93.19,91.30,99.77,0x0020,TEMP_LOW,CLOSED,CLOSED,0,FP
2026-06-25T15:21:59.066+00:00,246.0,2461,3.9772,3.9672,3.9802,4.00,-15.00,-2.882,0.0246,93.17,91.28,99.78,0x0020,TEMP_LOW,CLOSED,CLOSED,0,FP
2026-06-25T15:21:59.192+00:00,247.0,2471,3.9799,3.9763,3.9789,4.00,-15.00,-2.889,0.0223,93.14,91.31,99.91,0x0020,TEMP_LOW,CLOSED,CLOSED,0,FP
2026-06-25T15:21:59.317+00:00,248.0,2481,3.9746,3.9890,3.9785,4.00,-15.00,-2.879,0.0122,93.11,91.29,99.93,0x0020,TEMP_LOW,CLOSED,CLOSED,0,FP
2026-06-25T15:21:59.440+00:00,249.0,2491,3.9761,3.9826,3.9734,4.00,-15.00,-2.875,0.0170,93.08,91.27,99.95,0x0020,TEMP_LOW,CLOSED,CLOSED,0,FP
2026-06-25T15:21:59.565+00:00,250.0,2501,3.9775,3.9819,4.0058,4.00,-15.00,-2.902,0.0090,93.06,91.29,100.06,0x0020,TEMP_LOW,CLOSED,CLOSED,0,FP
2026-06-25T15:21:59.691+00:00,251.0,2511,3.9770,3.9722,3.9684,4.00,-15.00,-2.897,0.0181,93.03,91.23,99.99,0x0020,TEMP_LOW,CLOSED,CLOSED,0,FP
2026-06-25T15:21:59.816+00:00,252.0,2521,3.9757,3.9740,3.9761,4.00,-15.00,-2.919,0.0166,93.00,91.22,100.04,0x0020,TEMP_LOW,CLOSED,CLOSED,0,FP
2026-06-25T15:21:59.942+00:00,253.0,2531,3.9763,3.9855,3.9854,4.00,-15.00,-2.875,0.0153,92.97,91.26,100.18,0x0020,TEMP_LOW,CLOSED,CLOSED,0,FP
2026-06-25T15:22:00.065+00:00,254.0,2541,3.9725,3.9763,3.9627,4.00,-15.00,-2.906,0.0154,92.94,91.19,100.10,0x0020,TEMP_LOW,CLOSED,CLOSED,0,FP
2026-06-25T15:22:00.191+00:00,255.0,2551,3.9696,3.9562,3.9752,4.00,-15.00,-2.914,0.0144,92.92,91.19,100.17,0x0020,TEMP_LOW,CLOSED,CLOSED,0,FP
2026-06-25T15:22:00.316+00:00,256.0,2561,3.9710,3.9738,3.9522,4.00,-15.00,-2.934,0.0167,92.89,91.20,100.24,0x0020,TEMP_LOW,CLOSED,CLOSED,0,FP
2026-06-25T15:22:00.439+00:00,257.0,2571,3.9738,3.9919,3.9642,4.00,-15.00,-2.896,0.0228,92.86,91.18,100.27,0x0020,TEMP_LOW,CLOSED,CLOSED,0,FP
2026-06-25T15:22:00.589+00:00,258.0,2581,3.9745,3.9667,3.9938,4.00,-15.00,-2.899,0.0212,92.83,91.21,100.41,0x0020,TEMP_LOW,CLOSED,CLOSED,0,FP
2026-06-25T15:22:00.690+00:00,259.0,2591,3.9769,3.9702,3.9861,4.00,-15.00,-2.900,0.0154,92.81,91.21,100.46,0x0220,TEMP_LOW|CELL_BALANCE,CLOSED,CLOSED,0,FP
2026-06-25T15:22:00.817+00:00,260.0,2601,3.9672,3.9629,3.9423,4.00,-15.00,-2.893,0.0209,92.78,91.13,100.34,0x0020,TEMP_LOW,CLOSED,CLOSED,0,FP
2026-06-25T15:22:00.941+00:00,261.0,2611,3.9745,3.9612,3.9581,4.00,-15.00,-2.884,0.0182,92.75,91.11,100.37,0x0020,TEMP_LOW,CLOSED,CLOSED,0,FP
2026-06-25T15:22:01.067+00:00,262.0,2621,3.9744,3.9689,3.9468,4.00,-15.00,-2.881,0.0193,92.72,91.13,100.47,0x0020,TEMP_LOW,CLOSED,CLOSED,0,FP
2026-06-25T15:22:01.192+00:00,263.0,2631,3.9728,3.9736,3.9696,4.00,-15.00,-2.897,0.0137,92.69,91.14,100.55,0x0020,TEMP_LOW,CLOSED,CLOSED,0,FP
2026-06-25T15:22:01.316+00:00,264.0,2641,3.9771,3.9818,3.9767,4.00,-15.00,-2.912,0.0167,92.67,91.15,100.66,0x0020,TEMP_LOW,CLOSED,CLOSED,0,FP
2026-06-25T15:22:01.441+00:00,265.0,2651,3.9686,3.9602,3.9627,4.00,-15.00,-2.895,0.0170,92.64,91.07,100.53,0x0020,TEMP_LOW,CLOSED,CLOSED,0,FP
2026-06-25T15:22:01.574+00:00,266.0,2661,3.9675,3.9595,3.9588,4.00,-15.00,-2.886,0.0216,92.61,91.08,100.63,0x0020,TEMP_LOW,CLOSED,CLOSED,0,FP
2026-06-25T15:22:01.690+00:00,267.0,2671,3.9687,3.9742,3.9575,4.00,-15.00,-2.887,0.0193,92.58,91.05,100.62,0x0020,TEMP_LOW,CLOSED,CLOSED,0,FP
2026-06-25T15:22:01.817+00:00,268.0,2681,3.9725,3.9823,3.9617,4.00,-15.00,-2.914,0.0145,92.56,91.06,100.71,0x0020,TEMP_LOW,CLOSED,CLOSED,0,FP
2026-06-25T15:22:01.941+00:00,269.0,2691,3.9671,3.9570,3.9612,4.00,-15.00,-2.870,0.0140,92.53,91.03,100.70,0x0020,TEMP_LOW,CLOSED,CLOSED,0,FP
2026-06-25T15:22:02.066+00:00,270.0,2701,3.9710,3.9779,3.9825,4.00,-15.00,-2.879,0.0160,92.50,91.07,100.85,0x0020,TEMP_LOW,CLOSED,CLOSED,0,FP
2026-06-25T15:22:02.191+00:00,271.0,2711,3.9671,3.9667,3.9813,4.00,-15.00,-2.905,0.0183,92.47,91.05,100.88,0x0020,TEMP_LOW,CLOSED,CLOSED,0,FP
2026-06-25T15:22:02.317+00:00,272.0,2721,3.9752,3.9766,3.9761,4.00,-15.00,-2.909,0.0258,92.44,91.01,100.85,0x0020,TEMP_LOW,CLOSED,CLOSED,0,FP
2026-06-25T15:22:02.441+00:00,273.0,2731,3.9727,3.9634,3.9741,4.00,-15.00,-2.895,0.0143,92.42,90.98,100.85,0x0020,TEMP_LOW,CLOSED,CLOSED,0,FP
2026-06-25T15:22:02.575+00:00,274.0,2741,3.9700,3.9632,3.9888,4.00,-15.00,-2.909,0.0202,92.39,91.04,101.06,0x0020,TEMP_LOW,CLOSED,CLOSED,0,FP
2026-06-25T15:22:02.692+00:00,275.0,2751,3.9737,3.9768,3.9815,4.00,-15.00,-2.892,0.0150,92.36,91.02,101.06,0x0020,TEMP_LOW,CLOSED,CLOSED,0,FP
2026-06-25T15:22:02.817+00:00,276.0,2761,3.9700,3.9645,3.9832,4.00,-15.00,-2.877,0.0136,92.33,91.00,101.09,0x0020,TEMP_LOW,CLOSED,CLOSED,0,FP
2026-06-25T15:22:02.942+00:00,277.0,2771,3.9672,3.9749,3.9702,4.00,-15.00,-2.899,0.0141,92.31,90.98,101.10,0x0020,TEMP_LOW,CLOSED,CLOSED,0,FP
2026-06-25T15:22:03.064+00:00,278.0,2781,3.9702,3.9821,3.9693,4.00,-15.00,-2.916,0.0225,92.28,90.98,101.16,0x0020,TEMP_LOW,CLOSED,CLOSED,0,FP
2026-06-25T15:22:03.191+00:00,279.0,2791,3.9690,3.9808,3.9684,4.00,-15.00,-2.902,0.0245,92.25,90.95,101.17,0x0020,TEMP_LOW,CLOSED,CLOSED,0,FP
2026-06-25T15:22:03.316+00:00,280.0,2801,3.9675,3.9654,3.9640,4.00,-15.00,-2.913,0.0198,92.22,90.90,101.11,0x0020,TEMP_LOW,CLOSED,CLOSED,0,FP
2026-06-25T15:22:03.442+00:00,281.0,2811,3.9663,3.9613,3.9800,4.00,-15.00,-2.913,0.0158,92.19,90.92,101.22,0x0020,TEMP_LOW,CLOSED,CLOSED,0,FP
2026-06-25T15:22:03.583+00:00,282.0,2821,3.9655,3.9533,3.9674,27.99,2.99,-2.902,0.0216,92.17,90.88,101.19,0x0020,TEMP_LOW,CLOSED,CLOSED,0,FP
2026-06-25T15:22:03.691+00:00,283.0,2831,3.9610,3.9537,3.9694,27.96,2.96,-2.902,0.0146,92.14,90.91,101.32,0x0000,NONE,CLOSED,CLOSED,0,TN
2026-06-25T15:22:03.816+00:00,284.0,2841,3.9667,3.9654,3.9726,28.00,3.00,-2.899,0.0211,92.11,90.93,101.44,0x0000,NONE,CLOSED,CLOSED,0,TN
2026-06-25T15:22:03.942+00:00,285.0,2851,3.9639,3.9626,3.9726,27.98,2.98,-2.870,0.0183,92.08,90.87,101.35,0x0000,NONE,CLOSED,CLOSED,0,TN
2026-06-25T15:22:04.066+00:00,286.0,2861,3.9636,3.9520,3.9654,27.87,2.87,-2.899,0.0091,92.06,90.84,101.35,0x0000,NONE,CLOSED,CLOSED,0,TN
2026-06-25T15:22:04.191+00:00,287.0,2871,3.9630,3.9484,3.9719,27.95,2.95,-2.868,0.0247,92.03,90.86,101.48,0x0000,NONE,CLOSED,CLOSED,0,TN
2026-06-25T15:22:04.316+00:00,288.0,2881,3.9579,3.9603,3.9604,28.00,3.00,-2.897,0.0084,92.00,90.82,101.43,0x0000,NONE,CLOSED,CLOSED,0,TN
2026-06-25T15:22:04.442+00:00,289.0,2891,3.9648,3.9583,3.9395,28.05,3.05,-2.874,0.0197,91.97,90.80,101.45,0x0000,NONE,CLOSED,CLOSED,0,TN
2026-06-25T15:22:04.578+00:00,290.0,2901,3.9639,3.9595,3.9826,28.00,3.00,-2.909,0.0134,91.94,90.85,101.64,0x0000,NONE,CLOSED,CLOSED,0,TN
2026-06-25T15:22:04.692+00:00,291.0,2911,3.9622,3.9583,3.9668,28.02,3.02,-2.925,0.0192,91.92,90.82,101.64,0x0000,NONE,CLOSED,CLOSED,0,TN
2026-06-25T15:22:04.816+00:00,292.0,2921,3.9613,3.9556,3.9579,28.02,3.02,-2.909,0.0152,91.89,90.81,101.67,0x0000,NONE,CLOSED,CLOSED,0,TN
2026-06-25T15:22:04.940+00:00,293.0,2931,3.9658,3.9599,3.9753,28.00,3.00,-2.911,0.0142,91.86,90.80,101.71,0x0000,NONE,CLOSED,CLOSED,0,TN
2026-06-25T15:22:05.066+00:00,294.0,2941,3.9659,3.9789,3.9658,27.87,2.87,-2.914,0.0159,91.83,90.79,101.77,0x0000,NONE,CLOSED,CLOSED,0,TN
2026-06-25T15:22:05.191+00:00,295.0,2951,3.9663,3.9570,3.9530,32.03,3.03,-2.936,0.0171,91.81,90.73,101.69,0x0000,NONE,CLOSED,CLOSED,0,TN
2026-06-25T15:22:05.316+00:00,296.0,2961,3.9599,3.9498,3.9725,32.03,3.03,-2.901,0.0170,91.78,90.76,101.83,0x0010,TEMP_GRADIENT,CLOSED,CLOSED,0,FP
2026-06-25T15:22:05.441+00:00,297.0,2971,3.9563,3.9645,3.9503,28.01,3.01,-2.904,0.0241,91.75,90.74,101.84,0x0010,TEMP_GRADIENT,CLOSED,CLOSED,0,FP
2026-06-25T15:22:05.579+00:00,298.0,2981,3.9626,3.9619,3.9654,28.05,3.05,-2.892,0.0224,91.72,90.73,101.89,0x0000,NONE,CLOSED,CLOSED,0,TN
2026-06-25T15:22:05.691+00:00,299.0,2991,3.9661,3.9711,3.9403,27.99,2.99,-2.936,0.0131,91.69,90.73,101.94,0x0000,NONE,CLOSED,CLOSED,0,TN
2026-06-25T15:22:05.816+00:00,300.0,3001,3.9555,3.9654,3.9722,27.98,2.98,-2.898,0.0110,91.67,90.74,102.03,0x0000,NONE,CLOSED,CLOSED,0,TN
2026-06-25T15:22:05.942+00:00,301.0,3011,3.9606,3.9793,3.9629,28.06,3.06,-2.880,0.0080,91.64,90.70,101.99,0x0000,NONE,CLOSED,CLOSED,0,TN
2026-06-25T15:22:06.066+00:00,302.0,3021,3.9642,3.9545,3.9739,28.06,3.06,-2.912,0.0144,91.61,90.66,101.98,0x0000,NONE,CLOSED,CLOSED,0,TN
2026-06-25T15:22:06.192+00:00,303.0,3031,3.9529,3.9521,3.9371,28.01,3.01,-2.912,0.0192,91.58,90.63,101.97,0x0000,NONE,CLOSED,CLOSED,0,TN
2026-06-25T15:22:06.316+00:00,304.0,3041,3.9619,3.9719,3.9650,28.09,3.09,-2.909,0.0186,91.56,90.63,102.04,0x0000,NONE,CLOSED,CLOSED,0,TN
2026-06-25T15:22:06.441+00:00,305.0,3051,3.9557,3.9636,3.9572,28.02,3.02,-2.889,0.0137,91.53,90.65,102.13,0x0000,NONE,CLOSED,CLOSED,0,TN
2026-06-25T15:22:06.567+00:00,306.0,3061,3.9605,3.9698,3.9614,28.10,3.10,-2.898,0.0179,91.50,90.62,102.13,0x0000,NONE,CLOSED,CLOSED,0,TN
2026-06-25T15:22:06.691+00:00,307.0,3071,3.9554,3.9622,3.9417,28.01,3.01,-2.919,0.0176,91.47,90.61,102.18,0x0000,NONE,CLOSED,CLOSED,0,TN
2026-06-25T15:22:06.816+00:00,308.0,3081,3.9626,3.9589,3.9502,28.11,3.11,-2.923,0.0120,91.44,90.57,102.14,0x0000,NONE,CLOSED,CLOSED,0,TN
2026-06-25T15:22:06.942+00:00,309.0,3091,3.9532,3.9630,3.9586,28.08,3.08,-2.920,0.0124,91.42,90.57,102.21,0x0000,NONE,CLOSED,CLOSED,0,TN
2026-06-25T15:22:07.066+00:00,310.0,3101,3.9563,3.9482,3.9537,32.07,3.07,-2.868,0.0189,91.39,90.56,102.23,0x0000,NONE,CLOSED,CLOSED,0,TN
2026-06-25T15:22:07.192+00:00,311.0,3111,3.9546,3.9565,3.9432,32.08,3.08,-2.912,0.0160,91.36,90.52,102.19,0x0010,TEMP_GRADIENT,CLOSED,CLOSED,0,FP
2026-06-25T15:22:07.316+00:00,312.0,3121,3.9564,3.9590,3.9232,28.08,3.08,-2.885,0.0208,91.33,90.51,102.24,0x0000,NONE,CLOSED,CLOSED,0,TN
2026-06-25T15:22:07.441+00:00,313.0,3131,3.9573,3.9626,3.9526,28.08,3.08,-2.898,0.0216,91.31,90.51,102.31,0x0000,NONE,CLOSED,CLOSED,0,TN
2026-06-25T15:22:07.572+00:00,314.0,3141,3.9598,3.9583,3.9610,28.22,3.22,-2.908,0.0141,91.28,90.53,102.39,0x0000,NONE,CLOSED,CLOSED,0,TN
2026-06-25T15:22:07.692+00:00,315.0,3151,3.9595,3.9617,3.9679,28.17,3.17,-2.938,0.0094,91.25,90.54,102.48,0x0000,NONE,CLOSED,CLOSED,0,TN
2026-06-25T15:22:07.816+00:00,316.0,3161,3.9549,3.9545,3.9603,28.13,3.13,-2.885,0.0185,91.22,90.47,102.37,0x0000,NONE,CLOSED,CLOSED,0,TN
2026-06-25T15:22:07.946+00:00,317.0,3171,3.9536,3.9620,3.9688,28.15,3.15,-2.904,0.0144,91.19,90.48,102.45,0x0000,NONE,CLOSED,CLOSED,0,TN
2026-06-25T15:22:08.067+00:00,318.0,3181,3.9591,3.9513,3.9706,28.09,3.09,-2.905,0.0249,91.17,90.49,102.53,0x0000,NONE,CLOSED,CLOSED,0,TN
2026-06-25T15:22:08.191+00:00,319.0,3191,3.9547,3.9434,3.9661,28.17,3.17,-2.922,0.0186,91.14,90.43,102.45,0x0000,NONE,CLOSED,CLOSED,0,TN
2026-06-25T15:22:08.317+00:00,320.0,3201,3.9562,3.9516,3.9668,28.10,3.10,-2.918,0.0176,91.11,90.45,102.55,0x0000,NONE,CLOSED,CLOSED,0,TN
2026-06-25T15:22:08.442+00:00,321.0,3211,3.9589,3.9592,3.9789,28.24,3.24,-2.903,0.0184,91.08,90.46,102.64,0x0000,NONE,CLOSED,CLOSED,0,TN
2026-06-25T15:22:08.583+00:00,322.0,3221,3.9519,3.9632,3.9415,28.12,3.12,-2.871,0.0203,91.06,90.42,102.58,0x0000,NONE,CLOSED,CLOSED,0,TN
2026-06-25T15:22:08.691+00:00,323.0,3231,3.9535,3.9500,3.9416,28.23,3.23,-2.901,0.0121,91.03,90.37,102.53,0x0000,NONE,CLOSED,CLOSED,0,TN
2026-06-25T15:22:08.816+00:00,324.0,3241,3.9546,3.9634,3.9547,28.13,3.13,-2.920,0.0188,91.00,90.40,102.65,0x0000,NONE,CLOSED,CLOSED,0,TN
2026-06-25T15:22:08.940+00:00,325.0,3251,3.9561,3.9652,3.9475,28.04,3.04,-2.900,0.0150,90.97,90.37,102.64,0x0000,NONE,CLOSED,CLOSED,0,TN
2026-06-25T15:22:09.066+00:00,326.0,3261,3.9533,3.9541,3.9629,28.17,3.17,-2.873,0.0220,90.94,90.38,102.73,0x0000,NONE,CLOSED,CLOSED,0,TN
2026-06-25T15:22:09.189+00:00,327.0,3271,3.9531,3.9616,3.9730,28.27,3.27,-2.901,0.0204,90.92,90.37,102.74,0x0000,NONE,CLOSED,CLOSED,0,TN
2026-06-25T15:22:09.316+00:00,328.0,3281,3.9508,3.9646,3.9416,28.27,3.27,-2.896,0.0179,90.89,90.33,102.71,0x0000,NONE,CLOSED,CLOSED,0,TN
2026-06-25T15:22:09.441+00:00,329.0,3291,3.9574,3.9557,3.9626,28.18,3.18,-2.895,0.5500,90.86,90.32,102.77,0x0040,GAS_PRESSURE,CLOSED,CLOSED,0,FP
2026-06-25T15:22:09.578+00:00,330.0,3301,3.9539,3.9583,3.9505,28.16,3.16,-2.912,0.5500,90.83,90.32,102.82,0x0040,GAS_PRESSURE,CLOSED,CLOSED,0,FP
2026-06-25T15:22:09.691+00:00,331.0,3311,3.9491,3.9451,3.9626,28.08,3.08,-2.878,0.0188,90.81,90.30,102.82,0x0000,NONE,CLOSED,CLOSED,0,TN
2026-06-25T15:22:09.816+00:00,332.0,3321,3.9529,3.9402,3.9684,28.12,3.12,-2.891,0.0250,90.78,90.30,102.88,0x0000,NONE,CLOSED,CLOSED,0,TN
2026-06-25T15:22:09.943+00:00,333.0,3331,3.9548,3.9550,3.9481,28.18,3.18,-2.888,0.0116,90.75,90.29,102.90,0x0000,NONE,CLOSED,CLOSED,0,TN
2026-06-25T15:22:10.066+00:00,334.0,3341,3.9539,3.9512,3.9662,28.21,3.21,-2.905,0.0185,90.72,90.29,102.97,0x0000,NONE,CLOSED,CLOSED,0,TN
2026-06-25T15:22:10.192+00:00,335.0,3351,3.9500,3.9505,3.9416,28.23,3.23,-2.892,0.0111,90.69,90.24,102.90,0x0000,NONE,CLOSED,CLOSED,0,TN
2026-06-25T15:22:10.316+00:00,336.0,3361,3.9478,3.9474,3.9507,28.37,3.37,-2.900,0.0211,90.67,90.21,102.90,0x0000,NONE,CLOSED,CLOSED,0,TN
2026-06-25T15:22:10.439+00:00,337.0,3371,3.9508,3.9488,3.9626,28.23,3.23,-2.887,0.0189,90.64,90.22,102.98,0x0000,NONE,CLOSED,CLOSED,0,TN
2026-06-25T15:22:10.573+00:00,338.0,3381,3.9572,3.9590,3.9339,28.25,3.25,-2.930,0.5500,90.61,90.18,102.96,0x0040,GAS_PRESSURE,CLOSED,CLOSED,0,FP
2026-06-25T15:22:10.691+00:00,339.0,3391,3.9457,3.9373,3.9496,28.14,3.14,-2.908,0.5500,90.58,90.16,102.95,0x0040,GAS_PRESSURE,CLOSED,CLOSED,0,FP
2026-06-25T15:22:10.818+00:00,340.0,3401,3.9517,3.9548,3.9598,28.27,3.27,-2.890,0.0159,90.56,90.20,103.10,0x0000,NONE,CLOSED,CLOSED,0,TN
2026-06-25T15:22:10.942+00:00,341.0,3411,3.9479,3.9306,3.9542,28.33,3.33,-2.876,0.0210,90.53,90.18,103.09,0x0000,NONE,CLOSED,CLOSED,0,TN
2026-06-25T15:22:11.066+00:00,342.0,3421,3.9478,3.9479,3.9642,28.19,3.19,-2.897,0.0191,90.50,90.15,103.08,0x0000,NONE,CLOSED,CLOSED,0,TN
2026-06-25T15:22:11.192+00:00,343.0,3431,3.9508,3.9381,3.9559,28.21,3.21,-2.907,0.0192,90.47,90.18,103.19,0x0000,NONE,CLOSED,CLOSED,0,TN
2026-06-25T15:22:11.317+00:00,344.0,3441,3.9496,3.9652,3.9482,28.25,3.25,-2.869,0.0137,90.44,90.15,103.19,0x0000,NONE,CLOSED,CLOSED,0,TN
2026-06-25T15:22:11.441+00:00,345.0,3451,3.9474,3.9350,3.9513,28.31,3.31,-2.920,0.0225,90.42,90.10,103.14,0x0000,NONE,CLOSED,CLOSED,0,TN
2026-06-25T15:22:11.569+00:00,346.0,3461,3.9537,3.9545,3.9705,28.32,3.32,-2.887,0.5500,90.39,90.14,103.31,0x0040,GAS_PRESSURE,CLOSED,CLOSED,0,FP
2026-06-25T15:22:11.691+00:00,347.0,3471,3.9481,3.9359,3.9500,28.21,3.21,-2.882,0.5500,90.36,90.07,103.19,0x0040,GAS_PRESSURE,CLOSED,CLOSED,0,FP
2026-06-25T15:22:11.817+00:00,348.0,3481,3.9472,3.9433,3.9568,28.21,3.21,-2.906,0.0192,90.33,90.07,103.26,0x0000,NONE,CLOSED,CLOSED,0,TN
2026-06-25T15:22:11.942+00:00,349.0,3491,3.9468,3.9373,3.9578,28.24,3.24,-2.885,0.0143,90.31,90.06,103.28,0x0000,NONE,CLOSED,CLOSED,0,TN
2026-06-25T15:22:12.066+00:00,350.0,3501,3.9511,3.9492,3.9435,28.38,3.38,-2.925,0.5500,90.28,90.05,103.32,0x0040,GAS_PRESSURE,CLOSED,CLOSED,0,FP
2026-06-25T15:22:12.190+00:00,351.0,3511,3.9510,3.9550,3.9508,28.27,3.27,-2.910,0.5500,90.25,90.04,103.34,0x0040,GAS_PRESSURE,CLOSED,CLOSED,0,FP
2026-06-25T15:22:12.326+00:00,352.0,3521,3.9486,3.9428,3.9301,28.30,3.30,-2.886,0.5500,90.22,89.98,103.28,0x0040,GAS_PRESSURE,CLOSED,CLOSED,0,FP
2026-06-25T15:22:12.441+00:00,353.0,3531,3.9513,3.9636,3.9665,28.35,3.35,-2.914,0.5500,90.19,90.02,103.43,0x0040,GAS_PRESSURE,CLOSED,CLOSED,0,FP
2026-06-25T15:22:12.580+00:00,354.0,3541,3.9475,3.9489,3.9526,28.24,3.24,-2.905,0.5500,90.17,89.98,103.37,0x0040,GAS_PRESSURE,CLOSED,CLOSED,0,FP
2026-06-25T15:22:12.691+00:00,355.0,3551,3.9447,3.9388,3.9514,28.27,3.27,-2.908,0.5500,90.14,89.99,103.44,0x0000,NONE,CLOSED,CLOSED,0,TN
2026-06-25T15:22:12.816+00:00,356.0,3561,3.9467,3.9524,3.9540,28.37,3.37,-2.901,0.5500,90.11,89.96,103.43,0x0040,GAS_PRESSURE,CLOSED,CLOSED,0,FP
2026-06-25T15:22:12.942+00:00,357.0,3571,3.9449,3.9506,3.9450,28.39,3.39,-2.898,0.0178,90.08,89.95,103.48,0x0040,GAS_PRESSURE,CLOSED,CLOSED,0,FP
2026-06-25T15:22:13.066+00:00,358.0,3581,3.9519,3.9570,3.9456,28.43,3.43,-2.904,0.0201,90.06,89.91,103.45,0x0000,NONE,CLOSED,CLOSED,0,TN
2026-06-25T15:22:13.192+00:00,359.0,3591,3.9485,3.9481,3.9610,28.21,3.21,-2.894,0.0241,90.03,89.93,103.55,0x0000,NONE,CLOSED,CLOSED,0,TN
2026-06-25T15:22:13.316+00:00,360.0,3601,3.9425,3.9502,3.9315,28.20,3.20,-2.890,0.5500,90.00,89.89,103.51,0x0000,NONE,CLOSED,CLOSED,0,TN
2026-06-25T15:22:13.441+00:00,361.0,3611,3.9448,3.9499,3.9401,28.31,3.31,-2.906,0.5500,89.97,89.89,103.56,0x0040,GAS_PRESSURE,CLOSED,CLOSED,0,FP
2026-06-25T15:22:13.575+00:00,362.0,3621,3.9404,3.9430,3.9436,28.31,3.31,-2.919,0.0199,89.94,89.88,103.60,0x0040,GAS_PRESSURE,CLOSED,CLOSED,0,FP
2026-06-25T15:22:13.690+00:00,363.0,3631,3.9460,3.9518,3.9341,28.28,3.28,-2.902,0.0114,89.92,89.85,103.58,0x0008,VOLT_GRADIENT,CLOSED,CLOSED,0,FP
2026-06-25T15:22:13.816+00:00,364.0,3641,3.9425,3.9302,3.9537,28.21,3.21,-2.916,0.0157,89.89,89.82,103.58,0x0008,VOLT_GRADIENT,CLOSED,CLOSED,0,FP
2026-06-25T15:22:13.941+00:00,365.0,3651,3.9449,3.9562,3.9460,28.28,3.28,-2.882,0.0179,89.86,89.84,103.68,0x0000,NONE,CLOSED,CLOSED,0,TN
2026-06-25T15:22:14.066+00:00,366.0,3661,3.9424,3.9425,3.9645,28.42,3.42,-2.892,0.0196,89.83,89.87,103.79,0x0000,NONE,CLOSED,CLOSED,0,TN
2026-06-25T15:22:14.192+00:00,367.0,3671,3.9463,3.9502,3.9644,28.50,3.50,-2.883,0.0175,89.81,89.85,103.79,0x0000,NONE,CLOSED,CLOSED,0,TN
2026-06-25T15:22:14.316+00:00,368.0,3681,3.9396,3.9346,3.9519,28.34,3.34,-2.926,0.0130,89.78,89.77,103.68,0x0000,NONE,CLOSED,CLOSED,0,TN
2026-06-25T15:22:14.442+00:00,369.0,3691,3.9443,3.9500,3.9356,28.32,3.32,-2.907,0.0181,89.75,89.80,103.80,0x0000,NONE,CLOSED,CLOSED,0,TN
2026-06-25T15:22:14.581+00:00,370.0,3701,3.9457,3.9453,3.9570,28.31,3.31,-2.879,0.0160,89.72,89.74,103.72,0x000C,SENSOR_LOSS|VOLT_GRADIENT,CLOSED,CLOSED,0,FP
2026-06-25T15:22:14.691+00:00,371.0,3711,3.9379,3.9416,3.9514,28.35,3.35,-2.899,0.0132,89.69,89.74,103.78,0x000C,SENSOR_LOSS|VOLT_GRADIENT,CLOSED,CLOSED,0,FP
2026-06-25T15:22:14.817+00:00,372.0,3721,3.9450,3.9453,3.9429,28.35,3.35,-2.911,0.0254,89.67,89.72,103.80,0x0000,NONE,CLOSED,CLOSED,0,TN
2026-06-25T15:22:14.942+00:00,373.0,3731,3.9443,3.9385,3.9697,28.37,3.37,-2.895,0.0232,89.64,89.73,103.88,0x0000,NONE,CLOSED,CLOSED,0,TN
2026-06-25T15:22:15.066+00:00,374.0,3741,3.9393,3.9268,3.9236,28.47,3.47,-2.914,0.0173,89.61,89.62,103.68,0x0000,NONE,CLOSED,CLOSED,0,TN
2026-06-25T15:22:15.190+00:00,375.0,3751,3.9395,3.9373,3.9377,28.40,3.40,-2.913,0.0125,89.58,89.67,103.84,0x0008,VOLT_GRADIENT,CLOSED,CLOSED,0,FP
2026-06-25T15:22:15.317+00:00,376.0,3761,3.9420,3.9385,3.9498,28.46,3.46,-2.902,0.0221,89.56,89.64,103.84,0x0008,VOLT_GRADIENT,CLOSED,CLOSED,0,FP
2026-06-25T15:22:15.440+00:00,377.0,3771,3.9438,3.9403,3.9502,28.34,3.34,-2.903,0.0214,89.53,89.66,103.93,0x0000,NONE,CLOSED,CLOSED,0,TN
2026-06-25T15:22:15.571+00:00,378.0,3781,3.9400,3.9430,3.9332,28.28,3.28,-2.908,0.0221,89.50,89.60,103.86,0x0000,NONE,CLOSED,CLOSED,0,TN
2026-06-25T15:22:15.691+00:00,379.0,3791,3.9420,3.9383,3.9250,28.39,3.39,-2.897,0.0257,89.47,89.59,103.89,0x0000,NONE,CLOSED,CLOSED,0,TN
2026-06-25T15:22:15.816+00:00,380.0,3801,3.9358,3.9333,3.9303,28.38,3.38,-2.890,0.0213,89.44,89.57,103.92,0x000C,SENSOR_LOSS|VOLT_GRADIENT,CLOSED,CLOSED,0,FP
2026-06-25T15:22:15.942+00:00,381.0,3811,3.9368,3.9389,3.9460,28.39,3.39,-2.892,0.0196,89.42,89.59,104.01,0x000C,SENSOR_LOSS|VOLT_GRADIENT,CLOSED,CLOSED,0,FP
2026-06-25T15:22:16.066+00:00,382.0,3821,3.9383,3.9459,3.9361,28.43,3.43,-2.929,0.0137,89.39,89.56,103.99,0x0000,NONE,CLOSED,CLOSED,0,TN
2026-06-25T15:22:16.191+00:00,383.0,3831,3.9387,3.9311,3.9347,28.44,3.44,-2.897,0.0143,89.36,89.53,103.97,0x0000,NONE,CLOSED,CLOSED,0,TN
2026-06-25T15:22:16.317+00:00,384.0,3841,3.9372,3.9263,3.9082,28.33,3.33,-2.874,0.0194,89.33,89.47,103.90,0x000C,SENSOR_LOSS|VOLT_GRADIENT,CLOSED,CLOSED,0,FP
2026-06-25T15:22:16.441+00:00,385.0,3851,3.9372,3.9419,3.9504,28.58,3.58,-2.899,0.0153,89.31,89.51,104.04,0x0008,VOLT_GRADIENT,CLOSED,CLOSED,0,FP
2026-06-25T15:22:16.571+00:00,386.0,3861,3.9372,3.9277,3.9264,28.47,3.47,-2.924,0.0181,89.28,89.49,104.06,0x0000,NONE,CLOSED,CLOSED,0,TN
2026-06-25T15:22:16.692+00:00,387.0,3871,3.9342,3.9343,3.9419,28.42,3.42,-2.919,0.0113,89.25,89.51,104.14,0x0000,NONE,CLOSED,CLOSED,0,TN
2026-06-25T15:22:16.817+00:00,388.0,3881,3.9390,3.9352,3.9618,28.44,3.44,-2.915,0.0191,89.22,89.49,104.15,0x0000,NONE,CLOSED,CLOSED,0,TN
2026-06-25T15:22:16.942+00:00,389.0,3891,3.9399,3.9304,3.9335,28.42,3.42,-2.908,0.0112,89.19,89.44,104.12,0x0008,VOLT_GRADIENT,CLOSED,CLOSED,0,FP
2026-06-25T15:22:17.066+00:00,390.0,3901,3.9360,3.9410,3.9373,28.54,3.54,-2.925,0.0155,89.17,89.46,104.20,0x0008,VOLT_GRADIENT,CLOSED,CLOSED,0,FP
2026-06-25T15:22:17.192+00:00,391.0,3911,3.9331,3.9438,3.9427,28.44,3.44,-2.913,0.0108,89.14,89.44,104.20,0x0000,NONE,CLOSED,CLOSED,0,TN
2026-06-25T15:22:17.317+00:00,392.0,3921,3.9427,3.9453,3.9305,28.41,3.41,-2.885,0.0140,89.11,89.42,104.21,0x0000,NONE,CLOSED,CLOSED,0,TN
2026-06-25T15:22:17.441+00:00,393.0,3931,3.9389,3.9306,3.9422,28.46,3.46,-2.931,0.0154,89.08,89.39,104.21,0x0000,NONE,CLOSED,CLOSED,0,TN
2026-06-25T15:22:17.580+00:00,394.0,3941,3.9378,3.9387,3.9222,28.43,3.43,-2.900,0.0081,89.06,89.37,104.22,0x0000,NONE,CLOSED,CLOSED,0,TN
2026-06-25T15:22:17.691+00:00,395.0,3951,3.9380,3.9323,3.9495,4.00,-15.00,-2.902,0.0198,89.03,89.34,104.20,0x0000,NONE,CLOSED,CLOSED,0,TN
2026-06-25T15:22:17.816+00:00,396.0,3961,3.9340,3.9443,3.9357,4.00,-15.00,-2.888,0.0116,89.00,89.36,104.31,0x0020,TEMP_LOW,CLOSED,CLOSED,0,FP
2026-06-25T15:22:17.942+00:00,397.0,3971,3.9348,3.9225,3.9311,4.00,-15.00,-2.875,0.0258,88.97,89.32,104.26,0x0020,TEMP_LOW,CLOSED,CLOSED,0,FP
2026-06-25T15:22:18.066+00:00,398.0,3981,3.9398,3.9424,3.9357,4.00,-15.00,-2.893,0.0206,88.94,89.35,104.37,0x0020,TEMP_LOW,CLOSED,CLOSED,0,FP
2026-06-25T15:22:18.191+00:00,399.0,3991,3.9305,3.9327,3.9514,4.00,-15.00,-2.885,0.0231,88.92,89.29,104.31,0x0020,TEMP_LOW,CLOSED,CLOSED,0,FP
2026-06-25T15:22:18.316+00:00,400.0,4001,3.9327,3.9347,3.9179,28.53,3.53,-2.885,0.0165,88.89,89.24,104.26,0x000C,SENSOR_LOSS|VOLT_GRADIENT,CLOSED,CLOSED,0,FP
2026-06-25T15:22:18.441+00:00,401.0,4011,3.9351,3.9380,3.9281,28.50,3.50,-2.870,0.0146,88.86,89.25,104.34,0x000C,SENSOR_LOSS|VOLT_GRADIENT,CLOSED,CLOSED,0,FP
2026-06-25T15:22:18.585+00:00,402.0,4021,3.9413,3.9429,3.9400,28.55,3.55,-2.909,0.0187,88.83,89.26,104.42,0x0000,NONE,CLOSED,CLOSED,0,TN
2026-06-25T15:22:18.691+00:00,403.0,4031,3.9372,3.9276,3.9441,28.52,3.52,-2.925,0.0181,88.81,89.24,104.43,0x0000,NONE,CLOSED,CLOSED,0,TN
2026-06-25T15:22:18.816+00:00,404.0,4041,3.9350,3.9357,3.9312,28.41,3.41,-2.910,0.0178,88.78,89.21,104.42,0x0000,NONE,CLOSED,CLOSED,0,TN
2026-06-25T15:22:18.940+00:00,405.0,4051,3.9319,3.9389,3.9669,28.49,3.49,-2.904,0.0165,88.75,89.24,104.54,0x0000,NONE,CLOSED,CLOSED,0,TN
2026-06-25T15:22:19.066+00:00,406.0,4061,3.9362,3.9381,3.9171,28.56,3.56,-2.896,0.0248,88.72,89.20,104.49,0x0008,VOLT_GRADIENT,CLOSED,CLOSED,0,FP
2026-06-25T15:22:19.192+00:00,407.0,4071,3.9354,3.9337,3.9228,28.44,3.44,-2.922,0.0137,88.69,89.16,104.45,0x000C,SENSOR_LOSS|VOLT_GRADIENT,CLOSED,CLOSED,0,FP
2026-06-25T15:22:19.316+00:00,408.0,4081,3.9354,3.9441,3.9276,28.48,3.48,-2.928,0.0124,88.67,89.13,104.46,0x0000,NONE,CLOSED,CLOSED,0,TN
2026-06-25T15:22:19.442+00:00,409.0,4091,3.9300,3.9479,3.9100,28.49,3.49,-2.919,0.0142,88.64,89.14,104.52,0x0000,NONE,CLOSED,CLOSED,0,TN
2026-06-25T15:22:19.574+00:00,410.0,4101,3.9285,3.9330,3.9462,28.64,3.64,-2.891,0.0229,88.61,89.15,104.61,0x0000,NONE,CLOSED,CLOSED,0,TN
2026-06-25T15:22:19.689+00:00,411.0,4111,3.9362,3.9406,3.9351,28.57,3.57,-2.885,0.0142,88.58,89.16,104.66,0x0000,NONE,CLOSED,CLOSED,0,TN
2026-06-25T15:22:19.815+00:00,412.0,4121,3.9308,3.9257,3.9215,28.62,3.62,-2.902,0.0159,88.56,89.05,104.48,0x0008,VOLT_GRADIENT,CLOSED,CLOSED,0,FP
2026-06-25T15:22:19.940+00:00,413.0,4131,3.9316,3.9396,3.9479,28.51,3.51,-2.898,0.0206,88.53,89.10,104.65,0x0000,NONE,CLOSED,CLOSED,0,TN
2026-06-25T15:22:20.066+00:00,414.0,4141,3.9340,3.9329,3.9356,28.51,3.51,-2.900,0.0190,88.50,89.09,104.68,0x0000,NONE,CLOSED,CLOSED,0,TN
2026-06-25T15:22:20.197+00:00,415.0,4151,3.9318,3.9286,3.9182,28.49,3.49,-2.885,0.0112,88.47,89.03,104.59,0x0000,NONE,CLOSED,CLOSED,0,TN
2026-06-25T15:22:20.316+00:00,416.0,4161,3.9318,3.9213,3.9391,28.61,3.61,-2.908,0.0185,88.44,89.08,104.74,0x0000,NONE,CLOSED,CLOSED,0,TN
2026-06-25T15:22:20.442+00:00,417.0,4171,3.9269,3.9352,3.9351,32.60,3.60,-2.918,0.0165,88.42,89.04,104.72,0x0000,NONE,CLOSED,CLOSED,0,TN
2026-06-25T15:22:20.576+00:00,418.0,4181,3.9321,3.9416,3.9330,32.51,3.51,-2.885,0.0189,88.39,89.02,104.74,0x0000,NONE,CLOSED,CLOSED,0,TN
2026-06-25T15:22:20.690+00:00,419.0,4191,3.9322,3.9401,3.9386,28.56,3.56,-2.891,0.0146,88.36,89.02,104.79,0x0010,TEMP_GRADIENT,CLOSED,CLOSED,0,FP
2026-06-25T15:22:20.815+00:00,420.0,4201,3.9316,3.9252,3.9287,28.53,3.53,-2.888,0.0216,88.33,88.95,104.69,0x0000,NONE,CLOSED,CLOSED,0,TN
2026-06-25T15:22:20.940+00:00,421.0,4211,3.9299,3.9301,3.9436,28.61,3.61,-2.930,0.0199,88.31,88.98,104.82,0x0000,NONE,CLOSED,CLOSED,0,TN
2026-06-25T15:22:21.066+00:00,422.0,4221,3.9232,3.9360,3.9289,28.64,3.64,-2.926,0.0147,88.28,88.96,104.81,0x0000,NONE,CLOSED,CLOSED,0,TN
2026-06-25T15:22:21.191+00:00,423.0,4231,3.9255,3.9346,3.9295,32.56,3.56,-2.870,0.0175,88.25,88.96,104.85,0x0000,NONE,CLOSED,CLOSED,0,TN
2026-06-25T15:22:21.315+00:00,424.0,4241,3.9245,3.9247,3.9085,32.39,3.39,-2.898,0.0218,88.22,88.92,104.83,0x0010,TEMP_GRADIENT,CLOSED,CLOSED,0,FP
2026-06-25T15:22:21.460+00:00,425.0,4251,3.9330,3.9309,3.9379,28.65,3.65,-2.877,0.0165,88.19,88.93,104.91,0x0000,NONE,CLOSED,CLOSED,0,TN
2026-06-25T15:22:21.587+00:00,426.0,4261,3.9326,3.9349,3.9320,28.60,3.60,-2.912,0.0133,88.17,88.91,104.91,0x0000,NONE,CLOSED,CLOSED,0,TN
2026-06-25T15:22:21.690+00:00,427.0,4271,3.9290,3.9190,3.9505,28.54,3.54,-2.901,0.0227,88.14,88.91,104.96,0x0000,NONE,CLOSED,CLOSED,0,TN
2026-06-25T15:22:21.816+00:00,428.0,4281,3.9354,3.9465,3.9257,28.63,3.63,-2.913,0.0208,88.11,88.89,104.97,0x0000,NONE,CLOSED,CLOSED,0,TN
2026-06-25T15:22:21.940+00:00,429.0,4291,3.9305,3.9270,3.9156,28.74,3.74,-2.869,0.0128,88.08,88.84,104.93,0x0000,NONE,CLOSED,CLOSED,0,TN
2026-06-25T15:22:22.065+00:00,430.0,4301,3.9275,3.9240,3.9280,28.58,3.58,-2.894,0.0172,88.06,88.83,104.96,0x0000,NONE,CLOSED,CLOSED,0,TN
2026-06-25T15:22:22.194+00:00,431.0,4311,3.9287,3.9312,3.9510,28.71,3.71,-2.934,0.0153,88.03,88.82,105.00,0x0000,NONE,CLOSED,CLOSED,0,TN
2026-06-25T15:22:22.315+00:00,432.0,4321,3.9282,3.9226,3.9273,28.69,3.69,-2.905,0.0161,88.00,88.81,105.02,0x0000,NONE,CLOSED,CLOSED,0,TN
2026-06-25T15:22:22.441+00:00,433.0,4331,3.9301,3.9446,3.9108,28.60,3.60,-2.876,0.0182,87.97,88.77,104.99,0x0000,NONE,CLOSED,CLOSED,0,TN
2026-06-25T15:22:22.565+00:00,434.0,4341,3.9307,3.9147,3.9104,28.68,3.68,-2.892,0.0220,87.94,88.70,104.88,0x0000,NONE,CLOSED,CLOSED,0,TN
2026-06-25T15:22:22.691+00:00,435.0,4351,3.9216,3.9200,3.9228,28.73,3.73,-2.886,0.0190,87.92,88.71,104.97,0x0000,NONE,CLOSED,CLOSED,0,TN
2026-06-25T15:22:22.816+00:00,436.0,4361,3.9284,3.9312,3.9166,28.55,3.55,-2.914,0.0249,87.89,88.73,105.07,0x0000,NONE,CLOSED,CLOSED,0,TN
2026-06-25T15:22:22.940+00:00,437.0,4371,3.9221,3.9099,3.9343,28.74,3.74,-2.903,0.0186,87.86,88.74,105.12,0x0000,NONE,CLOSED,CLOSED,0,TN
2026-06-25T15:22:23.075+00:00,438.0,4381,3.9276,3.9428,3.9116,28.61,3.61,-2.911,0.0159,87.83,88.69,105.08,0x0000,NONE,CLOSED,CLOSED,0,TN
2026-06-25T15:22:23.191+00:00,439.0,4391,3.9284,3.9299,3.9442,28.62,3.62,-2.933,0.0133,87.81,88.72,105.18,0x0000,NONE,CLOSED,CLOSED,0,TN
2026-06-25T15:22:23.315+00:00,440.0,4401,3.9281,3.9278,3.9268,28.79,3.79,-2.884,0.0176,87.78,88.67,105.15,0x0000,NONE,CLOSED,CLOSED,0,TN
2026-06-25T15:22:23.441+00:00,441.0,4411,3.9245,3.9357,3.9135,28.68,3.68,-2.895,0.0120,87.75,88.66,105.17,0x0000,NONE,CLOSED,CLOSED,0,TN
2026-06-25T15:22:23.566+00:00,442.0,4421,3.9304,3.9395,3.9274,52.00,12.00,-2.884,0.0195,87.72,88.65,105.20,0x0000,NONE,CLOSED,CLOSED,0,TN
2026-06-25T15:22:23.691+00:00,443.0,4431,3.9207,3.9203,3.9179,52.00,12.00,-2.915,0.0164,87.69,88.60,105.16,0x0002,THERMAL_HOT,CLOSED,CLOSED,0,FP
2026-06-25T15:22:23.818+00:00,444.0,4441,3.9218,3.9244,3.9111,52.00,12.00,-2.896,0.0207,87.67,88.57,105.13,0x0002,THERMAL_HOT,CLOSED,CLOSED,0,FP
2026-06-25T15:22:23.941+00:00,445.0,4451,3.9242,3.9182,3.9173,52.00,12.00,-2.868,0.0109,87.64,88.58,105.22,0x0002,THERMAL_HOT,CLOSED,CLOSED,0,FP
2026-06-25T15:22:24.066+00:00,446.0,4461,3.9291,3.9320,3.9298,52.00,12.00,-2.912,0.0099,87.61,88.58,105.24,0x0002,THERMAL_HOT,CLOSED,CLOSED,0,FP
2026-06-25T15:22:24.191+00:00,447.0,4471,3.9263,3.9286,3.9356,52.00,12.00,-2.906,0.0148,87.58,88.58,105.31,0x0002,THERMAL_HOT,CLOSED,CLOSED,0,FP
2026-06-25T15:22:24.316+00:00,448.0,4481,3.9215,3.9232,3.9300,52.00,12.00,-2.896,0.0187,87.56,88.57,105.33,0x0002,THERMAL_HOT,CLOSED,CLOSED,0,FP
2026-06-25T15:22:24.443+00:00,449.0,4491,3.9261,3.9399,3.9020,52.00,12.00,-2.899,0.0172,87.53,88.51,105.25,0x0002,THERMAL_HOT,CLOSED,CLOSED,0,FP
2026-06-25T15:22:24.566+00:00,450.0,4501,3.6218,3.9101,3.9282,28.74,3.74,-2.887,0.0240,87.50,86.66,101.40,0x020D,VOLT_IMBAL|SENSOR_LOSS|VOLT_GRADIENT|CELL_BALANCE,CLOSED,CLOSED,0,FP
2026-06-25T15:22:24.692+00:00,451.0,4511,3.6209,3.9189,3.9107,28.74,3.74,-2.897,0.0124,87.47,86.56,101.25,0x220D,VOLT_IMBAL|SENSOR_LOSS|VOLT_GRADIENT|CELL_BALANCE|CONTACT_RES,CLOSED,CLOSED,0,FP
2026-06-25T15:22:24.815+00:00,452.0,4521,3.9228,3.9146,3.9281,28.73,3.73,-2.909,0.0248,87.44,87.35,102.95,0x2000,CONTACT_RES,CLOSED,CLOSED,0,FP
2026-06-25T15:22:24.940+00:00,453.0,4531,3.9246,3.9318,3.9235,28.57,3.57,-2.915,0.0168,87.42,87.41,103.14,0x2000,CONTACT_RES,CLOSED,CLOSED,0,FP
2026-06-25T15:22:25.065+00:00,454.0,4541,3.9208,3.9291,3.9197,28.69,3.69,-2.882,0.0286,87.39,87.39,103.17,0x0000,NONE,CLOSED,CLOSED,0,TN
2026-06-25T15:22:25.192+00:00,455.0,4551,3.9279,3.9357,3.9240,28.68,3.68,-2.899,0.0206,87.36,87.41,103.27,0x0000,NONE,CLOSED,CLOSED,0,TN
2026-06-25T15:22:25.315+00:00,456.0,4561,3.6203,3.9254,3.9213,28.73,3.73,-2.880,0.0199,87.33,86.72,101.86,0x0000,NONE,CLOSED,CLOSED,0,TN
2026-06-25T15:22:25.446+00:00,457.0,4571,3.6216,3.9208,3.9215,28.71,3.71,-2.900,0.0205,87.31,85.55,99.45,0x020D,VOLT_IMBAL|SENSOR_LOSS|VOLT_GRADIENT|CELL_BALANCE,CLOSED,CLOSED,0,FP
2026-06-25T15:22:25.566+00:00,458.0,4581,3.9238,3.9210,3.9244,28.69,3.69,-2.888,0.0206,87.28,85.96,100.37,0x220D,VOLT_IMBAL|SENSOR_LOSS|VOLT_GRADIENT|CELL_BALANCE|CONTACT_RES,CLOSED,CLOSED,0,FP
2026-06-25T15:22:25.690+00:00,459.0,4591,3.9211,3.9278,3.9312,28.79,3.79,-2.902,0.0188,87.25,86.33,101.22,0x2000,CONTACT_RES,CLOSED,CLOSED,0,FP
2026-06-25T15:22:25.815+00:00,460.0,4601,3.9221,3.9280,3.9310,28.75,3.75,-2.897,0.0251,87.22,86.38,101.37,0x2000,CONTACT_RES,CLOSED,CLOSED,0,FP
2026-06-25T15:22:25.941+00:00,461.0,4611,3.9228,3.9236,3.9086,28.75,3.75,-2.901,0.0139,87.19,86.32,101.30,0x0000,NONE,CLOSED,CLOSED,0,TN
2026-06-25T15:22:26.066+00:00,462.0,4621,3.9210,3.9124,3.9436,28.67,3.67,-2.898,0.0215,87.17,86.32,101.37,0x0000,NONE,CLOSED,CLOSED,0,TN
2026-06-25T15:22:26.195+00:00,463.0,4631,3.6176,3.9038,3.9094,28.80,3.80,-2.915,0.0136,87.14,84.68,97.98,0x020D,VOLT_IMBAL|SENSOR_LOSS|VOLT_GRADIENT|CELL_BALANCE,CLOSED,CLOSED,0,FP
2026-06-25T15:22:26.323+00:00,464.0,4641,3.6245,3.9364,3.9199,28.83,3.83,-2.897,0.0151,87.11,84.41,97.48,0x2209,VOLT_IMBAL|VOLT_GRADIENT|CELL_BALANCE|CONTACT_RES,CLOSED,CLOSED,0,FP
2026-06-25T15:22:26.444+00:00,465.0,4651,3.9211,3.9137,3.9206,28.81,3.81,-2.911,0.0196,87.08,85.19,99.17,0x2000,CONTACT_RES,CLOSED,CLOSED,0,FP
2026-06-25T15:22:26.588+00:00,466.0,4661,3.9261,3.9134,3.9294,28.89,3.89,-2.868,0.0240,87.06,85.34,99.54,0x2000,CONTACT_RES,CLOSED,CLOSED,0,FP
2026-06-25T15:22:26.691+00:00,467.0,4671,3.9234,3.9033,3.9233,28.83,3.83,-2.881,0.0149,87.03,85.33,99.58,0x0000,NONE,CLOSED,CLOSED,0,TN
2026-06-25T15:22:26.817+00:00,468.0,4681,3.9206,3.9333,3.9223,28.77,3.77,-2.875,0.0182,87.00,85.34,99.66,0x0000,NONE,CLOSED,CLOSED,0,TN
2026-06-25T15:22:26.940+00:00,469.0,4691,3.6209,3.9295,3.9208,28.82,3.82,-2.898,0.0132,86.97,84.61,98.19,0x0000,NONE,CLOSED,CLOSED,0,TN
2026-06-25T15:22:27.073+00:00,470.0,4701,3.6179,3.9242,3.9228,28.71,3.71,-2.903,0.0234,86.94,83.62,96.17,0x020D,VOLT_IMBAL|SENSOR_LOSS|VOLT_GRADIENT|CELL_BALANCE,CLOSED,CLOSED,0,FP
2026-06-25T15:22:27.190+00:00,471.0,4711,3.9189,3.9223,3.9303,28.83,3.83,-2.913,0.0227,86.92,84.05,97.14,0x2209,VOLT_IMBAL|VOLT_GRADIENT|CELL_BALANCE|CONTACT_RES,CLOSED,CLOSED,0,FP
2026-06-25T15:22:27.315+00:00,472.0,4721,3.9236,3.9020,3.9407,28.89,3.89,-2.895,0.0121,86.89,84.44,98.03,0x2000,CONTACT_RES,CLOSED,CLOSED,0,FP
2026-06-25T15:22:27.441+00:00,473.0,4731,3.9168,3.9156,3.9316,28.80,3.80,-2.891,0.0234,86.86,84.43,98.06,0x2000,CONTACT_RES,CLOSED,CLOSED,0,FP
2026-06-25T15:22:27.565+00:00,474.0,4741,3.9218,3.9196,3.9143,28.80,3.80,-2.884,0.0166,86.83,84.42,98.10,0x0000,NONE,CLOSED,CLOSED,0,TN
2026-06-25T15:22:27.690+00:00,475.0,4751,3.9233,3.9301,3.9349,28.88,3.88,-2.909,0.0221,86.81,84.43,98.18,0x0000,NONE,CLOSED,CLOSED,0,TN
2026-06-25T15:22:27.825+00:00,476.0,4761,3.6160,3.9174,3.9050,28.79,3.79,-2.904,0.0173,86.78,84.10,97.54,0x0000,NONE,CLOSED,CLOSED,0,TN
2026-06-25T15:22:27.940+00:00,477.0,4771,3.6197,3.9213,3.9248,28.79,3.79,-2.914,0.0130,86.75,82.81,94.91,0x220D,VOLT_IMBAL|SENSOR_LOSS|VOLT_GRADIENT|CELL_BALANCE|CONTACT_RES,CLOSED,CLOSED,0,FP
2026-06-25T15:22:28.066+00:00,478.0,4781,3.9203,3.9176,3.9339,28.83,3.83,-2.879,0.0162,86.72,83.02,95.41,0x220D,VOLT_IMBAL|SENSOR_LOSS|VOLT_GRADIENT|CELL_BALANCE|CONTACT_RES,CLOSED,CLOSED,0,FP
2026-06-25T15:22:28.197+00:00,479.0,4791,3.9185,3.9050,3.9086,28.74,3.74,-2.858,0.0198,86.69,83.58,96.65,0x2000,CONTACT_RES,CLOSED,CLOSED,0,FP
2026-06-25T15:22:28.316+00:00,480.0,4801,3.9207,3.9209,3.9248,28.88,3.88,-2.886,0.0232,86.67,83.62,96.80,0x0000,NONE,CLOSED,CLOSED,0,TN
2026-06-25T15:22:28.441+00:00,481.0,4811,3.9212,3.9218,3.9210,28.86,3.86,-2.887,0.0138,86.64,83.63,96.89,0x0000,NONE,CLOSED,CLOSED,0,TN
2026-06-25T15:22:28.573+00:00,482.0,4821,3.9183,3.9146,3.9138,28.86,3.86,-2.885,0.0121,86.61,83.61,96.90,0x0000,NONE,CLOSED,CLOSED,0,TN
2026-06-25T15:22:28.703+00:00,483.0,4831,3.9212,3.9109,3.9378,28.92,3.92,-2.933,0.0197,86.58,83.63,97.00,0x0000,NONE,CLOSED,CLOSED,0,TN
2026-06-25T15:22:28.816+00:00,484.0,4841,3.9160,3.9175,3.9167,28.72,3.72,-2.897,0.0158,86.56,83.63,97.05,0x0000,NONE,CLOSED,CLOSED,0,TN
2026-06-25T15:22:28.940+00:00,485.0,4851,3.9104,3.9079,3.9135,28.91,3.91,-2.893,0.0173,86.53,83.60,97.06,0x0000,NONE,CLOSED,CLOSED,0,TN
2026-06-25T15:22:29.071+00:00,486.0,4861,3.6167,3.9042,3.9183,28.83,3.83,-2.904,0.0166,86.50,82.67,95.19,0x0000,NONE,CLOSED,CLOSED,0,TN
2026-06-25T15:22:29.191+00:00,487.0,4871,3.6271,3.9178,3.9261,28.82,3.82,-2.910,0.0131,86.47,81.97,93.77,0x220D,VOLT_IMBAL|SENSOR_LOSS|VOLT_GRADIENT|CELL_BALANCE|CONTACT_RES,CLOSED,CLOSED,0,FP
2026-06-25T15:22:29.315+00:00,488.0,4881,3.9207,3.9165,3.9324,28.87,3.87,-2.903,0.0171,86.44,82.51,94.98,0x2209,VOLT_IMBAL|VOLT_GRADIENT|CELL_BALANCE|CONTACT_RES,CLOSED,CLOSED,0,FP
2026-06-25T15:22:29.448+00:00,489.0,4891,3.9151,3.9195,3.9122,28.81,3.81,-2.894,0.0197,86.42,82.85,95.74,0x2000,CONTACT_RES,CLOSED,CLOSED,0,FP
2026-06-25T15:22:29.565+00:00,490.0,4901,3.9162,3.8999,3.9309,28.84,3.84,-2.916,0.0124,86.39,82.81,95.73,0x0000,NONE,CLOSED,CLOSED,0,TN
2026-06-25T15:22:29.691+00:00,491.0,4911,3.9157,3.9096,3.9125,28.88,3.88,-2.919,0.0255,86.36,82.79,95.74,0x0000,NONE,CLOSED,CLOSED,0,TN
2026-06-25T15:22:29.818+00:00,492.0,4921,3.6220,3.9194,3.9191,28.77,3.77,-2.909,0.0124,86.33,81.30,92.71,0x020D,VOLT_IMBAL|SENSOR_LOSS|VOLT_GRADIENT|CELL_BALANCE,CLOSED,CLOSED,0,FP
2026-06-25T15:22:29.941+00:00,493.0,4931,3.6202,3.9255,3.9141,28.93,3.93,-2.921,0.0229,86.31,81.17,92.50,0x220D,VOLT_IMBAL|SENSOR_LOSS|VOLT_GRADIENT|CELL_BALANCE|CONTACT_RES,CLOSED,CLOSED,0,FP
2026-06-25T15:22:30.065+00:00,494.0,4941,3.9185,3.9214,3.9181,29.03,4.03,-2.909,0.0192,86.28,82.08,94.46,0x2200,CELL_BALANCE|CONTACT_RES,CLOSED,CLOSED,0,FP
2026-06-25T15:22:30.212+00:00,495.0,4951,3.9173,3.9261,3.9032,28.88,3.88,-2.894,0.0142,86.25,82.14,94.66,0x2000,CONTACT_RES,CLOSED,CLOSED,0,FP
2026-06-25T15:22:30.315+00:00,496.0,4961,3.9154,3.9102,3.9287,28.88,3.88,-2.885,0.0208,86.22,82.14,94.72,0x0000,NONE,CLOSED,CLOSED,0,TN
2026-06-25T15:22:30.440+00:00,497.0,4971,3.9208,3.9194,3.9037,28.88,3.88,-2.904,0.0176,86.19,82.13,94.76,0x0000,NONE,CLOSED,CLOSED,0,TN
2026-06-25T15:22:30.565+00:00,498.0,4981,3.6124,3.9170,3.8984,28.83,3.83,-2.918,0.0188,86.17,80.53,91.50,0x0209,VOLT_IMBAL|VOLT_GRADIENT|CELL_BALANCE,CLOSED,CLOSED,0,FP
2026-06-25T15:22:30.690+00:00,499.0,4991,3.6096,3.8974,3.9226,28.81,3.81,-2.919,0.0146,86.14,80.47,91.43,0x2209,VOLT_IMBAL|VOLT_GRADIENT|CELL_BALANCE|CONTACT_RES,CLOSED,CLOSED,0,FP
2026-06-25T15:22:30.815+00:00,500.0,5001,3.9144,3.9124,3.9229,28.91,3.91,-2.896,0.0140,86.11,81.37,93.38,0x2000,CONTACT_RES,CLOSED,CLOSED,0,FP
2026-06-25T15:22:30.955+00:00,501.0,5011,3.9203,3.9264,3.9234,28.86,3.86,-2.915,0.0248,86.08,81.45,93.61,0x2000,CONTACT_RES,CLOSED,CLOSED,0,FP
2026-06-25T15:22:31.066+00:00,502.0,5021,3.9152,3.9091,3.8982,28.88,3.88,-2.872,0.0175,86.06,81.44,93.65,0x0000,NONE,CLOSED,CLOSED,0,TN
2026-06-25T15:22:31.193+00:00,503.0,5031,3.9115,3.9206,3.8859,28.89,3.89,-2.911,0.0206,86.03,81.43,93.70,0x0000,NONE,CLOSED,CLOSED,0,TN
2026-06-25T15:22:31.316+00:00,504.0,5041,3.9165,3.9166,3.9214,28.90,3.90,-2.914,0.0225,86.00,81.48,93.86,0x0000,NONE,CLOSED,CLOSED,0,TN
2026-06-25T15:22:31.441+00:00,505.0,5051,3.9171,3.9203,3.9017,28.92,3.92,-2.923,0.0172,85.97,81.48,93.93,0x0000,NONE,CLOSED,CLOSED,0,TN
2026-06-25T15:22:31.567+00:00,506.0,5061,3.9138,3.9056,3.9032,28.97,3.97,-2.903,0.0196,85.94,81.46,93.95,0x0000,NONE,CLOSED,CLOSED,0,TN
2026-06-25T15:22:31.690+00:00,507.0,5071,3.6110,3.9072,3.8997,28.99,3.99,-2.872,0.0138,85.92,80.00,90.98,0x0209,VOLT_IMBAL|VOLT_GRADIENT|CELL_BALANCE,CLOSED,CLOSED,0,FP
2026-06-25T15:22:31.817+00:00,508.0,5081,3.6114,3.9037,3.9066,29.00,4.00,-2.879,0.0280,85.89,79.82,90.67,0x2209,VOLT_IMBAL|VOLT_GRADIENT|CELL_BALANCE|CONTACT_RES,CLOSED,CLOSED,0,FP
2026-06-25T15:22:31.940+00:00,509.0,5091,3.9087,3.9111,3.8984,28.95,3.95,-2.892,0.0149,85.86,80.70,92.58,0x2000,CONTACT_RES,CLOSED,CLOSED,0,FP
2026-06-25T15:22:32.066+00:00,510.0,5101,3.9171,3.9102,3.9044,28.91,3.91,-2.879,0.0202,85.83,80.82,92.88,0x2000,CONTACT_RES,CLOSED,CLOSED,0,FP
2026-06-25T15:22:32.191+00:00,511.0,5111,3.9124,3.9110,3.9173,28.85,3.85,-2.875,0.0197,85.81,80.84,92.99,0x0000,NONE,CLOSED,CLOSED,0,TN
2026-06-25T15:22:32.315+00:00,512.0,5121,3.9096,3.9109,3.9302,28.92,3.92,-2.905,0.0261,85.78,80.89,93.15,0x0000,NONE,CLOSED,CLOSED,0,TN
2026-06-25T15:22:32.452+00:00,513.0,5131,3.9148,3.9075,3.8970,29.09,4.09,-2.921,0.0197,85.75,80.86,93.16,0x0000,NONE,CLOSED,CLOSED,0,TN
2026-06-25T15:22:32.565+00:00,514.0,5141,3.9117,3.9102,3.9295,28.97,3.97,-2.885,0.0205,85.72,80.86,93.22,0x0000,NONE,CLOSED,CLOSED,0,TN
2026-06-25T15:22:32.690+00:00,515.0,5151,3.9200,3.9328,3.9438,28.97,3.97,-2.890,0.0130,85.69,80.94,93.45,0x0000,NONE,CLOSED,CLOSED,0,TN
2026-06-25T15:22:32.817+00:00,516.0,5161,3.9139,3.9135,3.9047,32.93,3.93,-2.922,0.0198,85.67,80.81,93.25,0x0000,NONE,CLOSED,CLOSED,0,TN
2026-06-25T15:22:32.940+00:00,517.0,5171,3.9138,3.9195,3.9208,32.99,3.99,-2.898,0.0193,85.64,80.91,93.51,0x0010,TEMP_GRADIENT,CLOSED,CLOSED,0,FP
2026-06-25T15:22:33.065+00:00,518.0,5181,3.9134,3.9082,3.9076,29.04,4.04,-2.888,0.0169,85.61,80.89,93.54,0x0010,TEMP_GRADIENT,CLOSED,CLOSED,0,FP
2026-06-25T15:22:33.205+00:00,519.0,5191,3.9107,3.9115,3.9130,28.98,3.98,-2.922,0.0093,85.58,80.92,93.65,0x0000,NONE,CLOSED,CLOSED,0,TN
2026-06-25T15:22:33.315+00:00,520.0,5201,3.9114,3.9134,3.9138,29.06,4.06,-2.892,0.0175,85.56,80.91,93.69,0x0000,NONE,CLOSED,CLOSED,0,TN
2026-06-25T15:22:33.441+00:00,521.0,5211,3.9126,3.9155,3.9112,29.02,4.02,-2.886,0.0228,85.53,80.90,93.74,0x0000,NONE,CLOSED,CLOSED,0,TN
2026-06-25T15:22:33.566+00:00,522.0,5221,3.9174,3.9247,3.9256,28.96,3.96,-2.896,0.0122,85.50,80.92,93.83,0x0000,NONE,CLOSED,CLOSED,0,TN
2026-06-25T15:22:33.691+00:00,523.0,5231,3.9173,3.9241,3.9212,29.00,4.00,-2.893,0.0152,85.47,80.98,94.02,0x0000,NONE,CLOSED,CLOSED,0,TN
2026-06-25T15:22:33.815+00:00,524.0,5241,3.9114,3.9181,3.9013,28.93,3.93,-2.899,0.0163,85.44,80.96,94.04,0x0000,NONE,CLOSED,CLOSED,0,TN
2026-06-25T15:22:33.940+00:00,525.0,5251,3.9087,3.9079,3.8992,28.98,3.98,-2.899,0.0149,85.42,80.93,94.04,0x0000,NONE,CLOSED,CLOSED,0,TN
2026-06-25T15:22:34.065+00:00,526.0,5261,3.9152,3.9193,3.9206,28.99,3.99,-2.891,0.0176,85.39,80.97,94.18,0x0000,NONE,CLOSED,CLOSED,0,TN
2026-06-25T15:22:34.192+00:00,527.0,5271,3.9152,3.9220,3.9195,28.96,3.96,-2.914,0.0156,85.36,80.98,94.27,0x0000,NONE,CLOSED,CLOSED,0,TN
2026-06-25T15:22:34.315+00:00,528.0,5281,3.9092,3.8973,3.9105,29.06,4.06,-2.892,0.0201,85.33,80.94,94.24,0x0000,NONE,CLOSED,CLOSED,0,TN
2026-06-25T15:22:34.442+00:00,529.0,5291,3.9157,3.9194,3.8997,29.02,4.02,-2.907,0.0201,85.31,81.02,94.46,0x0000,NONE,CLOSED,CLOSED,0,TN
2026-06-25T15:22:34.581+00:00,530.0,5301,3.9102,3.9042,3.9040,29.07,4.07,-2.899,0.0171,85.28,81.02,94.52,0x0000,NONE,CLOSED,CLOSED,0,TN
2026-06-25T15:22:34.693+00:00,531.0,5311,3.9098,3.9021,3.9142,28.93,3.93,-2.912,0.0200,85.25,80.99,94.52,0x0000,NONE,CLOSED,CLOSED,0,TN
2026-06-25T15:22:34.821+00:00,532.0,5321,3.9112,3.9166,3.9106,29.12,4.12,-2.887,0.0168,85.22,81.01,94.62,0x0000,NONE,CLOSED,CLOSED,0,TN
2026-06-25T15:22:34.941+00:00,533.0,5331,3.9087,3.9117,3.8946,29.01,4.01,-2.905,0.0246,85.19,80.99,94.65,0x0000,NONE,CLOSED,CLOSED,0,TN
2026-06-25T15:22:35.065+00:00,534.0,5341,3.9070,3.9085,3.9234,29.08,4.08,-2.913,0.0170,85.17,81.02,94.78,0x0000,NONE,CLOSED,CLOSED,0,TN
2026-06-25T15:22:35.199+00:00,535.0,5351,3.9118,3.9074,3.9106,29.12,4.12,-2.883,0.0173,85.14,81.01,94.82,0x0000,NONE,CLOSED,CLOSED,0,TN
2026-06-25T15:22:35.321+00:00,536.0,5361,3.9097,3.9058,3.9049,29.07,4.07,-2.875,0.0168,85.11,80.99,94.82,0x0000,NONE,CLOSED,CLOSED,0,TN
2026-06-25T15:22:35.441+00:00,537.0,5371,3.9059,3.9118,3.8988,29.09,4.09,-2.894,0.0151,85.08,81.05,95.01,0x0000,NONE,CLOSED,CLOSED,0,TN
2026-06-25T15:22:35.565+00:00,538.0,5381,3.9078,3.9173,3.9059,29.07,4.07,-2.918,0.0136,85.06,81.02,95.02,0x0000,NONE,CLOSED,CLOSED,0,TN
2026-06-25T15:22:35.690+00:00,539.0,5391,3.9073,3.9198,3.8907,29.14,4.14,-2.900,0.0182,85.03,81.00,95.03,0x0000,NONE,CLOSED,CLOSED,0,TN
2026-06-25T15:22:35.817+00:00,540.0,5401,3.9056,3.9032,3.8969,29.09,4.09,-2.889,0.0180,85.00,80.98,95.06,0x0000,NONE,CLOSED,CLOSED,0,TN
2026-06-25T15:22:35.941+00:00,541.0,5411,3.9074,3.9135,3.8940,29.15,4.15,-2.923,0.0257,84.97,81.04,95.24,0x0000,NONE,CLOSED,CLOSED,0,TN
2026-06-25T15:22:36.066+00:00,542.0,5421,3.9090,3.9164,3.9126,29.11,4.11,-2.920,0.0196,84.94,81.06,95.34,0x0004,SENSOR_LOSS,CLOSED,CLOSED,0,FP
2026-06-25T15:22:36.189+00:00,543.0,5431,3.9067,3.8949,3.9029,29.13,4.13,-2.904,0.0121,84.92,81.01,95.29,0x0000,NONE,CLOSED,CLOSED,0,TN
2026-06-25T15:22:36.315+00:00,544.0,5441,3.9068,3.9067,3.9134,29.07,4.07,-2.912,0.0180,84.89,81.06,95.46,0x0000,NONE,CLOSED,CLOSED,0,TN
2026-06-25T15:22:36.441+00:00,545.0,5451,3.9071,3.9055,3.9070,29.03,4.03,-2.881,0.0179,84.86,81.05,95.49,0x0000,NONE,CLOSED,CLOSED,0,TN
2026-06-25T15:22:36.566+00:00,546.0,5461,3.9081,3.9125,3.9260,29.12,4.12,-2.903,0.0140,84.83,81.09,95.64,0x0000,NONE,CLOSED,CLOSED,0,TN
2026-06-25T15:22:36.691+00:00,547.0,5471,3.9126,3.9103,3.8937,29.08,4.08,-2.898,0.0183,84.81,81.08,95.67,0x0000,NONE,CLOSED,CLOSED,0,TN
2026-06-25T15:22:36.816+00:00,548.0,5481,3.9138,3.9190,3.9349,52.00,12.00,-2.915,0.0201,84.78,81.15,95.87,0x0000,NONE,CLOSED,CLOSED,0,TN
2026-06-25T15:22:36.947+00:00,549.0,5491,3.9065,3.9045,3.8992,52.00,12.00,-2.927,0.0194,84.75,81.06,95.75,0x0002,THERMAL_HOT,CLOSED,CLOSED,0,FP
2026-06-25T15:22:37.066+00:00,550.0,5501,3.9097,3.9058,3.8904,52.00,12.00,-2.909,0.0232,84.72,81.08,95.85,0x0002,THERMAL_HOT,CLOSED,CLOSED,0,FP
2026-06-25T15:22:37.193+00:00,551.0,5511,3.9078,3.9110,3.9090,52.00,12.00,-2.888,0.0235,84.69,81.06,95.86,0x0002,THERMAL_HOT,CLOSED,CLOSED,0,FP
2026-06-25T15:22:37.316+00:00,552.0,5521,3.9050,3.9103,3.9222,52.00,12.00,-2.894,0.0156,84.67,81.09,95.99,0x0002,THERMAL_HOT,CLOSED,CLOSED,0,FP
2026-06-25T15:22:37.441+00:00,553.0,5531,3.9110,3.9054,3.9108,52.00,12.00,-2.922,0.0212,84.64,81.09,96.04,0x0002,THERMAL_HOT,CLOSED,CLOSED,0,FP
2026-06-25T15:22:37.565+00:00,554.0,5541,3.9120,3.9131,3.9067,52.00,12.00,-2.908,0.0181,84.61,81.09,96.11,0x0002,THERMAL_HOT,CLOSED,CLOSED,0,FP
2026-06-25T15:22:37.690+00:00,555.0,5551,3.9039,3.9095,3.9113,52.00,12.00,-2.880,0.0186,84.58,81.10,96.20,0x0002,THERMAL_HOT,CLOSED,CLOSED,0,FP
2026-06-25T15:22:37.818+00:00,556.0,5561,3.9035,3.9162,3.9128,52.00,12.00,-2.902,0.0188,84.56,81.13,96.31,0x0002,THERMAL_HOT,CLOSED,CLOSED,0,FP
2026-06-25T15:22:37.939+00:00,557.0,5571,3.9065,3.9132,3.8977,52.00,12.00,-2.900,0.0176,84.53,81.12,96.35,0x0002,THERMAL_HOT,CLOSED,CLOSED,0,FP
2026-06-25T15:22:38.068+00:00,558.0,5581,3.9120,3.9150,3.9211,29.13,4.13,-2.909,0.0136,84.50,81.11,96.39,0x0002,THERMAL_HOT,CLOSED,CLOSED,0,FP
2026-06-25T15:22:38.195+00:00,559.0,5591,3.9045,3.9050,3.9100,29.21,4.21,-2.908,0.0178,84.47,81.13,96.47,0x0000,NONE,CLOSED,CLOSED,0,TN
2026-06-25T15:22:38.315+00:00,560.0,5601,3.9054,3.9186,3.8997,29.16,4.16,-2.882,0.0164,84.44,81.13,96.53,0x0000,NONE,CLOSED,CLOSED,0,TN
2026-06-25T15:22:38.447+00:00,561.0,5611,3.9078,3.9150,3.8941,29.16,4.16,-2.906,0.0182,84.42,81.12,96.57,0x0000,NONE,CLOSED,CLOSED,0,TN
2026-06-25T15:22:38.584+00:00,562.0,5621,3.9047,3.9245,3.9161,29.23,4.23,-2.886,0.0202,84.39,81.17,96.73,0x0000,NONE,CLOSED,CLOSED,0,TN
2026-06-25T15:22:38.690+00:00,563.0,5631,3.9033,3.8877,3.8934,29.08,4.08,-2.883,0.0235,84.36,81.12,96.69,0x0000,NONE,CLOSED,CLOSED,0,TN
2026-06-25T15:22:38.817+00:00,564.0,5641,3.9077,3.9045,3.8837,29.12,4.12,-2.874,0.0201,84.33,81.14,96.79,0x0000,NONE,CLOSED,CLOSED,0,TN
2026-06-25T15:22:38.941+00:00,565.0,5651,3.9046,3.9077,3.9086,52.00,12.00,-2.914,0.0228,84.31,81.15,96.88,0x0000,NONE,CLOSED,CLOSED,0,TN
2026-06-25T15:22:39.067+00:00,566.0,5661,3.9048,3.9078,3.9032,52.00,12.00,-2.925,0.0174,84.28,81.16,96.94,0x0002,THERMAL_HOT,CLOSED,CLOSED,0,FP
2026-06-25T15:22:39.209+00:00,567.0,5671,3.9123,3.9080,3.9050,52.00,12.00,-2.856,0.0210,84.25,81.15,96.99,0x0002,THERMAL_HOT,CLOSED,CLOSED,0,FP
2026-06-25T15:22:39.316+00:00,568.0,5681,3.9018,3.8977,3.8712,52.00,12.00,-2.922,0.0261,84.22,81.11,96.97,0x0002,THERMAL_HOT,CLOSED,CLOSED,0,FP
2026-06-25T15:22:39.442+00:00,569.0,5691,3.9047,3.9189,3.9052,52.00,12.00,-2.907,0.0159,84.19,81.16,97.11,0x0002,THERMAL_HOT,CLOSED,CLOSED,0,FP
2026-06-25T15:22:39.567+00:00,570.0,5701,3.9043,3.9021,3.9061,52.00,12.00,-2.868,0.0224,84.17,81.14,97.14,0x0002,THERMAL_HOT,CLOSED,CLOSED,0,FP
2026-06-25T15:22:39.691+00:00,571.0,5711,3.9044,3.9112,3.9108,52.00,12.00,-2.926,0.0277,84.14,81.18,97.27,0x0002,THERMAL_HOT,CLOSED,CLOSED,0,FP
2026-06-25T15:22:39.815+00:00,572.0,5721,3.9027,3.9039,3.8865,52.00,12.00,-2.885,0.0207,84.11,81.15,97.27,0x0002,THERMAL_HOT,CLOSED,CLOSED,0,FP
2026-06-25T15:22:39.955+00:00,573.0,5731,3.9034,3.8866,3.9099,52.00,12.00,-2.882,0.0158,84.08,81.17,97.37,0x0002,THERMAL_HOT,CLOSED,CLOSED,0,FP
2026-06-25T15:22:40.144+00:00,574.0,5741,3.9047,3.9107,3.9031,52.00,12.00,-2.918,0.0179,84.06,81.20,97.49,0x0002,THERMAL_HOT,CLOSED,CLOSED,0,FP
2026-06-25T15:22:40.215+00:00,575.0,5751,3.9034,3.9064,3.9111,29.20,4.20,-2.923,0.0172,84.03,81.17,97.48,0x0002,THERMAL_HOT,CLOSED,CLOSED,0,FP
2026-06-25T15:22:40.314+00:00,576.0,5761,3.9034,3.9223,3.8922,29.17,4.17,-2.911,0.0169,84.00,81.19,97.58,0x0000,NONE,CLOSED,CLOSED,0,TN
2026-06-25T15:22:40.442+00:00,577.0,5771,3.9089,3.9183,3.9244,29.25,4.25,-2.927,0.0209,83.97,81.24,97.73,0x0000,NONE,CLOSED,CLOSED,0,TN
2026-06-25T15:22:40.574+00:00,578.0,5781,3.8993,3.8971,3.9168,29.23,4.23,-2.899,0.0179,83.94,81.22,97.76,0x0000,NONE,CLOSED,CLOSED,0,TN
2026-06-25T15:22:40.691+00:00,579.0,5791,3.8980,3.9068,3.9232,29.20,4.20,-2.882,0.0232,83.92,81.21,97.78,0x0000,NONE,CLOSED,CLOSED,0,TN
2026-06-25T15:22:40.815+00:00,580.0,5801,3.9036,3.8999,3.9139,29.27,4.27,-2.919,0.0158,83.89,81.23,97.89,0x0000,NONE,CLOSED,CLOSED,0,TN
2026-06-25T15:22:40.940+00:00,581.0,5811,3.9058,3.9206,3.9243,29.24,4.24,-2.889,0.0210,83.86,81.24,97.95,0x0000,NONE,CLOSED,CLOSED,0,TN
2026-06-25T15:22:41.067+00:00,582.0,5821,3.9024,3.8995,3.9034,29.25,4.25,-2.900,0.0144,83.83,81.20,97.94,0x0000,NONE,CLOSED,CLOSED,0,TN
2026-06-25T15:22:41.190+00:00,583.0,5831,3.9015,3.8928,3.9062,29.25,4.25,-2.902,0.0220,83.81,81.21,98.01,0x0000,NONE,CLOSED,CLOSED,0,TN
2026-06-25T15:22:41.315+00:00,584.0,5841,3.9031,3.8985,3.9083,29.37,4.37,-2.904,0.0176,83.78,81.21,98.07,0x0000,NONE,CLOSED,CLOSED,0,TN
2026-06-25T15:22:41.442+00:00,585.0,5851,3.9026,3.9104,3.8973,29.21,4.21,-2.905,0.0219,83.75,81.21,98.14,0x0000,NONE,CLOSED,CLOSED,0,TN
2026-06-25T15:22:41.565+00:00,586.0,5861,3.9054,3.9148,3.9154,29.32,4.32,-2.923,0.0172,83.72,81.22,98.21,0x0000,NONE,CLOSED,CLOSED,0,TN
2026-06-25T15:22:41.690+00:00,587.0,5871,3.8996,3.9010,3.8701,29.22,4.22,-2.887,0.0144,83.69,81.15,98.13,0x0000,NONE,CLOSED,CLOSED,0,TN
2026-06-25T15:22:41.815+00:00,588.0,5881,3.8941,3.9029,3.9067,29.23,4.23,-2.914,0.0196,83.67,81.23,98.34,0x0000,NONE,CLOSED,CLOSED,0,TN
2026-06-25T15:22:41.951+00:00,589.0,5891,3.9005,3.9069,3.8925,29.28,4.28,-2.923,0.0116,83.64,81.18,98.30,0x0000,NONE,CLOSED,CLOSED,0,TN
2026-06-25T15:22:42.067+00:00,590.0,5901,3.9008,3.9012,3.9012,29.27,4.27,-2.936,0.0156,83.61,81.24,98.47,0x0000,NONE,CLOSED,CLOSED,0,TN
2026-06-25T15:22:42.192+00:00,591.0,5911,3.6023,3.9150,3.9112,29.29,4.29,-2.861,0.0256,83.58,79.86,95.82,0x000D,VOLT_IMBAL|SENSOR_LOSS|VOLT_GRADIENT,CLOSED,CLOSED,0,FP
2026-06-25T15:22:42.316+00:00,592.0,5921,3.6044,3.9025,3.8912,29.28,4.28,-2.915,0.0221,83.56,79.62,95.39,0x220D,VOLT_IMBAL|SENSOR_LOSS|VOLT_GRADIENT|CELL_BALANCE|CONTACT_RES,CLOSED,CLOSED,0,FP
2026-06-25T15:22:42.441+00:00,593.0,5931,3.8975,3.9017,3.8891,29.22,4.22,-2.913,0.0130,83.53,80.48,97.15,0x220D,VOLT_IMBAL|SENSOR_LOSS|VOLT_GRADIENT|CELL_BALANCE|CONTACT_RES,CLOSED,CLOSED,0,FP
2026-06-25T15:22:42.581+00:00,594.0,5941,3.8963,3.8820,3.8803,29.29,4.29,-2.894,0.0151,83.50,80.57,97.38,0x2000,CONTACT_RES,CLOSED,CLOSED,0,FP
2026-06-25T15:22:42.690+00:00,595.0,5951,3.9005,3.8828,3.8804,29.30,4.30,-2.899,0.0157,83.47,80.56,97.43,0x0000,NONE,CLOSED,CLOSED,0,TN
2026-06-25T15:22:42.816+00:00,596.0,5961,3.8975,3.8943,3.9035,29.31,4.31,-2.881,0.0149,83.44,80.63,97.61,0x0000,NONE,CLOSED,CLOSED,0,TN
2026-06-25T15:22:42.940+00:00,597.0,5971,3.9027,3.9061,3.8968,29.26,4.26,-2.913,0.0200,83.42,80.66,97.73,0x0000,NONE,CLOSED,CLOSED,0,TN
2026-06-25T15:22:43.066+00:00,598.0,5981,3.5966,3.8907,3.9052,29.31,4.31,-2.934,0.0145,83.39,79.17,94.86,0x0209,VOLT_IMBAL|VOLT_GRADIENT|CELL_BALANCE,CLOSED,CLOSED,0,FP
2026-06-25T15:22:43.192+00:00,599.0,5991,3.6010,3.8844,3.9108,29.33,4.33,-2.876,0.0089,83.36,79.00,94.60,0x220D,VOLT_IMBAL|SENSOR_LOSS|VOLT_GRADIENT|CELL_BALANCE|CONTACT_RES,CLOSED,CLOSED,0,FP
2026-06-25T15:22:43.316+00:00,600.0,6001,3.8959,3.8976,3.9052,29.36,4.36,-2.887,0.0163,83.33,79.87,96.35,0x2000,CONTACT_RES,CLOSED,CLOSED,0,FP
2026-06-25T15:22:43.441+00:00,601.0,6011,3.8989,3.8861,3.9028,29.38,4.38,-2.891,0.0181,83.31,79.99,96.65,0x2000,CONTACT_RES,CLOSED,CLOSED,0,FP
2026-06-25T15:22:43.566+00:00,602.0,6021,3.8996,3.8989,3.8835,29.41,4.41,-2.910,0.0187,83.28,80.02,96.76,0x0000,NONE,CLOSED,CLOSED,0,TN
2026-06-25T15:22:43.692+00:00,603.0,6031,3.8938,3.8965,3.9173,29.51,4.51,-2.911,0.0090,83.25,80.03,96.85,0x0000,NONE,CLOSED,CLOSED,0,TN
2026-06-25T15:22:43.816+00:00,604.0,6041,3.9014,3.9180,3.9109,29.36,4.36,-2.908,0.0238,83.22,80.08,96.99,0x0000,NONE,CLOSED,CLOSED,0,TN
2026-06-25T15:22:43.941+00:00,605.0,6051,3.9025,3.8967,3.8975,29.30,4.30,-2.918,0.0144,83.19,80.03,96.95,0x0000,NONE,CLOSED,CLOSED,0,TN
2026-06-25T15:22:44.067+00:00,606.0,6061,3.8983,3.8942,3.8912,29.40,4.40,-2.883,0.0179,83.17,80.06,97.07,0x0000,NONE,CLOSED,CLOSED,0,TN
2026-06-25T15:22:44.192+00:00,607.0,6071,3.5997,3.8912,3.9122,29.39,4.39,-2.887,0.0258,83.14,78.73,94.54,0x0004,SENSOR_LOSS,CLOSED,CLOSED,0,FP
2026-06-25T15:22:44.316+00:00,608.0,6081,3.6024,3.8961,3.8719,29.28,4.28,-2.876,0.0209,83.11,78.45,94.05,0x220D,VOLT_IMBAL|SENSOR_LOSS|VOLT_GRADIENT|CELL_BALANCE|CONTACT_RES,CLOSED,CLOSED,0,FP
2026-06-25T15:22:44.440+00:00,609.0,6091,3.8998,3.9015,3.8842,29.43,4.43,-2.901,0.0201,83.08,79.30,95.76,0x2208,VOLT_GRADIENT|CELL_BALANCE|CONTACT_RES,CLOSED,CLOSED,0,FP
2026-06-25T15:22:44.606+00:00,610.0,6101,3.8956,3.8931,3.8931,29.29,4.29,-2.891,0.0230,83.06,79.44,96.10,0x2000,CONTACT_RES,CLOSED,CLOSED,0,FP
2026-06-25T15:22:44.720+00:00,611.0,6111,3.9003,3.8982,3.9006,29.38,4.38,-2.906,0.0119,83.03,79.49,96.26,0x2000,CONTACT_RES,CLOSED,CLOSED,0,FP
2026-06-25T15:22:44.816+00:00,612.0,6121,3.8967,3.9123,3.8982,29.41,4.41,-2.926,0.0206,83.00,79.48,96.29,0x0000,NONE,CLOSED,CLOSED,0,TN
2026-06-25T15:22:44.941+00:00,613.0,6131,3.8978,3.8967,3.8930,29.35,4.35,-2.868,0.0052,82.97,79.48,96.34,0x0000,NONE,CLOSED,CLOSED,0,TN
2026-06-25T15:22:45.072+00:00,614.0,6141,3.8952,3.9083,3.8966,29.24,4.24,-2.880,0.0125,82.94,79.51,96.46,0x0000,NONE,CLOSED,CLOSED,0,TN
2026-06-25T15:22:45.210+00:00,615.0,6151,3.6022,3.8972,3.8981,29.31,4.31,-2.917,0.0170,82.92,78.14,93.85,0x0005,VOLT_IMBAL|SENSOR_LOSS,CLOSED,CLOSED,0,FP
2026-06-25T15:22:45.315+00:00,616.0,6161,3.5967,3.8990,3.8937,29.35,4.35,-2.880,0.0136,82.89,77.90,93.44,0x220D,VOLT_IMBAL|SENSOR_LOSS|VOLT_GRADIENT|CELL_BALANCE|CONTACT_RES,CLOSED,CLOSED,0,FP
2026-06-25T15:22:45.440+00:00,617.0,6171,3.8935,3.9038,3.8678,29.27,4.27,-2.900,0.0132,82.86,78.81,95.27,0x2000,CONTACT_RES,CLOSED,CLOSED,0,FP
2026-06-25T15:22:45.582+00:00,618.0,6181,3.8988,3.8991,3.8974,29.36,4.36,-2.917,0.0208,82.83,78.91,95.52,0x2000,CONTACT_RES,CLOSED,CLOSED,0,FP
2026-06-25T15:22:45.690+00:00,619.0,6191,3.8990,3.8977,3.8864,29.39,4.39,-2.887,0.0151,82.81,78.94,95.65,0x0000,NONE,CLOSED,CLOSED,0,TN
2026-06-25T15:22:45.816+00:00,620.0,6201,3.8939,3.9055,3.9183,29.42,4.42,-2.877,0.0248,82.78,78.99,95.79,0x0000,NONE,CLOSED,CLOSED,0,TN
2026-06-25T15:22:45.958+00:00,621.0,6211,3.5983,3.8934,3.8917,29.40,4.40,-2.888,0.0238,82.75,77.88,93.71,0x0004,SENSOR_LOSS,CLOSED,CLOSED,0,FP
2026-06-25T15:22:46.065+00:00,622.0,6221,3.5988,3.9104,3.9059,29.37,4.37,-2.860,0.0146,82.72,77.45,92.94,0x220D,VOLT_IMBAL|SENSOR_LOSS|VOLT_GRADIENT|CELL_BALANCE|CONTACT_RES,CLOSED,CLOSED,0,FP
2026-06-25T15:22:46.193+00:00,623.0,6231,3.8958,3.8959,3.8949,29.36,4.36,-2.905,0.0201,82.69,78.14,94.33,0x220D,VOLT_IMBAL|SENSOR_LOSS|VOLT_GRADIENT|CELL_BALANCE|CONTACT_RES,CLOSED,CLOSED,0,FP
2026-06-25T15:22:46.315+00:00,624.0,6241,3.8941,3.9030,3.8864,29.39,4.39,-2.892,0.0101,82.67,78.42,94.94,0x2000,CONTACT_RES,CLOSED,CLOSED,0,FP
2026-06-25T15:22:46.441+00:00,625.0,6251,3.8929,3.8908,3.8960,29.44,4.44,-2.913,0.0063,82.64,78.47,95.09,0x2000,CONTACT_RES,CLOSED,CLOSED,0,FP
2026-06-25T15:22:46.565+00:00,626.0,6261,3.8986,3.8943,3.8700,29.40,4.40,-2.920,0.0210,82.61,78.41,95.02,0x0000,NONE,CLOSED,CLOSED,0,TN
2026-06-25T15:22:46.697+00:00,627.0,6271,3.8931,3.8960,3.8755,29.40,4.40,-2.895,0.0169,82.58,78.45,95.17,0x0000,NONE,CLOSED,CLOSED,0,TN
2026-06-25T15:22:46.816+00:00,628.0,6281,3.5944,3.8987,3.9003,29.48,4.48,-2.862,0.0294,82.56,77.19,92.77,0x0004,SENSOR_LOSS,CLOSED,CLOSED,0,FP
2026-06-25T15:22:46.941+00:00,629.0,6291,3.5931,3.8888,3.9011,29.43,4.43,-2.911,0.0161,82.53,76.97,92.40,0x2209,VOLT_IMBAL|VOLT_GRADIENT|CELL_BALANCE|CONTACT_RES,CLOSED,CLOSED,0,FP
2026-06-25T15:22:47.066+00:00,630.0,6301,3.8929,3.9052,3.8844,29.45,4.45,-2.906,0.0140,82.50,77.85,94.19,0x2000,CONTACT_RES,CLOSED,CLOSED,0,FP
2026-06-25T15:22:47.192+00:00,631.0,6311,3.8929,3.8973,3.8873,29.46,4.46,-2.889,0.0185,82.47,77.98,94.49,0x2000,CONTACT_RES,CLOSED,CLOSED,0,FP
2026-06-25T15:22:47.315+00:00,632.0,6321,3.8969,3.8862,3.8986,29.40,4.40,-2.889,0.0193,82.44,78.03,94.64,0x0000,NONE,CLOSED,CLOSED,0,TN
2026-06-25T15:22:47.457+00:00,633.0,6331,3.8970,3.9082,3.9030,29.35,4.35,-2.906,0.0118,82.42,78.10,94.83,0x0000,NONE,CLOSED,CLOSED,0,TN
2026-06-25T15:22:47.566+00:00,634.0,6341,3.5901,3.8882,3.8851,29.41,4.41,-2.915,0.0247,82.39,76.83,92.44,0x0209,VOLT_IMBAL|VOLT_GRADIENT|CELL_BALANCE,CLOSED,CLOSED,0,FP
2026-06-25T15:22:47.690+00:00,635.0,6351,3.6010,3.9040,3.8945,29.55,4.55,-2.918,0.0133,82.36,76.56,91.99,0x220D,VOLT_IMBAL|SENSOR_LOSS|VOLT_GRADIENT|CELL_BALANCE|CONTACT_RES,CLOSED,CLOSED,0,FP
2026-06-25T15:22:47.814+00:00,636.0,6361,3.8951,3.9035,3.8830,29.45,4.45,-2.900,0.0153,82.33,77.31,93.50,0x2200,CELL_BALANCE|CONTACT_RES,CLOSED,CLOSED,0,FP
2026-06-25T15:22:47.940+00:00,637.0,6371,3.8914,3.8963,3.8852,29.37,4.37,-2.895,0.0161,82.31,77.52,93.97,0x2000,CONTACT_RES,CLOSED,CLOSED,0,FP
2026-06-25T15:22:48.065+00:00,638.0,6381,3.8982,3.8952,3.9045,29.40,4.40,-2.915,0.0188,82.28,77.58,94.14,0x0000,NONE,CLOSED,CLOSED,0,TN
2026-06-25T15:22:48.205+00:00,639.0,6391,3.8860,3.8855,3.8856,29.47,4.47,-2.883,0.0199,82.25,77.54,94.11,0x0000,NONE,CLOSED,CLOSED,0,TN
2026-06-25T15:22:48.316+00:00,640.0,6401,3.5926,3.9010,3.9011,29.46,4.46,-2.891,0.0173,82.22,77.27,93.64,0x0000,NONE,CLOSED,CLOSED,0,TN
2026-06-25T15:22:48.441+00:00,641.0,6411,3.5927,3.9064,3.8848,29.49,4.49,-2.901,0.0181,82.19,76.13,91.51,0x020D,VOLT_IMBAL|SENSOR_LOSS|VOLT_GRADIENT|CELL_BALANCE,CLOSED,CLOSED,0,FP
2026-06-25T15:22:48.566+00:00,642.0,6421,3.8878,3.8875,3.8765,29.56,4.56,-2.890,0.0228,82.17,76.40,92.09,0x2209,VOLT_IMBAL|VOLT_GRADIENT|CELL_BALANCE|CONTACT_RES,CLOSED,CLOSED,0,FP
2026-06-25T15:22:48.690+00:00,643.0,6431,3.8891,3.8821,3.8875,29.44,4.44,-2.900,0.0207,82.14,77.07,93.46,0x2000,CONTACT_RES,CLOSED,CLOSED,0,FP
2026-06-25T15:22:48.815+00:00,644.0,6441,3.8851,3.8898,3.8756,29.38,4.38,-2.936,0.0140,82.11,77.12,93.61,0x2000,CONTACT_RES,CLOSED,CLOSED,0,FP
2026-06-25T15:22:48.940+00:00,645.0,6451,3.8898,3.8960,3.8808,29.49,4.49,-2.878,0.0157,82.08,77.11,93.65,0x0000,NONE,CLOSED,CLOSED,0,TN
2026-06-25T15:22:49.066+00:00,646.0,6461,3.8892,3.8993,3.8758,29.51,4.51,-2.892,0.0166,82.06,77.13,93.73,0x0000,NONE,CLOSED,CLOSED,0,TN
2026-06-25T15:22:49.195+00:00,647.0,6471,3.8903,3.8958,3.8910,29.53,4.53,-2.904,0.0138,82.03,77.19,93.91,0x0000,NONE,CLOSED,CLOSED,0,TN
2026-06-25T15:22:49.315+00:00,648.0,6481,3.8920,3.8904,3.8790,29.48,4.48,-2.919,0.0182,82.00,77.13,93.85,0x0000,NONE,CLOSED,CLOSED,0,TN
2026-06-25T15:22:49.440+00:00,649.0,6491,3.8901,3.8979,3.8988,29.51,4.51,-2.926,0.0209,81.97,77.22,94.08,0x0000,NONE,CLOSED,CLOSED,0,TN
2026-06-25T15:22:49.565+00:00,650.0,6501,3.8932,3.9030,3.8844,29.49,4.49,-2.897,0.0224,81.94,77.22,94.14,0x0000,NONE,CLOSED,CLOSED,0,TN
2026-06-25T15:22:49.701+00:00,651.0,6511,3.8940,3.8889,3.9027,29.52,4.52,-2.912,0.0144,81.92,77.25,94.26,0x0000,NONE,CLOSED,CLOSED,0,TN
2026-06-25T15:22:49.816+00:00,652.0,6521,3.8881,3.8964,3.8855,33.44,4.43,-2.895,0.0140,81.89,77.20,94.21,0x0000,NONE,CLOSED,CLOSED,0,TN
2026-06-25T15:22:49.940+00:00,653.0,6531,3.8906,3.8884,3.8735,33.48,4.48,-2.892,0.0188,81.86,77.20,94.28,0x0010,TEMP_GRADIENT,CLOSED,CLOSED,0,FP
2026-06-25T15:22:50.066+00:00,654.0,6541,3.8895,3.8774,3.8890,29.54,4.54,-2.904,0.0196,81.83,77.19,94.31,0x0000,NONE,CLOSED,CLOSED,0,TN
2026-06-25T15:22:50.291+00:00,655.0,6551,3.8884,3.8885,3.8956,29.42,4.42,-2.916,0.0195,81.81,77.24,94.47,0x0000,NONE,CLOSED,CLOSED,0,TN
2026-06-25T15:22:50.322+00:00,656.0,6561,3.8874,3.8873,3.8750,29.56,4.56,-2.909,0.0202,81.78,77.26,94.57,0x0000,NONE,CLOSED,CLOSED,0,TN
2026-06-25T15:22:50.440+00:00,657.0,6571,3.8877,3.8822,3.8861,29.49,4.49,-2.913,0.0134,81.75,77.30,94.69,0x0000,NONE,CLOSED,CLOSED,0,TN
2026-06-25T15:22:50.575+00:00,658.0,6581,3.8870,3.8718,3.8852,29.47,4.47,-2.890,0.0186,81.72,77.23,94.62,0x0000,NONE,CLOSED,CLOSED,0,TN
2026-06-25T15:22:50.693+00:00,659.0,6591,3.8870,3.8900,3.9084,33.49,4.49,-2.887,0.0137,81.69,77.30,94.81,0x0000,NONE,CLOSED,CLOSED,0,TN
2026-06-25T15:22:50.817+00:00,660.0,6601,3.8835,3.8904,3.8767,33.41,4.41,-2.896,0.0139,81.67,77.31,94.88,0x0010,TEMP_GRADIENT,CLOSED,CLOSED,0,FP
2026-06-25T15:22:50.940+00:00,661.0,6611,3.8892,3.8698,3.8823,29.61,4.61,-2.925,0.0219,81.64,77.32,94.95,0x0000,NONE,CLOSED,CLOSED,0,TN
2026-06-25T15:22:51.070+00:00,662.0,6621,3.8798,3.8788,3.8871,29.47,4.47,-2.884,0.0146,81.61,77.32,95.01,0x0000,NONE,CLOSED,CLOSED,0,TN
2026-06-25T15:22:51.196+00:00,663.0,6631,3.8821,3.8847,3.8763,29.55,4.55,-2.921,0.0197,81.58,77.31,95.06,0x0000,NONE,CLOSED,CLOSED,0,TN
2026-06-25T15:22:51.314+00:00,664.0,6641,3.8832,3.8875,3.8977,29.51,4.51,-2.889,0.0163,81.56,77.35,95.19,0x0000,NONE,CLOSED,CLOSED,0,TN
2026-06-25T15:22:51.454+00:00,665.0,6651,3.8871,3.8935,3.8626,29.43,4.43,-2.908,0.0154,81.53,77.33,95.19,0x0000,NONE,CLOSED,CLOSED,0,TN
2026-06-25T15:22:51.566+00:00,666.0,6661,3.8886,3.9039,3.8914,29.49,4.49,-2.909,0.0043,81.50,77.39,95.38,0x0000,NONE,CLOSED,CLOSED,0,TN
2026-06-25T15:22:51.691+00:00,667.0,6671,3.8866,3.8853,3.8741,29.55,4.55,-2.906,0.0141,81.47,77.38,95.42,0x0000,NONE,CLOSED,CLOSED,0,TN
2026-06-25T15:22:51.814+00:00,668.0,6681,3.8847,3.8892,3.8925,29.56,4.56,-2.900,0.0227,81.44,77.37,95.45,0x0000,NONE,CLOSED,CLOSED,0,TN
2026-06-25T15:22:51.940+00:00,669.0,6691,3.8868,3.8849,3.8954,29.59,4.59,-2.915,0.0197,81.42,77.42,95.59,0x0000,NONE,CLOSED,CLOSED,0,TN
2026-06-25T15:22:52.065+00:00,670.0,6701,3.8888,3.8827,3.8851,29.56,4.56,-2.880,0.0136,81.39,77.39,95.60,0x0000,NONE,CLOSED,CLOSED,0,TN
2026-06-25T15:22:52.212+00:00,671.0,6711,3.8882,3.8974,3.8855,29.45,4.45,-2.899,0.0209,81.36,77.43,95.72,0x0000,NONE,CLOSED,CLOSED,0,TN
2026-06-25T15:22:52.315+00:00,672.0,6721,3.8864,3.8982,3.9044,29.67,4.67,-2.899,0.0192,81.33,77.46,95.84,0x0000,NONE,CLOSED,CLOSED,0,TN
2026-06-25T15:22:52.440+00:00,673.0,6731,3.8896,3.8967,3.8886,29.66,4.66,-2.894,0.0095,81.31,77.45,95.87,0x0000,NONE,CLOSED,CLOSED,0,TN
2026-06-25T15:22:52.566+00:00,674.0,6741,3.8792,3.8685,3.8741,29.67,4.67,-2.882,0.0225,81.28,77.41,95.85,0x0000,NONE,CLOSED,CLOSED,0,TN
2026-06-25T15:22:52.690+00:00,675.0,6751,3.8867,3.8922,3.8808,29.58,4.58,-2.885,0.0148,81.25,77.46,96.00,0x0000,NONE,CLOSED,CLOSED,0,TN
2026-06-25T15:22:52.814+00:00,676.0,6761,3.8863,3.8932,3.8603,33.58,4.58,-2.908,0.0123,81.22,77.46,96.06,0x0000,NONE,CLOSED,CLOSED,0,TN
2026-06-25T15:22:52.958+00:00,677.0,6771,3.8835,3.8875,3.8838,33.65,4.65,-2.914,0.0183,81.19,77.49,96.17,0x0010,TEMP_GRADIENT,CLOSED,CLOSED,0,FP
2026-06-25T15:22:53.068+00:00,678.0,6781,3.8870,3.8960,3.8975,29.62,4.62,-2.925,0.0088,81.17,77.53,96.30,0x0000,NONE,CLOSED,CLOSED,0,TN
2026-06-25T15:22:53.194+00:00,679.0,6791,3.8829,3.8887,3.8795,29.64,4.64,-2.911,0.0167,81.14,77.48,96.26,0x0000,NONE,CLOSED,CLOSED,0,TN
2026-06-25T15:22:53.315+00:00,680.0,6801,3.8801,3.8764,3.8740,29.62,4.62,-2.894,0.0183,81.11,77.48,96.32,0x0000,NONE,CLOSED,CLOSED,0,TN
2026-06-25T15:22:53.441+00:00,681.0,6811,3.8840,3.8867,3.8715,29.67,4.67,-2.889,0.0172,81.08,77.51,96.42,0x0000,NONE,CLOSED,CLOSED,0,TN
2026-06-25T15:22:53.584+00:00,682.0,6821,3.8884,3.8874,3.8760,33.57,4.57,-2.916,0.0266,81.06,77.51,96.48,0x0000,NONE,CLOSED,CLOSED,0,TN
2026-06-25T15:22:53.690+00:00,683.0,6831,3.8835,3.8817,3.8849,33.63,4.63,-2.889,0.0218,81.03,77.47,96.46,0x0010,TEMP_GRADIENT,CLOSED,CLOSED,0,FP
2026-06-25T15:22:53.815+00:00,684.0,6841,3.8801,3.8938,3.8671,29.69,4.69,-2.911,0.0104,81.00,77.52,96.61,0x0000,NONE,CLOSED,CLOSED,0,TN
2026-06-25T15:22:53.940+00:00,685.0,6851,3.8784,3.8879,3.8754,29.58,4.58,-2.886,0.0181,80.97,77.54,96.70,0x0000,NONE,CLOSED,CLOSED,0,TN
2026-06-25T15:22:54.069+00:00,686.0,6861,3.8790,3.8789,3.8733,29.63,4.63,-2.898,0.0147,80.94,77.56,96.79,0x0000,NONE,CLOSED,CLOSED,0,TN
2026-06-25T15:22:54.192+00:00,687.0,6871,3.8825,3.8817,3.8833,29.63,4.63,-2.881,0.0213,80.92,77.54,96.81,0x0000,NONE,CLOSED,CLOSED,0,TN
2026-06-25T15:22:54.316+00:00,688.0,6881,3.8816,3.8683,3.8804,29.58,4.58,-2.916,0.0165,80.89,77.53,96.84,0x0000,NONE,CLOSED,CLOSED,0,TN
2026-06-25T15:22:54.440+00:00,689.0,6891,3.8838,3.8757,3.8833,29.61,4.61,-2.914,0.0200,80.86,77.57,96.98,0x0000,NONE,CLOSED,CLOSED,0,TN
2026-06-25T15:22:54.565+00:00,690.0,6901,3.8834,3.8751,3.8749,29.78,4.78,-2.904,0.0193,80.83,77.54,96.97,0x0000,NONE,CLOSED,CLOSED,0,TN
2026-06-25T15:22:54.690+00:00,691.0,6911,3.8740,3.8789,3.8983,29.74,4.74,-2.896,0.0198,80.81,77.59,97.12,0x0000,NONE,CLOSED,CLOSED,0,TN
2026-06-25T15:22:54.817+00:00,692.0,6921,3.8809,3.8917,3.8972,29.69,4.69,-2.881,0.0151,80.78,77.59,97.16,0x0000,NONE,CLOSED,CLOSED,0,TN
2026-06-25T15:22:54.940+00:00,693.0,6931,3.8775,3.8666,3.8876,29.60,4.60,-2.913,0.0199,80.75,77.57,97.19,0x0000,NONE,CLOSED,CLOSED,0,TN
2026-06-25T15:22:55.066+00:00,694.0,6941,3.8783,3.8719,3.8881,29.66,4.66,-2.923,0.0166,80.72,77.58,97.26,0x0000,NONE,CLOSED,CLOSED,0,TN
2026-06-25T15:22:55.212+00:00,695.0,6951,3.8754,3.8886,3.8674,29.72,4.72,-2.865,0.0203,80.69,77.60,97.35,0x0000,NONE,CLOSED,CLOSED,0,TN
2026-06-25T15:22:55.315+00:00,696.0,6961,3.8825,3.8642,3.8688,29.76,4.76,-2.887,0.0222,80.67,77.58,97.36,0x0000,NONE,CLOSED,CLOSED,0,TN
2026-06-25T15:22:55.440+00:00,697.0,6971,3.8757,3.8773,3.8703,29.60,4.60,-2.905,0.0079,80.64,77.65,97.54,0x0000,NONE,CLOSED,CLOSED,0,TN
2026-06-25T15:22:55.566+00:00,698.0,6981,3.8747,3.8871,3.8685,29.64,4.64,-2.902,0.0230,80.61,77.62,97.55,0x0000,NONE,CLOSED,CLOSED,0,TN
2026-06-25T15:22:55.691+00:00,699.0,6991,3.8801,3.8760,3.8933,29.70,4.70,-2.911,0.0216,80.58,77.63,97.62,0x0000,NONE,CLOSED,CLOSED,0,TN
2026-06-25T15:22:55.815+00:00,700.0,7001,3.8805,3.8692,3.8570,29.68,4.68,-2.918,0.0131,80.56,77.62,97.66,0x0000,NONE,CLOSED,CLOSED,0,TN
2026-06-25T15:22:55.940+00:00,701.0,7011,3.8788,3.8675,3.8593,29.61,4.61,-2.909,0.0227,80.53,77.65,97.77,0x0000,NONE,CLOSED,CLOSED,0,TN
2026-06-25T15:22:56.066+00:00,702.0,7021,3.8838,3.8847,3.8973,29.66,4.66,-2.900,0.0229,80.50,77.72,97.94,0x0000,NONE,CLOSED,CLOSED,0,TN
2026-06-25T15:22:56.192+00:00,703.0,7031,3.8733,3.8719,3.8685,29.61,4.61,-2.873,0.0196,80.47,77.64,97.85,0x0000,NONE,CLOSED,CLOSED,0,TN
2026-06-25T15:22:56.317+00:00,704.0,7041,3.8794,3.8804,3.8888,29.55,4.55,-2.898,0.0208,80.44,77.66,97.94,0x0000,NONE,CLOSED,CLOSED,0,TN
2026-06-25T15:22:56.441+00:00,705.0,7051,3.8798,3.8838,3.8883,29.81,4.81,-2.897,0.0126,80.42,77.64,97.97,0x0000,NONE,CLOSED,CLOSED,0,TN
2026-06-25T15:22:56.565+00:00,706.0,7061,3.8813,3.8895,3.8923,29.70,4.70,-2.874,0.0153,80.39,77.71,98.15,0x0000,NONE,CLOSED,CLOSED,0,TN
2026-06-25T15:22:56.707+00:00,707.0,7071,3.8800,3.8817,3.8717,29.63,4.63,-2.910,0.0115,80.36,77.67,98.11,0x0000,NONE,CLOSED,CLOSED,0,TN
2026-06-25T15:22:56.815+00:00,708.0,7081,3.8772,3.8867,3.8662,29.77,4.77,-2.883,0.0104,80.33,77.68,98.18,0x000C,SENSOR_LOSS|VOLT_GRADIENT,CLOSED,CLOSED,0,FP
2026-06-25T15:22:56.941+00:00,709.0,7091,3.8745,3.8664,3.8939,29.58,4.58,-2.900,0.0188,80.31,77.70,98.29,0x000C,SENSOR_LOSS|VOLT_GRADIENT,CLOSED,CLOSED,0,FP
2026-06-25T15:22:57.065+00:00,710.0,7101,3.8750,3.8846,3.8729,29.75,4.75,-2.890,0.0199,80.28,77.69,98.32,0x0000,NONE,CLOSED,CLOSED,0,TN
2026-06-25T15:22:57.193+00:00,711.0,7111,3.8725,3.8648,3.8702,29.72,4.72,-2.889,0.0114,80.25,77.63,98.26,0x0000,NONE,CLOSED,CLOSED,0,TN
2026-06-25T15:22:57.316+00:00,712.0,7121,3.8738,3.8785,3.8781,29.65,4.65,-2.888,0.0158,80.22,77.68,98.41,0x0000,NONE,CLOSED,CLOSED,0,TN
2026-06-25T15:22:57.450+00:00,713.0,7131,3.8747,3.8748,3.8763,29.83,4.83,-2.895,0.0062,80.19,77.68,98.46,0x0000,NONE,CLOSED,CLOSED,0,TN
2026-06-25T15:22:57.566+00:00,714.0,7141,3.8650,3.8543,3.8791,29.75,4.75,-2.896,0.0132,80.17,77.69,98.52,0x0000,NONE,CLOSED,CLOSED,0,TN
2026-06-25T15:22:57.690+00:00,715.0,7151,3.8764,3.8730,3.8884,29.75,4.75,-2.891,0.0138,80.14,77.71,98.61,0x0000,NONE,CLOSED,CLOSED,0,TN
2026-06-25T15:22:57.816+00:00,716.0,7161,3.8749,3.8742,3.8724,29.76,4.76,-2.878,0.0240,80.11,77.71,98.67,0x0000,NONE,CLOSED,CLOSED,0,TN
2026-06-25T15:22:57.940+00:00,717.0,7171,3.8724,3.8713,3.8542,29.78,4.78,-2.915,0.0183,80.08,77.71,98.72,0x000C,SENSOR_LOSS|VOLT_GRADIENT,CLOSED,CLOSED,0,FP
2026-06-25T15:22:58.066+00:00,718.0,7181,3.8746,3.8731,3.8640,29.86,4.86,-2.900,0.0174,80.06,77.72,98.79,0x000C,SENSOR_LOSS|VOLT_GRADIENT,CLOSED,CLOSED,0,FP
2026-06-25T15:22:58.215+00:00,719.0,7191,3.8738,3.8697,3.8607,29.74,4.74,-2.863,0.0241,80.03,77.68,98.76,0x0000,NONE,CLOSED,CLOSED,0,TN
2026-06-25T15:22:58.315+00:00,720.0,7201,3.8735,3.8801,3.8783,29.73,4.73,-2.884,0.0188,80.00,77.74,98.93,0x0000,NONE,CLOSED,CLOSED,0,TN
2026-06-25T15:22:58.440+00:00,721.0,7211,3.8799,3.8776,3.8932,29.74,4.74,-2.887,0.0142,79.97,77.75,99.00,0x0000,NONE,CLOSED,CLOSED,0,TN
2026-06-25T15:22:58.566+00:00,722.0,7221,3.8759,3.8809,3.8785,29.82,4.82,-2.896,0.0132,79.94,77.71,98.97,0x0000,NONE,CLOSED,CLOSED,0,TN
2026-06-25T15:22:58.690+00:00,723.0,7231,3.8692,3.8666,3.8824,29.68,4.68,-2.923,0.0173,79.92,77.75,99.10,0x0000,NONE,CLOSED,CLOSED,0,TN
2026-06-25T15:22:58.816+00:00,724.0,7241,3.8741,3.8826,3.8674,29.82,4.82,-2.902,0.0171,79.89,77.76,99.17,0x0000,NONE,CLOSED,CLOSED,0,TN
2026-06-25T15:22:58.952+00:00,725.0,7251,3.8728,3.8653,3.8845,29.73,4.73,-2.926,0.0219,79.86,77.71,99.13,0x000C,SENSOR_LOSS|VOLT_GRADIENT,CLOSED,CLOSED,0,FP
2026-06-25T15:22:59.065+00:00,726.0,7261,3.8775,3.8780,3.8756,29.70,4.70,-2.887,0.0180,79.83,77.77,99.28,0x0008,VOLT_GRADIENT,CLOSED,CLOSED,0,FP
2026-06-25T15:22:59.197+00:00,727.0,7271,3.8661,3.8705,3.8551,29.75,4.75,-2.881,0.0205,79.81,77.71,99.23,0x0000,NONE,CLOSED,CLOSED,0,TN
2026-06-25T15:22:59.317+00:00,728.0,7281,3.8687,3.8613,3.8768,29.77,4.77,-2.895,0.0196,79.78,77.74,99.34,0x0000,NONE,CLOSED,CLOSED,0,TN
2026-06-25T15:22:59.446+00:00,729.0,7291,3.8619,3.8756,3.8591,29.76,4.76,-2.891,0.0178,79.75,77.74,99.38,0x0000,NONE,CLOSED,CLOSED,0,TN
2026-06-25T15:22:59.566+00:00,730.0,7301,3.8685,3.8698,3.8949,29.75,4.75,-2.907,0.0178,79.72,77.77,99.50,0x0000,NONE,CLOSED,CLOSED,0,TN
2026-06-25T15:22:59.696+00:00,731.0,7311,3.8689,3.8622,3.8795,29.70,4.70,-2.904,0.0209,79.69,77.73,99.48,0x000C,SENSOR_LOSS|VOLT_GRADIENT,CLOSED,CLOSED,0,FP
2026-06-25T15:22:59.815+00:00,732.0,7321,3.8718,3.8520,3.8864,29.70,4.70,-2.928,0.0131,79.67,77.73,99.52,0x000C,SENSOR_LOSS|VOLT_GRADIENT,CLOSED,CLOSED,0,FP
2026-06-25T15:22:59.941+00:00,733.0,7331,3.8785,3.8790,3.8714,29.87,4.87,-2.898,0.0169,79.64,77.78,99.67,0x0000,NONE,CLOSED,CLOSED,0,TN
2026-06-25T15:23:00.067+00:00,734.0,7341,3.8676,3.8581,3.8731,29.82,4.82,-2.890,0.0214,79.61,77.75,99.66,0x0000,NONE,CLOSED,CLOSED,0,TN
2026-06-25T15:23:00.190+00:00,735.0,7351,3.8664,3.8770,3.8859,29.81,4.81,-2.900,0.0209,79.58,77.79,99.78,0x0000,NONE,CLOSED,CLOSED,0,TN
2026-06-25T15:23:00.316+00:00,736.0,7361,3.8666,3.8622,3.8706,29.76,4.76,-2.906,0.0193,79.56,77.76,99.79,0x0000,NONE,CLOSED,CLOSED,0,TN
2026-06-25T15:23:00.449+00:00,737.0,7371,3.8692,3.8746,3.8654,29.80,4.80,-2.898,0.0146,79.53,77.79,99.89,0x0000,NONE,CLOSED,CLOSED,0,TN
2026-06-25T15:23:00.565+00:00,738.0,7381,3.8711,3.8706,3.8900,29.84,4.84,-2.893,0.0189,79.50,77.81,99.98,0x0000,NONE,CLOSED,CLOSED,0,TN
2026-06-25T15:23:00.691+00:00,739.0,7391,3.8719,3.8624,3.8706,29.82,4.82,-2.901,0.0189,79.47,77.75,99.91,0x0000,NONE,CLOSED,CLOSED,0,TN
2026-06-25T15:23:00.816+00:00,740.0,7401,3.8659,3.8673,3.8561,29.79,4.79,-2.897,0.0123,79.44,77.77,100.00,0x0000,NONE,CLOSED,CLOSED,0,TN
2026-06-25T15:23:00.940+00:00,741.0,7411,3.8707,3.8770,3.8800,29.84,4.84,-2.895,0.0149,79.42,77.79,100.10,0x0000,NONE,CLOSED,CLOSED,0,TN
2026-06-25T15:23:01.064+00:00,742.0,7421,3.8660,3.8676,3.8597,29.87,4.87,-2.877,0.0153,79.39,77.75,100.06,0x0000,NONE,CLOSED,CLOSED,0,TN
2026-06-25T15:23:01.213+00:00,743.0,7431,3.8671,3.8615,3.8445,29.84,4.84,-2.913,0.0138,79.36,77.74,100.10,0x0000,NONE,CLOSED,CLOSED,0,TN
2026-06-25T15:23:01.315+00:00,744.0,7441,3.8720,3.8653,3.8822,29.85,4.85,-2.901,0.0182,79.33,77.79,100.24,0x0000,NONE,CLOSED,CLOSED,0,TN
2026-06-25T15:23:01.440+00:00,745.0,7451,3.8651,3.8470,3.8715,29.81,4.81,-2.873,0.0202,79.31,77.78,100.27,0x0000,NONE,CLOSED,CLOSED,0,TN
2026-06-25T15:23:01.565+00:00,746.0,7461,3.8644,3.8671,3.8755,29.89,4.89,-2.899,0.0161,79.28,77.78,100.32,0x0000,NONE,CLOSED,CLOSED,0,TN
2026-06-25T15:23:01.691+00:00,747.0,7471,3.8687,3.8703,3.8563,29.85,4.85,-2.916,0.0195,79.25,77.77,100.35,0x0000,NONE,CLOSED,CLOSED,0,TN
2026-06-25T15:23:01.815+00:00,748.0,7481,3.8649,3.8724,3.8616,29.86,4.86,-2.881,0.0147,79.22,77.78,100.41,0x0000,NONE,CLOSED,CLOSED,0,TN
2026-06-25T15:23:01.940+00:00,749.0,7491,3.8646,3.8543,3.8476,29.98,4.98,-2.876,0.0210,79.19,77.73,100.39,0x0000,NONE,CLOSED,CLOSED,0,TN
2026-06-25T15:23:02.068+00:00,750.0,7501,3.8703,3.8775,3.8606,29.93,4.93,-2.925,0.0188,79.17,77.77,100.50,0x0000,NONE,CLOSED,CLOSED,0,TN
2026-06-25T15:23:02.193+00:00,751.0,7511,3.8700,3.8775,3.8726,29.88,4.88,-2.886,0.0144,79.14,77.78,100.57,0x0000,NONE,CLOSED,CLOSED,0,TN
2026-06-25T15:23:02.316+00:00,752.0,7521,3.8675,3.8471,3.8573,30.04,5.04,-2.917,0.0173,79.11,77.76,100.57,0x0000,NONE,CLOSED,CLOSED,0,TN
2026-06-25T15:23:02.441+00:00,753.0,7531,3.8680,3.8656,3.8541,29.82,4.82,-2.888,0.0266,79.08,77.75,100.61,0x0000,NONE,CLOSED,CLOSED,0,TN
2026-06-25T15:23:02.565+00:00,754.0,7541,3.8658,3.8583,3.8725,29.91,4.91,-2.869,0.0271,79.06,77.76,100.68,0x0000,NONE,CLOSED,CLOSED,0,TN
2026-06-25T15:23:02.691+00:00,755.0,7551,3.8647,3.8669,3.8729,30.07,5.07,-2.866,0.0110,79.03,77.79,100.79,0x0000,NONE,CLOSED,CLOSED,0,TN
2026-06-25T15:23:02.818+00:00,756.0,7561,3.8588,3.8620,3.8706,29.80,4.80,-2.926,0.0194,79.00,77.80,100.85,0x0000,NONE,CLOSED,CLOSED,0,TN
2026-06-25T15:23:02.941+00:00,757.0,7571,3.8599,3.8398,3.8515,29.92,4.92,-2.904,0.0219,78.97,77.71,100.75,0x0000,NONE,CLOSED,CLOSED,0,TN
2026-06-25T15:23:03.066+00:00,758.0,7581,3.8664,3.8748,3.8590,29.80,4.80,-2.919,0.0095,78.94,77.78,100.92,0x0000,NONE,CLOSED,CLOSED,0,TN
2026-06-25T15:23:03.191+00:00,759.0,7591,3.8601,3.8527,3.8745,30.01,5.01,-2.917,0.0126,78.92,77.79,100.98,0x0000,NONE,CLOSED,CLOSED,0,TN
2026-06-25T15:23:03.316+00:00,760.0,7601,3.8619,3.8639,3.8567,29.86,4.86,-2.896,0.0221,78.89,77.77,100.99,0x0000,NONE,CLOSED,CLOSED,0,TN
2026-06-25T15:23:03.442+00:00,761.0,7611,3.8627,3.8621,3.8846,29.89,4.89,-2.923,0.0182,78.86,77.80,101.10,0x0000,NONE,CLOSED,CLOSED,0,TN
2026-06-25T15:23:03.576+00:00,762.0,7621,3.8593,3.8651,3.8479,29.96,4.96,-2.921,0.0184,78.83,77.75,101.06,0x0000,NONE,CLOSED,CLOSED,0,TN
2026-06-25T15:23:03.690+00:00,763.0,7631,3.8647,3.8726,3.8477,29.88,4.88,-2.909,0.0135,78.81,77.75,101.11,0x0000,NONE,CLOSED,CLOSED,0,TN
2026-06-25T15:23:03.816+00:00,764.0,7641,3.8550,3.8523,3.8464,29.96,4.96,-2.915,0.0184,78.78,77.74,101.13,0x0000,NONE,CLOSED,CLOSED,0,TN
2026-06-25T15:23:03.940+00:00,765.0,7651,3.8642,3.8410,3.8692,30.05,5.05,-2.929,0.0238,78.75,77.73,101.16,0x0000,NONE,CLOSED,CLOSED,0,TN
2026-06-25T15:23:04.072+00:00,766.0,7661,3.8647,3.8586,3.8643,29.83,4.83,-2.914,0.0205,78.72,77.78,101.30,0x0000,NONE,CLOSED,CLOSED,0,TN
2026-06-25T15:23:04.190+00:00,767.0,7671,3.8626,3.8642,3.8819,30.03,5.03,-2.900,0.0153,78.69,77.80,101.38,0x0000,NONE,CLOSED,CLOSED,0,TN
2026-06-25T15:23:04.315+00:00,768.0,7681,3.8617,3.8594,3.8584,29.95,4.95,-2.908,0.0196,78.67,77.73,101.31,0x0000,NONE,CLOSED,CLOSED,0,TN
2026-06-25T15:23:04.440+00:00,769.0,7691,3.8610,3.8629,3.8791,30.01,5.01,-2.908,0.0127,78.64,77.79,101.47,0x0000,NONE,CLOSED,CLOSED,0,TN
2026-06-25T15:23:04.565+00:00,770.0,7701,3.8622,3.8582,3.8583,30.10,5.10,-2.900,0.0189,78.61,77.76,101.47,0x0000,NONE,CLOSED,CLOSED,0,TN
2026-06-25T15:23:04.690+00:00,771.0,7711,3.8602,3.8558,3.8455,30.03,5.03,-2.892,0.0222,78.58,77.70,101.41,0x0000,NONE,CLOSED,CLOSED,0,TN
2026-06-25T15:23:04.815+00:00,772.0,7721,3.8584,3.8483,3.8341,30.14,5.14,-2.896,0.0212,78.56,77.70,101.46,0x0000,NONE,CLOSED,CLOSED,0,TN
2026-06-25T15:23:04.942+00:00,773.0,7731,3.8633,3.8610,3.8650,30.13,5.13,-2.907,0.0175,78.53,77.73,101.56,0x0000,NONE,CLOSED,CLOSED,0,TN
2026-06-25T15:23:05.074+00:00,774.0,7741,3.8605,3.8559,3.8564,30.03,5.03,-2.892,0.0230,78.50,77.73,101.60,0x0000,NONE,CLOSED,CLOSED,0,TN
2026-06-25T15:23:05.190+00:00,775.0,7751,3.8581,3.8528,3.8588,30.23,5.23,-2.916,0.0204,78.47,77.74,101.68,0x0000,NONE,CLOSED,CLOSED,0,TN
2026-06-25T15:23:05.315+00:00,776.0,7761,3.8617,3.8628,3.8778,30.09,5.09,-2.900,0.0161,78.44,77.74,101.73,0x0000,NONE,CLOSED,CLOSED,0,TN
2026-06-25T15:23:05.441+00:00,777.0,7771,3.8602,3.8697,3.8475,30.09,5.09,-2.900,0.0134,78.42,77.74,101.77,0x0000,NONE,CLOSED,CLOSED,0,TN
2026-06-25T15:23:05.577+00:00,778.0,7781,3.8560,3.8581,3.8573,30.05,5.05,-2.885,0.0167,78.39,77.75,101.83,0x0000,NONE,CLOSED,CLOSED,0,TN
2026-06-25T15:23:05.690+00:00,779.0,7791,3.8573,3.8537,3.8508,30.19,5.19,-2.902,0.0178,78.36,77.71,101.82,0x0000,NONE,CLOSED,CLOSED,0,TN
2026-06-25T15:23:05.815+00:00,780.0,7801,3.8541,3.8585,3.8725,30.25,5.25,-2.890,0.0235,78.33,77.72,101.88,0x0000,NONE,CLOSED,CLOSED,0,TN
2026-06-25T15:23:05.952+00:00,781.0,7811,3.8581,3.8617,3.8640,30.13,5.13,-2.911,0.0238,78.31,77.72,101.92,0x0000,NONE,CLOSED,CLOSED,0,TN
2026-06-25T15:23:06.066+00:00,782.0,7821,3.8579,3.8580,3.8532,30.21,5.21,-2.889,0.0237,78.28,77.72,101.97,0x0000,NONE,CLOSED,CLOSED,0,TN
2026-06-25T15:23:06.190+00:00,783.0,7831,3.8552,3.8711,3.8431,30.20,5.20,-2.901,0.0151,78.25,77.72,102.01,0x0000,NONE,CLOSED,CLOSED,0,TN
2026-06-25T15:23:06.315+00:00,784.0,7841,3.8553,3.8554,3.8624,30.23,5.23,-2.894,0.0239,78.22,77.71,102.06,0x0000,NONE,CLOSED,CLOSED,0,TN
2026-06-25T15:23:06.441+00:00,785.0,7851,3.8612,3.8661,3.8446,30.21,5.21,-2.915,0.0191,78.19,77.69,102.07,0x0000,NONE,CLOSED,CLOSED,0,TN
2026-06-25T15:23:06.576+00:00,786.0,7861,3.8611,3.8525,3.8605,30.22,5.22,-2.904,0.0112,78.17,77.69,102.11,0x0000,NONE,CLOSED,CLOSED,0,TN
2026-06-25T15:23:06.690+00:00,787.0,7871,3.8592,3.8674,3.8483,30.29,5.29,-2.883,0.0127,78.14,77.71,102.19,0x0000,NONE,CLOSED,CLOSED,0,TN
2026-06-25T15:23:06.816+00:00,788.0,7881,3.8504,3.8459,3.8315,30.29,5.29,-2.906,0.0185,78.11,77.65,102.14,0x0000,NONE,CLOSED,CLOSED,0,TN
2026-06-25T15:23:06.956+00:00,789.0,7891,3.8545,3.8545,3.8363,30.36,5.36,-2.892,0.0106,78.08,77.64,102.17,0x0000,NONE,CLOSED,CLOSED,0,TN
2026-06-25T15:23:07.065+00:00,790.0,7901,3.8493,3.8452,3.8327,30.31,5.31,-2.912,0.0133,78.06,77.65,102.24,0x0000,NONE,CLOSED,CLOSED,0,TN
2026-06-25T15:23:07.191+00:00,791.0,7911,3.8544,3.8590,3.8747,30.42,5.42,-2.882,0.0197,78.03,77.69,102.35,0x0000,NONE,CLOSED,CLOSED,0,TN
2026-06-25T15:23:07.314+00:00,792.0,7921,3.8571,3.8569,3.8579,30.30,5.30,-2.877,0.0174,78.00,77.70,102.42,0x0000,NONE,CLOSED,CLOSED,0,TN
2026-06-25T15:23:07.442+00:00,793.0,7931,3.8547,3.8505,3.8502,30.34,5.34,-2.899,0.0107,77.97,77.64,102.35,0x0000,NONE,CLOSED,CLOSED,0,TN
2026-06-25T15:23:07.580+00:00,794.0,7941,3.8466,3.8459,3.8553,30.47,5.47,-2.893,0.0166,77.94,77.68,102.48,0x0000,NONE,CLOSED,CLOSED,0,TN
2026-06-25T15:23:07.689+00:00,795.0,7951,3.8480,3.8370,3.8479,30.40,5.40,-2.880,0.0207,77.92,77.66,102.48,0x0000,NONE,CLOSED,CLOSED,0,TN
2026-06-25T15:23:07.817+00:00,796.0,7961,3.8501,3.8332,3.8512,30.46,5.46,-2.919,0.0174,77.89,77.65,102.51,0x0000,NONE,CLOSED,CLOSED,0,TN
2026-06-25T15:23:07.946+00:00,797.0,7971,3.8565,3.8570,3.8558,30.44,5.44,-2.902,0.0167,77.86,77.69,102.62,0x0000,NONE,CLOSED,CLOSED,0,TN
2026-06-25T15:23:08.066+00:00,798.0,7981,3.8486,3.8404,3.8690,30.49,5.49,-2.889,0.0176,77.83,77.64,102.60,0x0000,NONE,CLOSED,CLOSED,0,TN
2026-06-25T15:23:08.191+00:00,799.0,7991,3.8547,3.8558,3.8579,30.42,5.42,-2.886,0.0217,77.81,77.66,102.68,0x0000,NONE,CLOSED,CLOSED,0,TN
2026-06-25T15:23:08.316+00:00,800.0,8001,3.8507,3.8533,3.8287,30.52,5.52,-2.879,0.0237,77.78,77.62,102.66,0x0000,NONE,CLOSED,CLOSED,0,TN
2026-06-25T15:23:08.439+00:00,801.0,8011,3.8496,3.8527,3.8663,30.49,5.49,-2.911,0.0118,77.75,77.66,102.76,0x0000,NONE,CLOSED,CLOSED,0,TN
2026-06-25T15:23:08.580+00:00,802.0,8021,3.8430,3.8546,3.8544,30.57,5.57,-2.902,0.0227,77.72,77.65,102.79,0x0000,NONE,CLOSED,CLOSED,0,TN
2026-06-25T15:23:08.691+00:00,803.0,8031,3.8487,3.8527,3.8469,30.70,5.70,-2.897,0.0239,77.69,77.62,102.79,0x0000,NONE,CLOSED,CLOSED,0,TN
2026-06-25T15:23:08.816+00:00,804.0,8041,3.8490,3.8453,3.8393,30.60,5.60,-2.893,0.0161,77.67,77.64,102.87,0x0000,NONE,CLOSED,CLOSED,0,TN
2026-06-25T15:23:08.947+00:00,805.0,8051,3.8461,3.8489,3.8613,30.55,5.55,-2.922,0.0154,77.64,77.62,102.88,0x0000,NONE,CLOSED,CLOSED,0,TN
2026-06-25T15:23:09.068+00:00,806.0,8061,3.8493,3.8462,3.8520,30.65,5.65,-2.899,0.0198,77.61,77.62,102.93,0x0000,NONE,CLOSED,CLOSED,0,TN
2026-06-25T15:23:09.193+00:00,807.0,8071,3.8516,3.8641,3.8421,30.73,5.73,-2.906,0.0264,77.58,77.64,103.00,0x0000,NONE,CLOSED,CLOSED,0,TN
2026-06-25T15:23:09.315+00:00,808.0,8081,3.8463,3.8407,3.8683,30.63,5.63,-2.910,0.0178,77.56,77.65,103.07,0x0000,NONE,CLOSED,CLOSED,0,TN
2026-06-25T15:23:09.440+00:00,809.0,8091,3.8450,3.8543,3.8521,30.79,5.79,-2.906,0.0140,77.53,77.61,103.05,0x0000,NONE,CLOSED,CLOSED,0,TN
2026-06-25T15:23:09.565+00:00,810.0,8101,3.8406,3.8502,3.8410,30.74,5.74,-2.906,0.0217,77.50,77.61,103.11,0x0000,NONE,CLOSED,CLOSED,0,TN
2026-06-25T15:23:09.690+00:00,811.0,8111,3.8446,3.8438,3.8576,30.75,5.75,-2.895,0.0198,77.47,77.56,103.06,0x0000,NONE,CLOSED,CLOSED,0,TN
2026-06-25T15:23:09.828+00:00,812.0,8121,3.8506,3.8526,3.8613,30.84,5.84,-2.889,0.0180,77.44,77.58,103.15,0x0000,NONE,CLOSED,CLOSED,0,TN
2026-06-25T15:23:09.940+00:00,813.0,8131,3.8461,3.8398,3.8464,30.95,5.95,-2.929,0.0238,77.42,77.56,103.15,0x0000,NONE,CLOSED,CLOSED,0,TN
2026-06-25T15:23:10.065+00:00,814.0,8141,3.8447,3.8491,3.8592,30.90,5.90,-2.887,0.0205,77.39,77.58,103.22,0x0000,NONE,CLOSED,CLOSED,0,TN
2026-06-25T15:23:10.189+00:00,815.0,8151,3.8477,3.8507,3.8773,30.90,5.90,-2.907,0.0289,77.36,77.59,103.30,0x0000,NONE,CLOSED,CLOSED,0,TN
2026-06-25T15:23:10.315+00:00,816.0,8161,3.8456,3.8412,3.8505,31.00,6.00,-2.912,0.0310,77.33,77.54,103.25,0x0000,NONE,CLOSED,CLOSED,0,TN
2026-06-25T15:23:10.440+00:00,817.0,8171,3.8441,3.8388,3.8403,30.94,5.94,-2.892,0.0222,77.31,77.51,103.25,0x0000,NONE,CLOSED,CLOSED,0,TN
2026-06-25T15:23:10.573+00:00,818.0,8181,3.8357,3.8375,3.8180,30.94,5.94,-2.925,0.0178,77.28,77.49,103.26,0x0000,NONE,CLOSED,CLOSED,0,TN
2026-06-25T15:23:10.689+00:00,819.0,8191,3.8469,3.8515,3.8441,31.03,6.03,-2.890,0.0219,77.25,77.56,103.43,0x0000,NONE,CLOSED,CLOSED,0,TN
2026-06-25T15:23:10.827+00:00,820.0,8201,3.7983,3.8011,3.7965,31.02,6.02,-2.951,0.0196,77.22,77.40,103.20,0x0000,NONE,CLOSED,CLOSED,1,FN
2026-06-25T15:23:10.941+00:00,821.0,8211,3.8101,3.8101,3.8284,31.06,6.06,-2.970,0.0272,77.19,77.13,102.79,0x0000,NONE,CLOSED,CLOSED,1,FN
2026-06-25T15:23:11.064+00:00,822.0,8221,3.8017,3.7922,3.7971,31.08,6.08,-3.015,0.0237,77.17,77.02,102.65,0x0000,NONE,CLOSED,CLOSED,1,FN
2026-06-25T15:23:11.191+00:00,823.0,8231,3.8052,3.8086,3.8231,31.16,6.16,-2.988,0.0277,77.14,77.04,102.73,0x0080,EIS_FAULT,CLOSED,CLOSED,1,TP
2026-06-25T15:23:11.316+00:00,824.0,8241,3.8043,3.7953,3.7917,31.12,6.12,-3.032,0.0244,77.11,76.97,102.67,0x0080,EIS_FAULT,CLOSED,CLOSED,1,TP
2026-06-25T15:23:11.443+00:00,825.0,8251,3.8009,3.7958,3.7979,31.13,6.13,-2.993,0.0274,77.08,76.96,102.70,0x0080,EIS_FAULT,CLOSED,CLOSED,1,TP
2026-06-25T15:23:11.565+00:00,826.0,8261,3.7991,3.7873,3.7959,31.06,6.06,-3.001,0.0242,77.06,76.93,102.70,0x0080,EIS_FAULT,CLOSED,CLOSED,1,TP
2026-06-25T15:23:11.697+00:00,827.0,8271,3.7947,3.7984,3.8135,31.22,6.22,-2.993,0.0228,77.03,76.89,102.66,0x0080,EIS_FAULT,CLOSED,CLOSED,1,TP
2026-06-25T15:23:11.815+00:00,828.0,8281,3.7968,3.7999,3.7880,31.34,6.34,-3.040,0.0306,77.00,76.88,102.71,0x0080,EIS_FAULT,CLOSED,CLOSED,1,TP
2026-06-25T15:23:11.940+00:00,829.0,8291,3.7961,3.7946,3.7864,31.25,6.25,-3.024,0.0314,76.97,76.81,102.63,0x0080,EIS_FAULT,CLOSED,CLOSED,1,TP
2026-06-25T15:23:12.066+00:00,830.0,8301,3.7994,3.8078,3.7940,31.29,6.29,-2.988,0.0333,76.94,76.82,102.70,0x0080,EIS_FAULT,CLOSED,CLOSED,1,TP
2026-06-25T15:23:12.193+00:00,831.0,8311,3.7910,3.7812,3.7803,31.21,6.21,-2.975,0.0340,76.92,76.70,102.53,0x0080,EIS_FAULT,CLOSED,CLOSED,1,TP
2026-06-25T15:23:12.314+00:00,832.0,8321,3.7864,3.7917,3.7906,31.29,6.29,-2.946,0.0299,76.89,76.72,102.62,0x0080,EIS_FAULT,CLOSED,CLOSED,1,TP
2026-06-25T15:23:12.443+00:00,833.0,8331,3.7906,3.7816,3.7832,31.38,6.38,-3.053,0.0283,76.86,76.68,102.59,0x0080,EIS_FAULT,CLOSED,CLOSED,1,TP
2026-06-25T15:23:12.565+00:00,834.0,8341,3.7904,3.7990,3.7966,31.40,6.40,-3.023,0.0409,76.83,76.69,102.66,0x0080,EIS_FAULT,CLOSED,CLOSED,1,TP
2026-06-25T15:23:12.691+00:00,835.0,8351,3.7845,3.7863,3.7880,31.39,6.39,-2.974,0.0401,76.81,76.62,102.59,0x0080,EIS_FAULT,CLOSED,CLOSED,1,TP
2026-06-25T15:23:12.817+00:00,836.0,8361,3.7900,3.7838,3.7910,31.42,6.42,-2.991,0.0326,76.78,76.59,102.58,0x0080,EIS_FAULT,CLOSED,CLOSED,1,TP
2026-06-25T15:23:12.940+00:00,837.0,8371,3.7860,3.7894,3.8115,31.46,6.46,-3.009,0.0393,76.75,76.62,102.69,0x0080,EIS_FAULT,CLOSED,CLOSED,1,TP
2026-06-25T15:23:13.065+00:00,838.0,8381,3.7865,3.7717,3.7944,31.57,6.57,-2.985,0.0341,76.72,76.53,102.58,0x0080,EIS_FAULT,CLOSED,CLOSED,1,TP
2026-06-25T15:23:13.199+00:00,839.0,8391,3.7866,3.7839,3.7978,31.45,6.45,-2.963,0.0420,76.69,76.49,102.56,0x0080,EIS_FAULT,CLOSED,CLOSED,1,TP
2026-06-25T15:23:13.315+00:00,840.0,8401,3.7854,3.7818,3.8004,31.46,6.46,-2.954,0.0337,76.67,76.47,102.58,0x0080,EIS_FAULT,CLOSED,CLOSED,1,TP
2026-06-25T15:23:13.440+00:00,841.0,8411,3.7836,3.7896,3.7731,31.51,6.51,-3.075,0.0461,76.64,76.45,102.59,0x0080,EIS_FAULT,CLOSED,CLOSED,1,TP
2026-06-25T15:23:13.566+00:00,842.0,8421,3.7843,3.7865,3.7837,31.63,6.63,-2.891,0.0444,76.61,76.41,102.57,0x0080,EIS_FAULT,CLOSED,CLOSED,1,TP
2026-06-25T15:23:13.690+00:00,843.0,8431,3.7807,3.7813,3.7551,31.54,6.54,-3.035,0.0405,76.58,76.35,102.51,0x0080,EIS_FAULT,CLOSED,CLOSED,1,TP
2026-06-25T15:23:13.816+00:00,844.0,8441,3.7801,3.7727,3.7869,31.48,6.48,-2.993,0.0440,76.56,76.35,102.57,0x0080,EIS_FAULT,CLOSED,CLOSED,1,TP
2026-06-25T15:23:13.941+00:00,845.0,8451,3.7769,3.7850,3.7770,31.52,6.52,-2.949,0.0430,76.53,76.35,102.60,0x0080,EIS_FAULT,CLOSED,CLOSED,1,TP
2026-06-25T15:23:14.066+00:00,846.0,8461,3.7797,3.7756,3.7817,31.45,6.45,-2.965,0.0374,76.50,76.29,102.56,0x0080,EIS_FAULT,CLOSED,CLOSED,1,TP
2026-06-25T15:23:14.205+00:00,847.0,8471,3.7815,3.7846,3.7897,31.59,6.59,-3.056,0.0494,76.47,76.29,102.61,0x0080,EIS_FAULT,CLOSED,CLOSED,1,TP
2026-06-25T15:23:14.316+00:00,848.0,8481,3.7806,3.7789,3.7841,31.63,6.63,-2.929,0.0377,76.44,76.26,102.61,0x0080,EIS_FAULT,CLOSED,CLOSED,1,TP
2026-06-25T15:23:14.440+00:00,849.0,8491,3.7854,3.7875,3.7904,31.56,6.56,-2.942,0.0462,76.42,76.26,102.65,0x0080,EIS_FAULT,CLOSED,CLOSED,1,TP
2026-06-25T15:23:14.566+00:00,850.0,8501,3.7891,3.7894,3.7899,31.64,6.64,-3.026,0.0373,76.39,76.26,102.70,0x0080,EIS_FAULT,CLOSED,CLOSED,1,TP
2026-06-25T15:23:14.691+00:00,851.0,8511,3.7817,3.7729,3.7876,31.67,6.67,-3.016,0.0407,76.36,76.19,102.63,0x0080,EIS_FAULT,CLOSED,CLOSED,1,TP
2026-06-25T15:23:14.816+00:00,852.0,8521,3.7812,3.7771,3.7850,31.56,6.56,-2.967,0.0360,76.33,76.17,102.64,0x0080,EIS_FAULT,CLOSED,CLOSED,1,TP
2026-06-25T15:23:14.940+00:00,853.0,8531,3.7795,3.7844,3.7802,31.53,6.53,-2.981,0.0388,76.31,76.17,102.68,0x0080,EIS_FAULT,CLOSED,CLOSED,1,TP
2026-06-25T15:23:15.085+00:00,854.0,8541,3.7815,3.7880,3.8006,31.61,6.61,-2.908,0.0349,76.28,76.18,102.74,0x0080,EIS_FAULT,CLOSED,CLOSED,1,TP
2026-06-25T15:23:15.193+00:00,855.0,8551,3.7789,3.7805,3.7702,31.59,6.59,-3.070,0.0498,76.25,76.12,102.69,0x0080,EIS_FAULT,CLOSED,CLOSED,1,TP
2026-06-25T15:23:15.315+00:00,856.0,8561,3.7822,3.7898,3.7697,31.71,6.71,-2.994,0.0467,76.22,76.10,102.71,0x0080,EIS_FAULT,CLOSED,CLOSED,1,TP
2026-06-25T15:23:15.441+00:00,857.0,8571,3.7817,3.7737,3.7658,31.55,6.55,-2.997,0.0349,76.19,76.05,102.68,0x0080,EIS_FAULT,CLOSED,CLOSED,1,TP
2026-06-25T15:23:15.574+00:00,858.0,8581,3.7850,3.7713,3.7923,31.50,6.50,-2.945,0.0466,76.17,76.06,102.73,0x0080,EIS_FAULT,CLOSED,CLOSED,1,TP
2026-06-25T15:23:15.690+00:00,859.0,8591,3.7894,3.7837,3.7764,31.62,6.62,-3.034,0.0388,76.14,76.06,102.78,0x0080,EIS_FAULT,CLOSED,CLOSED,1,TP
2026-06-25T15:23:15.815+00:00,860.0,8601,3.7846,3.7877,3.7836,31.50,6.50,-2.935,0.0415,76.11,76.05,102.81,0x0080,EIS_FAULT,CLOSED,CLOSED,1,TP
2026-06-25T15:23:15.940+00:00,861.0,8611,3.7851,3.8017,3.7874,31.53,6.53,-2.944,0.0428,76.08,76.03,102.82,0x0080,EIS_FAULT,CLOSED,CLOSED,1,TP
2026-06-25T15:23:16.065+00:00,862.0,8621,3.7849,3.7928,3.7861,31.62,6.62,-2.976,0.0435,76.06,76.03,102.88,0x0080,EIS_FAULT,CLOSED,CLOSED,1,TP
2026-06-25T15:23:16.193+00:00,863.0,8631,3.7841,3.7855,3.7758,31.57,6.57,-3.004,0.0319,76.03,76.00,102.87,0x0080,EIS_FAULT,CLOSED,CLOSED,1,TP
2026-06-25T15:23:16.316+00:00,864.0,8641,3.7938,3.8004,3.8118,31.54,6.54,-2.978,0.0349,76.00,76.03,102.95,0x0080,EIS_FAULT,CLOSED,CLOSED,1,TP
2026-06-25T15:23:16.440+00:00,865.0,8651,3.7865,3.7858,3.7819,31.48,6.48,-2.977,0.0310,75.97,75.97,102.91,0x0080,EIS_FAULT,CLOSED,CLOSED,1,TP
2026-06-25T15:23:16.566+00:00,866.0,8661,3.7976,3.7948,3.7940,31.52,6.52,-3.006,0.0352,75.94,76.02,103.04,0x0080,EIS_FAULT,CLOSED,CLOSED,1,TP
2026-06-25T15:23:16.700+00:00,867.0,8671,3.7950,3.8007,3.7971,31.48,6.48,-2.930,0.0282,75.92,76.03,103.09,0x0080,EIS_FAULT,CLOSED,CLOSED,1,TP
2026-06-25T15:23:16.816+00:00,868.0,8681,3.7891,3.7903,3.8001,31.52,6.52,-2.955,0.0379,75.89,75.98,103.06,0x0080,EIS_FAULT,CLOSED,CLOSED,1,TP
2026-06-25T15:23:16.940+00:00,869.0,8691,3.7950,3.7878,3.7939,31.33,6.33,-2.910,0.0350,75.86,75.96,103.07,0x0080,EIS_FAULT,CLOSED,CLOSED,1,TP
2026-06-25T15:23:17.071+00:00,870.0,8701,3.7992,3.7886,3.8005,31.33,6.33,-2.992,0.0349,75.83,75.96,103.12,0x0080,EIS_FAULT,CLOSED,CLOSED,1,TP
2026-06-25T15:23:17.191+00:00,871.0,8711,3.8287,3.8184,3.8278,31.42,6.42,-2.909,0.0232,75.81,76.28,103.69,0x0080,EIS_FAULT,CLOSED,CLOSED,0,FP
2026-06-25T15:23:17.315+00:00,872.0,8721,3.8279,3.8164,3.8167,31.39,6.39,-2.910,0.0280,75.78,76.25,103.69,0x0000,NONE,CLOSED,CLOSED,0,TN
2026-06-25T15:23:17.439+00:00,873.0,8731,3.8271,3.8322,3.8348,31.40,6.40,-2.918,0.0343,75.75,76.32,103.84,0x0000,NONE,CLOSED,CLOSED,0,TN
2026-06-25T15:23:17.584+00:00,874.0,8741,3.8259,3.8292,3.8264,31.30,6.30,-2.882,0.0278,75.72,76.29,103.84,0x0000,NONE,CLOSED,CLOSED,0,TN
2026-06-25T15:23:17.691+00:00,875.0,8751,3.8305,3.8165,3.8405,31.44,6.44,-2.901,0.0277,75.69,76.25,103.81,0x0000,NONE,CLOSED,CLOSED,0,TN
2026-06-25T15:23:17.815+00:00,876.0,8761,3.8304,3.8413,3.8363,31.35,6.35,-2.881,0.0304,75.67,76.31,103.95,0x0000,NONE,CLOSED,CLOSED,0,TN
2026-06-25T15:23:17.940+00:00,877.0,8771,3.8261,3.8227,3.8332,31.35,6.35,-2.905,0.0262,75.64,76.25,103.91,0x0000,NONE,CLOSED,CLOSED,0,TN
2026-06-25T15:23:18.065+00:00,878.0,8781,3.8247,3.8242,3.8231,31.26,6.26,-2.881,0.0192,75.61,76.25,103.95,0x0000,NONE,CLOSED,CLOSED,0,TN
2026-06-25T15:23:18.193+00:00,879.0,8791,3.8202,3.8083,3.8018,31.27,6.27,-2.901,0.0268,75.58,76.17,103.86,0x0000,NONE,CLOSED,CLOSED,0,TN
2026-06-25T15:23:18.325+00:00,880.0,8801,3.8238,3.8297,3.8146,31.29,6.29,-2.900,0.0199,75.56,76.23,104.00,0x0000,NONE,CLOSED,CLOSED,0,TN
2026-06-25T15:23:18.441+00:00,881.0,8811,3.8264,3.8224,3.8220,31.31,6.31,-2.889,0.0229,75.53,76.23,104.05,0x0000,NONE,CLOSED,CLOSED,0,TN
2026-06-25T15:23:18.574+00:00,882.0,8821,3.8268,3.8325,3.8175,31.24,6.24,-2.911,0.0172,75.50,76.23,104.09,0x0000,NONE,CLOSED,CLOSED,0,TN
2026-06-25T15:23:18.690+00:00,883.0,8831,3.8242,3.8114,3.8226,31.30,6.30,-2.910,0.0233,75.47,76.18,104.06,0x0000,NONE,CLOSED,CLOSED,0,TN
2026-06-25T15:23:18.815+00:00,884.0,8841,3.8229,3.8077,3.8229,31.05,6.05,-2.888,0.0171,75.44,76.18,104.09,0x0000,NONE,CLOSED,CLOSED,0,TN
2026-06-25T15:23:18.940+00:00,885.0,8851,3.8303,3.8397,3.8319,31.10,6.10,-2.911,0.0195,75.42,76.21,104.19,0x0000,NONE,CLOSED,CLOSED,0,TN
2026-06-25T15:23:19.064+00:00,886.0,8861,3.8253,3.8369,3.8169,31.04,6.04,-2.915,0.0200,75.39,76.15,104.13,0x0000,NONE,CLOSED,CLOSED,0,TN
2026-06-25T15:23:19.193+00:00,887.0,8871,3.8272,3.8383,3.8243,31.11,6.11,-2.909,0.0327,75.36,76.19,104.24,0x0000,NONE,CLOSED,CLOSED,0,TN
2026-06-25T15:23:19.314+00:00,888.0,8881,3.8173,3.8134,3.7991,31.00,6.00,-2.882,0.0211,75.33,76.10,104.15,0x0000,NONE,CLOSED,CLOSED,0,TN
2026-06-25T15:23:19.439+00:00,889.0,8891,3.8225,3.8211,3.8378,31.11,6.11,-2.890,0.0230,75.31,76.17,104.30,0x0000,NONE,CLOSED,CLOSED,0,TN
2026-06-25T15:23:19.587+00:00,890.0,8901,3.8228,3.8389,3.8204,30.91,5.91,-2.905,0.0263,75.28,76.17,104.33,0x0000,NONE,CLOSED,CLOSED,0,TN
2026-06-25T15:23:19.690+00:00,891.0,8911,3.8201,3.8261,3.8238,31.03,6.03,-2.888,0.0324,75.25,76.13,104.31,0x0000,NONE,CLOSED,CLOSED,0,TN
2026-06-25T15:23:19.815+00:00,892.0,8921,3.8275,3.8318,3.8205,31.05,6.05,-2.929,0.0255,75.22,76.14,104.37,0x0000,NONE,CLOSED,CLOSED,0,TN
2026-06-25T15:23:19.940+00:00,893.0,8931,3.8211,3.8278,3.8149,30.97,5.97,-2.901,0.0159,75.19,76.09,104.34,0x0000,NONE,CLOSED,CLOSED,0,TN
2026-06-25T15:23:20.066+00:00,894.0,8941,3.8261,3.8068,3.8131,31.00,6.00,-2.890,0.0167,75.17,76.07,104.36,0x0000,NONE,CLOSED,CLOSED,0,TN
2026-06-25T15:23:20.190+00:00,895.0,8951,3.8222,3.8322,3.8125,31.00,6.00,-2.914,0.0224,75.14,76.13,104.49,0x0000,NONE,CLOSED,CLOSED,0,TN
2026-06-25T15:23:20.315+00:00,896.0,8961,3.8226,3.8210,3.8266,30.83,5.83,-2.894,0.0065,75.11,76.09,104.48,0x0000,NONE,CLOSED,CLOSED,0,TN
2026-06-25T15:23:20.442+00:00,897.0,8971,3.8197,3.8222,3.8323,31.01,6.01,-2.933,0.0197,75.08,76.11,104.54,0x0000,NONE,CLOSED,CLOSED,0,TN
2026-06-25T15:23:20.574+00:00,898.0,8981,3.8196,3.8232,3.8219,30.80,5.80,-2.904,0.0159,75.06,76.05,104.50,0x0000,NONE,CLOSED,CLOSED,0,TN
2026-06-25T15:23:20.690+00:00,899.0,8991,3.8251,3.8307,3.8306,30.90,5.90,-2.900,0.0194,75.03,76.08,104.57,0x0000,NONE,CLOSED,CLOSED,0,TN
2026-06-25T15:23:20.815+00:00,900.0,9001,3.8222,3.8230,3.8136,30.84,5.84,-2.912,0.0252,75.00,76.06,104.60,0x0000,NONE,CLOSED,CLOSED,0,TN
2026-06-25T15:23:20.940+00:00,901.0,9011,3.8206,3.8325,3.8275,30.84,5.84,-2.919,0.0200,74.97,76.04,104.60,0x0000,NONE,CLOSED,CLOSED,0,TN
2026-06-25T15:23:21.065+00:00,902.0,9021,3.8199,3.8230,3.7988,30.77,5.77,-2.911,0.0222,74.94,76.00,104.58,0x0000,NONE,CLOSED,CLOSED,0,TN
2026-06-25T15:23:21.191+00:00,903.0,9031,3.8189,3.8193,3.8436,30.79,5.79,-2.895,0.0132,74.92,76.02,104.66,0x0000,NONE,CLOSED,CLOSED,0,TN
2026-06-25T15:23:21.315+00:00,904.0,9041,3.8193,3.8236,3.8174,30.83,5.83,-2.915,0.0292,74.89,76.02,104.70,0x0000,NONE,CLOSED,CLOSED,0,TN
2026-06-25T15:23:21.453+00:00,905.0,9051,3.8196,3.8097,3.8261,30.72,5.72,-2.890,0.0182,74.86,76.01,104.73,0x0000,NONE,CLOSED,CLOSED,0,TN
2026-06-25T15:23:21.566+00:00,906.0,9061,3.8177,3.8245,3.8302,30.74,5.74,-2.860,0.0214,74.83,76.03,104.80,0x0000,NONE,CLOSED,CLOSED,0,TN
2026-06-25T15:23:21.690+00:00,907.0,9071,3.8205,3.8268,3.8143,30.86,5.86,-2.882,0.0220,74.81,75.97,104.75,0x0000,NONE,CLOSED,CLOSED,0,TN
2026-06-25T15:23:21.817+00:00,908.0,9081,3.8171,3.8114,3.8208,30.84,5.84,-2.886,0.0140,74.78,75.95,104.75,0x0000,NONE,CLOSED,CLOSED,0,TN
2026-06-25T15:23:21.940+00:00,909.0,9091,3.8192,3.8099,3.8137,30.66,5.66,-2.904,0.0130,74.75,75.92,104.75,0x0000,NONE,CLOSED,CLOSED,0,TN
2026-06-25T15:23:22.065+00:00,910.0,9101,3.8157,3.8268,3.8336,30.66,5.66,-2.901,0.0174,74.72,75.95,104.84,0x0000,NONE,CLOSED,CLOSED,0,TN
2026-06-25T15:23:22.214+00:00,911.0,9111,3.8220,3.8261,3.8145,30.80,5.80,-2.897,0.0239,74.69,75.94,104.87,0x0000,NONE,CLOSED,CLOSED,0,TN
2026-06-25T15:23:22.316+00:00,912.0,9121,3.8095,3.8126,3.8168,30.67,5.67,-2.888,0.0173,74.67,75.90,104.85,0x0000,NONE,CLOSED,CLOSED,0,TN
2026-06-25T15:23:22.440+00:00,913.0,9131,3.8194,3.8201,3.8116,30.59,5.59,-2.897,0.0202,74.64,75.91,104.90,0x0000,NONE,CLOSED,CLOSED,0,TN
2026-06-25T15:23:22.565+00:00,914.0,9141,3.8155,3.8194,3.7997,30.73,5.73,-2.912,0.0190,74.61,75.86,104.86,0x0000,NONE,CLOSED,CLOSED,0,TN
2026-06-25T15:23:22.690+00:00,915.0,9151,3.8171,3.8179,3.8015,30.61,5.61,-2.908,0.0185,74.58,75.84,104.88,0x0000,NONE,CLOSED,CLOSED,0,TN
2026-06-25T15:23:22.822+00:00,916.0,9161,3.8132,3.8076,3.8370,30.58,5.58,-2.891,0.0221,74.56,75.88,104.98,0x0000,NONE,CLOSED,CLOSED,0,TN
2026-06-25T15:23:22.940+00:00,917.0,9171,3.8112,3.8031,3.7849,30.55,5.55,-2.893,0.0189,74.53,75.80,104.91,0x0000,NONE,CLOSED,CLOSED,0,TN
2026-06-25T15:23:23.066+00:00,918.0,9181,3.8139,3.8012,3.8168,30.70,5.70,-2.899,0.0156,74.50,75.82,104.98,0x0000,NONE,CLOSED,CLOSED,0,TN
2026-06-25T15:23:23.194+00:00,919.0,9191,3.8110,3.8069,3.8164,30.70,5.70,-2.887,0.0242,74.47,75.83,105.03,0x0000,NONE,CLOSED,CLOSED,0,TN
2026-06-25T15:23:23.316+00:00,920.0,9201,3.8185,3.8205,3.8236,30.61,5.61,-2.928,0.0132,74.44,75.85,105.11,0x0000,NONE,CLOSED,CLOSED,0,TN
2026-06-25T15:23:23.441+00:00,921.0,9211,3.8089,3.8085,3.8206,30.59,5.59,-2.902,0.0139,74.42,75.77,105.01,0x0000,NONE,CLOSED,CLOSED,0,TN
2026-06-25T15:23:23.566+00:00,922.0,9221,3.8138,3.8106,3.8097,30.45,5.45,-2.888,0.0272,74.39,75.78,105.08,0x0000,NONE,CLOSED,CLOSED,0,TN
2026-06-25T15:23:23.702+00:00,923.0,9231,3.8124,3.8157,3.8424,30.58,5.58,-2.917,0.0176,74.36,75.81,105.17,0x0000,NONE,CLOSED,CLOSED,0,TN
2026-06-25T15:23:23.816+00:00,924.0,9241,3.8146,3.8089,3.8198,30.53,5.53,-2.890,0.0254,74.33,75.76,105.13,0x0000,NONE,CLOSED,CLOSED,0,TN
2026-06-25T15:23:23.940+00:00,925.0,9251,3.8095,3.8188,3.8027,30.58,5.58,-2.925,0.0140,74.31,75.76,105.17,0x0000,NONE,CLOSED,CLOSED,0,TN
2026-06-25T15:23:24.066+00:00,926.0,9261,3.8058,3.8102,3.7946,30.46,5.46,-2.873,0.0131,74.28,75.69,105.10,0x0000,NONE,CLOSED,CLOSED,0,TN
2026-06-25T15:23:24.194+00:00,927.0,9271,3.8158,3.8152,3.8156,30.45,5.45,-2.891,0.0161,74.25,75.75,105.23,0x0000,NONE,CLOSED,CLOSED,0,TN
2026-06-25T15:23:24.316+00:00,928.0,9281,3.8144,3.8047,3.8183,30.49,5.49,-2.892,0.0172,74.22,75.69,105.19,0x0000,NONE,CLOSED,CLOSED,0,TN
2026-06-25T15:23:24.445+00:00,929.0,9291,3.8086,3.8034,3.7948,30.55,5.55,-2.920,0.0222,74.19,75.67,105.20,0x0000,NONE,CLOSED,CLOSED,0,TN
2026-06-25T15:23:24.565+00:00,930.0,9301,3.8116,3.8107,3.8161,30.58,5.58,-2.910,0.0179,74.17,75.68,105.26,0x0000,NONE,CLOSED,CLOSED,0,TN
2026-06-25T15:23:24.690+00:00,931.0,9311,3.8158,3.8164,3.8126,30.54,5.54,-2.909,0.0171,74.14,75.71,105.35,0x0000,NONE,CLOSED,CLOSED,0,TN
2026-06-25T15:23:24.816+00:00,932.0,9321,3.8083,3.8144,3.8178,30.45,5.45,-2.886,0.0119,74.11,75.65,105.29,0x0000,NONE,CLOSED,CLOSED,0,TN
2026-06-25T15:23:24.941+00:00,933.0,9331,3.8136,3.8094,3.8119,30.60,5.60,-2.916,0.0174,74.08,75.68,105.37,0x0000,NONE,CLOSED,CLOSED,0,TN
2026-06-25T15:23:25.066+00:00,934.0,9341,3.8062,3.7977,3.8074,30.52,5.52,-2.900,0.0168,74.06,75.61,105.31,0x0000,NONE,CLOSED,CLOSED,0,TN
2026-06-25T15:23:25.212+00:00,935.0,9351,3.8097,3.8218,3.8096,30.51,5.51,-2.882,0.0206,74.03,75.64,105.40,0x0000,NONE,CLOSED,CLOSED,0,TN
2026-06-25T15:23:25.315+00:00,936.0,9361,3.8127,3.8100,3.8260,30.53,5.53,-2.884,0.0157,74.00,75.63,105.42,0x0000,NONE,CLOSED,CLOSED,0,TN
2026-06-25T15:23:25.440+00:00,937.0,9371,3.8036,3.8092,3.7944,30.55,5.55,-2.904,0.0137,73.97,75.61,105.43,0x0000,NONE,CLOSED,CLOSED,0,TN
2026-06-25T15:23:25.566+00:00,938.0,9381,3.8077,3.8144,3.7980,30.40,5.40,-2.899,0.0185,73.94,75.59,105.45,0x0000,NONE,CLOSED,CLOSED,0,TN
2026-06-25T15:23:25.691+00:00,939.0,9391,3.8071,3.8047,3.8037,30.50,5.50,-2.895,0.0218,73.92,75.56,105.45,0x0000,NONE,CLOSED,CLOSED,0,TN
2026-06-25T15:23:25.814+00:00,940.0,9401,3.8093,3.8028,3.7997,30.47,5.47,-2.911,0.0167,73.89,75.55,105.47,0x0000,NONE,CLOSED,CLOSED,0,TN
2026-06-25T15:23:25.960+00:00,941.0,9411,3.8067,3.7988,3.8204,30.51,5.51,-2.940,0.0115,73.86,75.55,105.50,0x0000,NONE,CLOSED,CLOSED,0,TN
2026-06-25T15:23:26.066+00:00,942.0,9421,3.8073,3.8010,3.7892,30.58,5.58,-2.925,0.0198,73.83,75.53,105.52,0x0000,NONE,CLOSED,CLOSED,0,TN
2026-06-25T15:23:26.193+00:00,943.0,9431,3.8087,3.8021,3.8311,30.52,5.52,-2.890,0.0149,73.81,75.53,105.56,0x0000,NONE,CLOSED,CLOSED,0,TN
2026-06-25T15:23:26.316+00:00,944.0,9441,3.8005,3.7998,3.8038,30.52,5.52,-2.896,0.0227,73.78,75.50,105.55,0x0000,NONE,CLOSED,CLOSED,0,TN
2026-06-25T15:23:26.440+00:00,945.0,9451,3.8050,3.8085,3.8130,30.48,5.48,-2.919,0.0100,73.75,75.50,105.59,0x0000,NONE,CLOSED,CLOSED,0,TN
2026-06-25T15:23:26.565+00:00,946.0,9461,3.8063,3.8094,3.7857,30.50,5.50,-2.917,0.0177,73.72,75.47,105.59,0x0000,NONE,CLOSED,CLOSED,0,TN
2026-06-25T15:23:26.699+00:00,947.0,9471,3.8061,3.8111,3.8096,30.54,5.54,-2.905,0.0162,73.69,75.47,105.63,0x0000,NONE,CLOSED,CLOSED,0,TN
2026-06-25T15:23:26.817+00:00,948.0,9481,3.8063,3.8043,3.7956,30.46,5.46,-2.888,0.0199,73.67,75.45,105.63,0x0000,NONE,CLOSED,CLOSED,0,TN
2026-06-25T15:23:26.940+00:00,949.0,9491,3.8048,3.8104,3.8006,30.49,5.49,-2.903,0.0153,73.64,75.43,105.64,0x0000,NONE,CLOSED,CLOSED,0,TN
2026-06-25T15:23:27.069+00:00,950.0,9501,3.8031,3.7877,3.8059,30.60,5.60,-2.912,0.0132,73.61,75.42,105.68,0x0000,NONE,CLOSED,CLOSED,0,TN
2026-06-25T15:23:27.193+00:00,951.0,9511,3.7964,3.7987,3.7806,30.57,5.57,-2.917,0.0166,73.58,75.39,105.67,0x0000,NONE,CLOSED,CLOSED,0,TN
2026-06-25T15:23:27.315+00:00,952.0,9521,3.8063,3.8019,3.8084,30.54,5.54,-2.900,0.0235,73.56,75.37,105.68,0x0000,NONE,CLOSED,CLOSED,0,TN
2026-06-25T15:23:27.449+00:00,953.0,9531,3.8053,3.8071,3.7978,30.50,5.50,-2.907,0.0257,73.53,75.37,105.72,0x0000,NONE,CLOSED,CLOSED,0,TN
2026-06-25T15:23:27.566+00:00,954.0,9541,3.8036,3.7977,3.7961,30.38,5.38,-2.918,0.0179,73.50,75.33,105.70,0x0000,NONE,CLOSED,CLOSED,0,TN
2026-06-25T15:23:27.691+00:00,955.0,9551,3.8033,3.8079,3.8084,30.55,5.55,-2.890,0.0192,73.47,75.32,105.72,0x0000,NONE,CLOSED,CLOSED,0,TN
2026-06-25T15:23:27.817+00:00,956.0,9561,3.8010,3.8019,3.8155,30.58,5.58,-2.917,0.0104,73.44,75.33,105.78,0x0000,NONE,CLOSED,CLOSED,0,TN
2026-06-25T15:23:27.940+00:00,957.0,9571,3.8005,3.8075,3.7930,30.50,5.50,-2.917,0.0225,73.42,75.32,105.81,0x0000,NONE,CLOSED,CLOSED,0,TN
2026-06-25T15:23:28.065+00:00,958.0,9581,3.8057,3.7977,3.7924,30.50,5.50,-2.917,0.0219,73.39,75.29,105.80,0x0000,NONE,CLOSED,CLOSED,0,TN
2026-06-25T15:23:28.204+00:00,959.0,9591,3.8036,3.7986,3.7976,30.56,5.56,-2.883,0.0148,73.36,75.27,105.81,0x0000,NONE,CLOSED,CLOSED,0,TN
2026-06-25T15:23:28.315+00:00,960.0,9601,3.7940,3.7937,3.7928,30.54,5.54,-2.904,0.0227,73.33,75.23,105.79,0x0000,NONE,CLOSED,CLOSED,0,TN
2026-06-25T15:23:28.441+00:00,961.0,9611,3.8007,3.7906,3.7688,30.50,5.50,-2.904,0.0134,73.31,75.21,105.80,0x0000,NONE,CLOSED,CLOSED,0,TN
2026-06-25T15:23:28.566+00:00,962.0,9621,3.8011,3.7969,3.8053,30.52,5.52,-2.915,0.0208,73.28,75.23,105.88,0x0000,NONE,CLOSED,CLOSED,0,TN
2026-06-25T15:23:28.693+00:00,963.0,9631,3.8057,3.8113,3.8107,30.61,5.61,-2.919,0.0180,73.25,75.29,105.99,0x0000,NONE,CLOSED,CLOSED,0,TN
2026-06-25T15:23:28.816+00:00,964.0,9641,3.7942,3.7943,3.8078,30.49,5.49,-2.901,0.0182,73.22,75.20,105.91,0x0000,NONE,CLOSED,CLOSED,0,TN
2026-06-25T15:23:28.941+00:00,965.0,9651,3.8024,3.8147,3.8173,30.48,5.48,-2.885,0.0086,73.19,75.22,105.97,0x0000,NONE,CLOSED,CLOSED,0,TN
2026-06-25T15:23:29.068+00:00,966.0,9661,3.7985,3.7982,3.7779,30.59,5.59,-2.902,0.0186,73.17,75.18,105.96,0x0000,NONE,CLOSED,CLOSED,0,TN
2026-06-25T15:23:29.194+00:00,967.0,9671,3.7989,3.7904,3.8234,30.43,5.43,-2.912,0.0115,73.14,75.19,106.01,0x0000,NONE,CLOSED,CLOSED,0,TN
2026-06-25T15:23:29.316+00:00,968.0,9681,3.7969,3.7956,3.8113,30.56,5.56,-2.920,0.0198,73.11,75.16,106.00,0x0000,NONE,CLOSED,CLOSED,0,TN
2026-06-25T15:23:29.441+00:00,969.0,9691,3.7992,3.8036,3.7951,30.61,5.61,-2.899,0.0201,73.08,75.13,105.99,0x0000,NONE,CLOSED,CLOSED,0,TN
2026-06-25T15:23:29.577+00:00,970.0,9701,3.7967,3.7926,3.8068,30.51,5.51,-2.907,0.0233,73.06,75.13,106.03,0x0000,NONE,CLOSED,CLOSED,0,TN
2026-06-25T15:23:29.693+00:00,971.0,9711,3.7939,3.7812,3.8018,30.52,5.52,-2.869,0.0147,73.03,75.08,106.00,0x0000,NONE,CLOSED,CLOSED,0,TN
2026-06-25T15:23:29.816+00:00,972.0,9721,3.7958,3.8060,3.8043,30.55,5.55,-2.901,0.0200,73.00,75.07,106.03,0x0000,NONE,CLOSED,CLOSED,0,TN
2026-06-25T15:23:29.941+00:00,973.0,9731,3.7926,3.7862,3.8013,30.68,5.68,-2.928,0.0200,72.97,75.06,106.06,0x0000,NONE,CLOSED,CLOSED,0,TN
2026-06-25T15:23:30.065+00:00,974.0,9741,3.7937,3.8074,3.7880,30.44,5.44,-2.908,0.0234,72.94,75.04,106.07,0x0000,NONE,CLOSED,CLOSED,0,TN
2026-06-25T15:23:30.205+00:00,975.0,9751,3.7943,3.7923,3.8036,30.44,5.44,-2.904,0.0144,72.92,75.03,106.09,0x0000,NONE,CLOSED,CLOSED,0,TN
2026-06-25T15:23:30.327+00:00,976.0,9761,3.7912,3.7990,3.8159,30.63,5.63,-2.900,0.0221,72.89,75.06,106.17,0x0000,NONE,CLOSED,CLOSED,0,TN
2026-06-25T15:23:30.441+00:00,977.0,9771,3.7833,3.7919,3.7888,30.59,5.59,-2.895,0.0264,72.86,74.96,106.06,0x0000,NONE,CLOSED,CLOSED,0,TN
2026-06-25T15:23:30.565+00:00,978.0,9781,3.7934,3.7925,3.7903,30.69,5.69,-2.907,0.0191,72.83,74.98,106.14,0x0000,NONE,CLOSED,CLOSED,0,TN
2026-06-25T15:23:30.690+00:00,979.0,9791,3.7969,3.8003,3.8057,30.50,5.50,-2.914,0.0121,72.81,75.01,106.22,0x0000,NONE,CLOSED,CLOSED,0,TN
2026-06-25T15:23:30.817+00:00,980.0,9801,3.7969,3.7969,3.8017,30.63,5.63,-2.905,0.0216,72.78,74.97,106.20,0x0000,NONE,CLOSED,CLOSED,0,TN
2026-06-25T15:23:30.940+00:00,981.0,9811,3.7921,3.7870,3.7684,30.58,5.58,-2.901,0.0179,72.75,74.90,106.12,0x0000,NONE,CLOSED,CLOSED,0,TN
2026-06-25T15:23:31.067+00:00,982.0,9821,3.7944,3.7910,3.8104,30.64,5.64,-2.874,0.0175,72.72,74.93,106.22,0x0000,NONE,CLOSED,CLOSED,0,TN
2026-06-25T15:23:31.196+00:00,983.0,9831,3.7901,3.7875,3.7948,30.67,5.67,-2.923,0.0249,72.69,74.87,106.16,0x0000,NONE,CLOSED,CLOSED,0,TN
2026-06-25T15:23:31.315+00:00,984.0,9841,3.7895,3.7877,3.7947,30.60,5.60,-2.863,0.0161,72.67,74.89,106.23,0x0000,NONE,CLOSED,CLOSED,0,TN
2026-06-25T15:23:31.440+00:00,985.0,9851,3.7906,3.7932,3.7979,30.58,5.58,-2.882,0.0177,72.64,74.87,106.24,0x0000,NONE,CLOSED,CLOSED,0,TN
2026-06-25T15:23:31.565+00:00,986.0,9861,3.7940,3.7952,3.7883,30.54,5.54,-2.892,0.0235,72.61,74.85,106.26,0x0000,NONE,CLOSED,CLOSED,0,TN
2026-06-25T15:23:31.690+00:00,987.0,9871,3.7920,3.7861,3.7982,30.65,5.65,-2.898,0.0193,72.58,74.83,106.27,0x0000,NONE,CLOSED,CLOSED,0,TN
2026-06-25T15:23:31.819+00:00,988.0,9881,3.7917,3.8073,3.7889,30.57,5.57,-2.884,0.0241,72.56,74.83,106.30,0x0000,NONE,CLOSED,CLOSED,0,TN
2026-06-25T15:23:31.940+00:00,989.0,9891,3.7950,3.7951,3.7948,30.52,5.52,-2.901,0.0107,72.53,74.81,106.31,0x0000,NONE,CLOSED,CLOSED,0,TN
2026-06-25T15:23:32.064+00:00,990.0,9901,3.7937,3.7836,3.7844,30.59,5.59,-2.884,0.0147,72.50,74.81,106.35,0x0000,NONE,CLOSED,CLOSED,0,TN
2026-06-25T15:23:32.198+00:00,991.0,9911,3.7912,3.7883,3.8023,30.58,5.58,-2.891,0.0122,72.47,74.81,106.39,0x0000,NONE,CLOSED,CLOSED,0,TN
2026-06-25T15:23:32.316+00:00,992.0,9921,3.7872,3.8014,3.7835,30.61,5.61,-2.882,0.0111,72.44,74.77,106.37,0x0000,NONE,CLOSED,CLOSED,0,TN
2026-06-25T15:23:32.442+00:00,993.0,9931,3.7878,3.7761,3.7869,30.74,5.74,-2.876,0.0217,72.42,74.74,106.36,0x0000,NONE,CLOSED,CLOSED,0,TN
2026-06-25T15:23:32.566+00:00,994.0,9941,3.7879,3.7922,3.7806,30.61,5.61,-2.887,0.0117,72.39,74.71,106.35,0x0000,NONE,CLOSED,CLOSED,0,TN
2026-06-25T15:23:32.690+00:00,995.0,9951,3.7919,3.7906,3.7887,30.61,5.61,-2.889,0.0202,72.36,74.71,106.39,0x0000,NONE,CLOSED,CLOSED,0,TN
2026-06-25T15:23:32.816+00:00,996.0,9961,3.7857,3.7858,3.7799,30.70,5.70,-2.896,0.0318,72.33,74.69,106.40,0x0000,NONE,CLOSED,CLOSED,0,TN
2026-06-25T15:23:32.943+00:00,997.0,9971,3.7859,3.7954,3.7643,30.60,5.60,-2.913,0.0184,72.31,74.66,106.39,0x0000,NONE,CLOSED,CLOSED,0,TN
2026-06-25T15:23:33.066+00:00,998.0,9981,3.7869,3.7772,3.7910,30.61,5.61,-2.912,0.0148,72.28,74.63,106.39,0x0000,NONE,CLOSED,CLOSED,0,TN
2026-06-25T15:23:33.190+00:00,999.0,9991,3.7923,3.7955,3.7821,30.49,5.49,-2.903,0.0256,72.25,74.66,106.48,0x0000,NONE,CLOSED,CLOSED,0,TN
2026-06-25T15:23:33.316+00:00,1000.0,10001,3.7856,3.7869,3.7890,30.72,5.72,-2.898,0.0156,72.22,74.64,106.48,0x0000,NONE,CLOSED,CLOSED,0,TN
2026-06-25T15:23:33.440+00:00,1001.0,10011,3.7901,3.7966,3.7675,30.75,5.75,-2.892,0.0241,72.19,74.60,106.46,0x0000,NONE,CLOSED,CLOSED,0,TN
2026-06-25T15:23:33.586+00:00,1002.0,10021,3.7916,3.7897,3.7855,30.62,5.62,-2.901,0.0153,72.17,74.59,106.50,0x0000,NONE,CLOSED,CLOSED,0,TN
2026-06-25T15:23:33.690+00:00,1003.0,10031,3.7891,3.7915,3.7731,30.75,5.75,-2.901,0.0164,72.14,74.57,106.50,0x0000,NONE,CLOSED,CLOSED,0,TN
2026-06-25T15:23:33.815+00:00,1004.0,10041,3.7867,3.7962,3.7912,30.59,5.59,-2.899,0.0207,72.11,74.56,106.53,0x0000,NONE,CLOSED,CLOSED,0,TN
2026-06-25T15:23:33.941+00:00,1005.0,10051,3.7807,3.7799,3.7836,30.71,5.71,-2.882,0.0182,72.08,74.54,106.54,0x0000,NONE,CLOSED,CLOSED,0,TN
2026-06-25T15:23:34.066+00:00,1006.0,10061,3.7861,3.7887,3.7715,30.74,5.74,-2.915,0.0173,72.06,74.49,106.50,0x0000,NONE,CLOSED,CLOSED,0,TN
2026-06-25T15:23:34.190+00:00,1007.0,10071,3.7840,3.7897,3.7974,30.67,5.67,-2.893,0.0184,72.03,74.52,106.58,0x0000,NONE,CLOSED,CLOSED,0,TN
2026-06-25T15:23:34.315+00:00,1008.0,10081,3.7906,3.7788,3.7924,30.76,5.76,-2.925,0.0167,72.00,74.51,106.61,0x0000,NONE,CLOSED,CLOSED,0,TN
2026-06-25T15:23:34.444+00:00,1009.0,10091,3.7834,3.7737,3.7885,30.64,5.64,-2.887,0.0142,71.97,74.47,106.58,0x0000,NONE,CLOSED,CLOSED,0,TN
2026-06-25T15:23:34.565+00:00,1010.0,10101,3.7886,3.7817,3.7919,30.68,5.68,-2.885,0.0179,71.94,74.50,106.67,0x0000,NONE,CLOSED,CLOSED,0,TN
2026-06-25T15:23:34.689+00:00,1011.0,10111,3.7819,3.7994,3.7979,30.79,5.79,-2.896,0.0194,71.92,74.45,106.63,0x0000,NONE,CLOSED,CLOSED,0,TN
2026-06-25T15:23:34.815+00:00,1012.0,10121,3.7912,3.7836,3.8248,30.67,5.67,-2.901,0.0162,71.89,74.48,106.72,0x0000,NONE,CLOSED,CLOSED,0,TN
2026-06-25T15:23:34.940+00:00,1013.0,10131,3.7843,3.7884,3.7892,30.64,5.64,-2.884,0.0215,71.86,74.40,106.64,0x0000,NONE,CLOSED,CLOSED,0,TN
2026-06-25T15:23:35.067+00:00,1014.0,10141,3.7825,3.7896,3.7872,30.58,5.58,-2.891,0.0111,71.83,74.40,106.67,0x0000,NONE,CLOSED,CLOSED,0,TN
2026-06-25T15:23:35.200+00:00,1015.0,10151,3.7828,3.7775,3.7711,30.64,5.64,-2.900,0.0218,71.81,74.33,106.61,0x0000,NONE,CLOSED,CLOSED,0,TN
2026-06-25T15:23:35.320+00:00,1016.0,10161,3.7779,3.7711,3.7705,30.69,5.69,-2.906,0.0124,71.78,74.32,106.63,0x0000,NONE,CLOSED,CLOSED,0,TN
2026-06-25T15:23:35.447+00:00,1017.0,10171,3.7874,3.7869,3.8045,30.70,5.70,-2.911,0.0166,71.75,74.36,106.73,0x0000,NONE,CLOSED,CLOSED,0,TN
2026-06-25T15:23:35.566+00:00,1018.0,10181,3.7775,3.7737,3.7845,30.59,5.59,-2.897,0.0217,71.72,74.30,106.68,0x0000,NONE,CLOSED,CLOSED,0,TN
2026-06-25T15:23:35.691+00:00,1019.0,10191,3.7789,3.7760,3.7745,30.76,5.76,-2.875,0.0161,71.69,74.29,106.70,0x0000,NONE,CLOSED,CLOSED,0,TN
2026-06-25T15:23:35.818+00:00,1020.0,10201,3.7820,3.7733,3.7810,30.74,5.74,-2.910,0.0114,71.67,74.30,106.75,0x0000,NONE,CLOSED,CLOSED,0,TN
2026-06-25T15:23:35.940+00:00,1021.0,10211,3.7798,3.7705,3.7732,30.83,5.83,-2.918,0.0218,71.64,74.27,106.75,0x0000,NONE,CLOSED,CLOSED,0,TN
2026-06-25T15:23:36.067+00:00,1022.0,10221,3.7844,3.7993,3.7691,30.77,5.77,-2.866,0.0164,71.61,74.24,106.75,0x0000,NONE,CLOSED,CLOSED,0,TN
2026-06-25T15:23:36.204+00:00,1023.0,10231,3.7830,3.7934,3.7782,30.74,5.74,-2.922,0.0211,71.58,74.22,106.75,0x0000,NONE,CLOSED,CLOSED,0,TN
2026-06-25T15:23:36.315+00:00,1024.0,10241,3.7848,3.7813,3.7849,30.78,5.78,-2.901,0.0173,71.56,74.22,106.80,0x0000,NONE,CLOSED,CLOSED,0,TN
2026-06-25T15:23:36.441+00:00,1025.0,10251,3.7778,3.7723,3.7776,30.57,5.57,-2.884,0.0228,71.53,74.18,106.77,0x0000,NONE,CLOSED,CLOSED,0,TN
2026-06-25T15:23:36.565+00:00,1026.0,10261,3.7792,3.7687,3.7927,30.73,5.73,-2.890,0.0194,71.50,74.15,106.77,0x0000,NONE,CLOSED,CLOSED,0,TN
2026-06-25T15:23:36.691+00:00,1027.0,10271,3.7777,3.7739,3.7721,30.83,5.83,-2.893,0.0133,71.47,74.13,106.78,0x0000,NONE,CLOSED,CLOSED,0,TN
2026-06-25T15:23:36.814+00:00,1028.0,10281,3.7795,3.7769,3.7848,30.70,5.70,-2.913,0.0151,71.44,74.16,106.86,0x0000,NONE,CLOSED,CLOSED,0,TN
2026-06-25T15:23:36.957+00:00,1029.0,10291,3.7751,3.7794,3.7755,30.88,5.88,-2.895,0.0171,71.42,74.11,106.82,0x0000,NONE,CLOSED,CLOSED,0,TN
2026-06-25T15:23:37.066+00:00,1030.0,10301,3.7835,3.7885,3.7924,30.76,5.76,-2.890,0.0128,71.39,74.13,106.89,0x0000,NONE,CLOSED,CLOSED,0,TN
2026-06-25T15:23:37.192+00:00,1031.0,10311,3.7778,3.7766,3.7609,30.77,5.77,-2.891,0.0261,71.36,74.07,106.85,0x0000,NONE,CLOSED,CLOSED,0,TN
2026-06-25T15:23:37.315+00:00,1032.0,10321,3.7779,3.7776,3.7729,30.77,5.77,-2.890,0.0170,71.33,74.09,106.91,0x0000,NONE,CLOSED,CLOSED,0,TN
2026-06-25T15:23:37.440+00:00,1033.0,10331,3.7745,3.7808,3.7680,30.71,5.71,-2.908,0.0159,71.31,74.05,106.89,0x0000,NONE,CLOSED,CLOSED,0,TN
2026-06-25T15:23:37.566+00:00,1034.0,10341,3.7751,3.7815,3.7425,30.73,5.73,-2.924,0.0174,71.28,74.00,106.85,0x0000,NONE,CLOSED,CLOSED,0,TN
2026-06-25T15:23:37.690+00:00,1035.0,10351,3.7766,3.7706,3.7807,30.81,5.81,-2.918,0.0218,71.25,74.00,106.89,0x0000,NONE,CLOSED,CLOSED,0,TN
2026-06-25T15:23:37.817+00:00,1036.0,10361,3.7761,3.7618,3.7845,30.86,5.86,-2.921,0.0171,71.22,73.97,106.88,0x0000,NONE,CLOSED,CLOSED,0,TN
2026-06-25T15:23:37.940+00:00,1037.0,10371,3.7732,3.7762,3.7732,30.69,5.69,-2.891,0.0163,71.19,73.96,106.90,0x0000,NONE,CLOSED,CLOSED,0,TN
2026-06-25T15:23:38.065+00:00,1038.0,10381,3.7822,3.7704,3.7839,30.79,5.79,-2.885,0.0153,71.17,73.94,106.92,0x0000,NONE,CLOSED,CLOSED,0,TN
2026-06-25T15:23:38.191+00:00,1039.0,10391,3.7674,3.7742,3.7766,30.76,5.76,-2.898,0.0203,71.14,73.93,106.94,0x0000,NONE,CLOSED,CLOSED,0,TN
2026-06-25T15:23:38.315+00:00,1040.0,10401,3.7743,3.7625,3.7818,30.78,5.78,-2.910,0.0193,71.11,73.88,106.91,0x0000,NONE,CLOSED,CLOSED,0,TN
2026-06-25T15:23:38.441+00:00,1041.0,10411,3.7742,3.7702,3.7695,30.71,5.71,-2.898,0.0192,71.08,73.91,106.98,0x0000,NONE,CLOSED,CLOSED,0,TN
2026-06-25T15:23:38.576+00:00,1042.0,10421,3.7770,3.7815,3.7723,30.65,5.65,-2.899,0.0198,71.06,73.87,106.98,0x0000,NONE,CLOSED,CLOSED,0,TN
2026-06-25T15:23:38.690+00:00,1043.0,10431,3.7723,3.7802,3.7908,30.81,5.81,-2.880,0.0283,71.03,73.87,107.00,0x0000,NONE,CLOSED,CLOSED,0,TN
2026-06-25T15:23:38.815+00:00,1044.0,10441,3.7723,3.7769,3.7773,30.84,5.84,-2.919,0.0153,71.00,73.82,106.97,0x0000,NONE,CLOSED,CLOSED,0,TN
2026-06-25T15:23:38.940+00:00,1045.0,10451,3.7742,3.7741,3.7787,30.71,5.71,-2.887,0.0229,70.97,73.81,107.00,0x0000,NONE,CLOSED,CLOSED,0,TN
2026-06-25T15:23:39.071+00:00,1046.0,10461,3.7687,3.7722,3.7909,30.80,5.80,-2.912,0.0139,70.94,73.83,107.06,0x0000,NONE,CLOSED,CLOSED,0,TN
2026-06-25T15:23:39.195+00:00,1047.0,10471,3.7738,3.7760,3.7802,30.63,5.63,-2.917,0.0142,70.92,73.82,107.08,0x0000,NONE,CLOSED,CLOSED,0,TN
2026-06-25T15:23:39.315+00:00,1048.0,10481,3.7752,3.7773,3.7664,30.82,5.82,-2.910,0.0124,70.89,73.77,107.06,0x0000,NONE,CLOSED,CLOSED,0,TN
2026-06-25T15:23:39.440+00:00,1049.0,10491,3.7685,3.7717,3.7503,30.83,5.83,-2.887,0.0161,70.86,73.71,107.01,0x0000,NONE,CLOSED,CLOSED,0,TN
2026-06-25T15:23:39.573+00:00,1050.0,10501,3.7759,3.7796,3.7973,30.65,5.65,-2.897,0.0169,70.83,73.73,107.07,0x0000,NONE,CLOSED,CLOSED,0,TN
2026-06-25T15:23:39.690+00:00,1051.0,10511,3.7680,3.7639,3.7851,30.72,5.72,-2.911,0.0191,70.81,73.72,107.10,0x0000,NONE,CLOSED,CLOSED,0,TN
2026-06-25T15:23:39.817+00:00,1052.0,10521,3.7693,3.7705,3.7686,30.86,5.86,-2.922,0.0227,70.78,73.67,107.05,0x0000,NONE,CLOSED,CLOSED,0,TN
2026-06-25T15:23:39.941+00:00,1053.0,10531,3.7749,3.7833,3.7712,30.80,5.80,-2.896,0.0162,70.75,73.68,107.10,0x0000,NONE,CLOSED,CLOSED,0,TN
2026-06-25T15:23:40.065+00:00,1054.0,10541,3.7657,3.7676,3.7412,30.78,5.78,-2.890,0.0240,70.72,73.59,107.01,0x0000,NONE,CLOSED,CLOSED,0,TN
2026-06-25T15:23:40.223+00:00,1055.0,10551,3.7675,3.7603,3.7665,30.97,5.97,-2.888,0.0162,70.69,73.60,107.07,0x0000,NONE,CLOSED,CLOSED,0,TN
2026-06-25T15:23:40.315+00:00,1056.0,10561,3.7679,3.7637,3.7679,30.76,5.76,-2.931,0.0100,70.67,73.59,107.09,0x0000,NONE,CLOSED,CLOSED,0,TN
2026-06-25T15:23:40.441+00:00,1057.0,10571,3.7634,3.7713,3.7570,30.99,5.99,-2.909,0.0198,70.64,73.56,107.09,0x0000,NONE,CLOSED,CLOSED,0,TN
2026-06-25T15:23:40.578+00:00,1058.0,10581,3.7653,3.7697,3.7710,30.79,5.79,-2.904,0.0143,70.61,73.55,107.11,0x0000,NONE,CLOSED,CLOSED,0,TN
2026-06-25T15:23:40.690+00:00,1059.0,10591,3.7674,3.7541,3.7589,30.77,5.77,-2.927,0.0243,70.58,73.50,107.08,0x0000,NONE,CLOSED,CLOSED,0,TN
2026-06-25T15:23:40.815+00:00,1060.0,10601,3.7715,3.7797,3.7772,30.80,5.80,-2.892,0.0135,70.56,73.54,107.18,0x0000,NONE,CLOSED,CLOSED,0,TN
2026-06-25T15:23:40.940+00:00,1061.0,10611,3.7670,3.7651,3.7897,30.85,5.85,-2.909,0.0182,70.53,73.52,107.17,0x0000,NONE,CLOSED,CLOSED,0,TN
2026-06-25T15:23:41.065+00:00,1062.0,10621,3.7660,3.7617,3.7915,30.81,5.81,-2.895,0.0169,70.50,73.50,107.18,0x0000,NONE,CLOSED,CLOSED,0,TN
2026-06-25T15:23:41.210+00:00,1063.0,10631,3.7706,3.7742,3.7690,30.89,5.89,-2.895,0.0171,70.47,73.51,107.23,0x0000,NONE,CLOSED,CLOSED,0,TN
2026-06-25T15:23:41.315+00:00,1064.0,10641,3.7675,3.7693,3.7846,30.86,5.86,-2.925,0.0176,70.44,73.46,107.21,0x0000,NONE,CLOSED,CLOSED,0,TN
2026-06-25T15:23:41.440+00:00,1065.0,10651,3.7656,3.7482,3.7634,30.91,5.91,-2.875,0.0201,70.42,73.39,107.15,0x0000,NONE,CLOSED,CLOSED,0,TN
2026-06-25T15:23:41.581+00:00,1066.0,10661,3.7702,3.7720,3.7725,30.85,5.85,-2.871,0.0189,70.39,73.44,107.24,0x0000,NONE,CLOSED,CLOSED,0,TN
2026-06-25T15:23:41.691+00:00,1067.0,10671,3.7680,3.7628,3.7625,30.82,5.82,-2.908,0.0150,70.36,73.37,107.19,0x0000,NONE,CLOSED,CLOSED,0,TN
2026-06-25T15:23:41.815+00:00,1068.0,10681,3.7628,3.7600,3.7678,30.85,5.85,-2.907,0.0186,70.33,73.36,107.21,0x0000,NONE,CLOSED,CLOSED,0,TN
2026-06-25T15:23:41.940+00:00,1069.0,10691,3.7635,3.7729,3.7582,30.74,5.74,-2.926,0.0143,70.31,73.33,107.20,0x0000,NONE,CLOSED,CLOSED,0,TN
2026-06-25T15:23:42.066+00:00,1070.0,10701,3.7630,3.7582,3.7634,30.84,5.84,-2.896,0.0170,70.28,73.31,107.22,0x0000,NONE,CLOSED,CLOSED,0,TN
2026-06-25T15:23:42.192+00:00,1071.0,10711,3.7679,3.7692,3.7802,30.88,5.88,-2.909,0.0140,70.25,73.31,107.25,0x0000,NONE,CLOSED,CLOSED,0,TN
2026-06-25T15:23:42.315+00:00,1072.0,10721,3.7634,3.7694,3.7788,30.85,5.85,-2.921,0.0244,70.22,73.32,107.30,0x0000,NONE,CLOSED,CLOSED,0,TN
2026-06-25T15:23:42.441+00:00,1073.0,10731,3.7590,3.7432,3.7437,30.76,5.76,-2.906,0.0201,70.19,73.18,107.15,0x0000,NONE,CLOSED,CLOSED,0,TN
2026-06-25T15:23:42.579+00:00,1074.0,10741,3.7662,3.7646,3.7702,30.91,5.91,-2.920,0.0149,70.17,73.22,107.24,0x0000,NONE,CLOSED,CLOSED,0,TN
2026-06-25T15:23:42.699+00:00,1075.0,10751,3.7640,3.7614,3.7542,30.85,5.85,-2.894,0.0280,70.14,73.17,107.19,0x0000,NONE,CLOSED,CLOSED,0,TN
2026-06-25T15:23:42.816+00:00,1076.0,10761,3.7655,3.7696,3.7845,30.89,5.89,-2.908,0.0149,70.11,73.22,107.31,0x0000,NONE,CLOSED,CLOSED,0,TN
2026-06-25T15:23:42.940+00:00,1077.0,10771,3.7661,3.7709,3.7726,30.97,5.97,-2.917,0.0103,70.08,73.23,107.36,0x0000,NONE,CLOSED,CLOSED,0,TN
2026-06-25T15:23:43.066+00:00,1078.0,10781,3.7583,3.7492,3.7645,30.83,5.83,-2.919,0.0156,70.06,73.13,107.25,0x0000,NONE,CLOSED,CLOSED,0,TN
2026-06-25T15:23:43.190+00:00,1079.0,10791,3.7609,3.7666,3.7690,30.95,5.95,-2.897,0.0121,70.03,73.14,107.31,0x0000,NONE,CLOSED,CLOSED,0,TN
2026-06-25T15:23:43.315+00:00,1080.0,10801,3.7597,3.7599,3.7612,30.82,5.82,-2.902,0.0128,70.00,73.11,107.30,0x0000,NONE,CLOSED,CLOSED,0,TN
2026-06-25T15:23:43.450+00:00,1081.0,10811,3.7589,3.7607,3.7421,30.80,5.80,-2.898,0.0201,69.97,73.04,107.23,0x0000,NONE,CLOSED,CLOSED,0,TN
2026-06-25T15:23:43.566+00:00,1082.0,10821,3.7577,3.7595,3.7608,30.87,5.87,-2.918,0.0202,69.94,73.08,107.32,0x0000,NONE,CLOSED,CLOSED,0,TN
2026-06-25T15:23:43.692+00:00,1083.0,10831,3.7647,3.7611,3.7552,30.90,5.90,-2.912,0.0270,69.92,73.04,107.31,0x0000,NONE,CLOSED,CLOSED,0,TN
2026-06-25T15:23:43.819+00:00,1084.0,10841,3.7562,3.7528,3.7455,30.82,5.82,-2.889,0.0097,69.89,73.00,107.29,0x0000,NONE,CLOSED,CLOSED,0,TN
2026-06-25T15:23:43.941+00:00,1085.0,10851,3.7571,3.7649,3.7379,30.97,5.97,-2.885,0.0149,69.86,72.98,107.30,0x0000,NONE,CLOSED,CLOSED,0,TN
2026-06-25T15:23:44.070+00:00,1086.0,10861,3.7589,3.7605,3.7815,30.84,5.84,-2.907,0.0181,69.83,73.00,107.37,0x0000,NONE,CLOSED,CLOSED,0,TN
2026-06-25T15:23:44.190+00:00,1087.0,10871,3.7630,3.7590,3.7557,30.77,5.77,-2.893,0.0209,69.81,72.95,107.34,0x0000,NONE,CLOSED,CLOSED,0,TN
2026-06-25T15:23:44.315+00:00,1088.0,10881,3.7562,3.7526,3.7610,30.83,5.83,-2.898,0.0298,69.78,72.92,107.32,0x0000,NONE,CLOSED,CLOSED,0,TN
2026-06-25T15:23:44.440+00:00,1089.0,10891,3.7586,3.7558,3.7629,30.85,5.85,-2.905,0.0157,69.75,72.91,107.35,0x0000,NONE,CLOSED,CLOSED,0,TN
2026-06-25T15:23:44.565+00:00,1090.0,10901,3.7553,3.7537,3.7532,30.82,5.82,-2.886,0.0120,69.72,72.88,107.34,0x0000,NONE,CLOSED,CLOSED,0,TN
2026-06-25T15:23:44.690+00:00,1091.0,10911,3.7575,3.7547,3.7372,30.85,5.85,-2.909,0.0148,69.69,72.81,107.28,0x0000,NONE,CLOSED,CLOSED,0,TN
2026-06-25T15:23:44.815+00:00,1092.0,10921,3.7623,3.7678,3.7767,30.84,5.84,-2.924,0.0134,69.67,72.90,107.44,0x0000,NONE,CLOSED,CLOSED,0,TN
2026-06-25T15:23:44.960+00:00,1093.0,10931,3.7559,3.7589,3.7522,30.82,5.82,-2.919,0.0178,69.64,72.82,107.36,0x0000,NONE,CLOSED,CLOSED,0,TN
2026-06-25T15:23:45.068+00:00,1094.0,10941,3.7534,3.7388,3.7618,30.88,5.88,-2.911,0.0169,69.61,72.81,107.39,0x0000,NONE,CLOSED,CLOSED,0,TN
2026-06-25T15:23:45.193+00:00,1095.0,10951,3.7543,3.7607,3.7295,30.99,5.99,-2.893,0.0126,69.58,72.77,107.37,0x0000,NONE,CLOSED,CLOSED,0,TN
2026-06-25T15:23:45.315+00:00,1096.0,10961,3.7472,3.7274,3.7497,30.99,5.99,-2.907,0.0151,69.56,72.71,107.32,0x0000,NONE,CLOSED,CLOSED,0,TN
2026-06-25T15:23:45.440+00:00,1097.0,10971,3.7569,3.7517,3.7470,30.95,5.95,-2.928,0.0227,69.53,72.75,107.41,0x0000,NONE,CLOSED,CLOSED,0,TN
2026-06-25T15:23:45.565+00:00,1098.0,10981,3.7484,3.7531,3.7431,30.90,5.90,-2.940,0.0209,69.50,72.71,107.40,0x0000,NONE,CLOSED,CLOSED,0,TN
2026-06-25T15:23:45.690+00:00,1099.0,10991,3.7548,3.7596,3.7622,30.92,5.92,-2.911,0.0205,69.47,72.74,107.46,0x0000,NONE,CLOSED,CLOSED,0,TN
2026-06-25T15:23:45.818+00:00,1100.0,11001,3.7512,3.7519,3.7439,30.93,5.93,-2.889,0.0149,69.44,72.68,107.42,0x0000,NONE,CLOSED,CLOSED,0,TN
2026-06-25T15:23:45.956+00:00,1101.0,11011,3.7551,3.7582,3.7678,30.98,5.98,-2.910,0.0219,69.42,72.69,107.48,0x0000,NONE,CLOSED,CLOSED,0,TN
2026-06-25T15:23:46.065+00:00,1102.0,11021,3.7558,3.7641,3.7595,30.89,5.89,-2.925,0.0132,69.39,72.67,107.48,0x0000,NONE,CLOSED,CLOSED,0,TN
2026-06-25T15:23:46.195+00:00,1103.0,11031,3.7520,3.7450,3.7354,30.95,5.95,-2.894,0.0175,69.36,72.62,107.44,0x0000,NONE,CLOSED,CLOSED,0,TN
2026-06-25T15:23:46.315+00:00,1104.0,11041,3.7519,3.7440,3.7628,30.88,5.88,-2.882,0.0160,69.33,72.60,107.45,0x0000,NONE,CLOSED,CLOSED,0,TN
2026-06-25T15:23:46.440+00:00,1105.0,11051,3.7574,3.7469,3.7376,31.01,6.01,-2.923,0.0290,69.31,72.61,107.50,0x0000,NONE,CLOSED,CLOSED,0,TN
2026-06-25T15:23:46.578+00:00,1106.0,11061,3.7492,3.7412,3.7395,30.93,5.93,-2.904,0.0214,69.28,72.52,107.40,0x0000,NONE,CLOSED,CLOSED,0,TN
2026-06-25T15:23:46.690+00:00,1107.0,11071,3.7504,3.7530,3.7311,30.97,5.97,-2.889,0.0205,69.25,72.53,107.46,0x0000,NONE,CLOSED,CLOSED,0,TN
2026-06-25T15:23:46.818+00:00,1108.0,11081,3.7548,3.7583,3.7711,31.01,6.01,-2.916,0.0198,69.22,72.56,107.54,0x0000,NONE,CLOSED,CLOSED,0,TN
2026-06-25T15:23:46.948+00:00,1109.0,11091,3.7533,3.7502,3.7439,30.90,5.90,-2.918,0.0167,69.19,72.50,107.48,0x0000,NONE,CLOSED,CLOSED,0,TN
2026-06-25T15:23:47.065+00:00,1110.0,11101,3.7526,3.7594,3.7605,31.02,6.02,-2.914,0.0110,69.17,72.50,107.52,0x0000,NONE,CLOSED,CLOSED,0,TN
2026-06-25T15:23:47.189+00:00,1111.0,11111,3.7486,3.7552,3.7444,30.92,5.92,-2.897,0.0100,69.14,72.45,107.49,0x0000,NONE,CLOSED,CLOSED,0,TN
2026-06-25T15:23:47.315+00:00,1112.0,11121,3.7520,3.7453,3.7593,31.02,6.02,-2.884,0.0206,69.11,72.43,107.50,0x0000,NONE,CLOSED,CLOSED,0,TN
2026-06-25T15:23:47.442+00:00,1113.0,11131,3.7457,3.7333,3.7571,30.97,5.97,-2.900,0.0205,69.08,72.39,107.48,0x0000,NONE,CLOSED,CLOSED,0,TN
2026-06-25T15:23:47.566+00:00,1114.0,11141,3.7466,3.7439,3.7351,31.05,6.05,-2.882,0.0256,69.06,72.37,107.49,0x0000,NONE,CLOSED,CLOSED,0,TN
2026-06-25T15:23:47.690+00:00,1115.0,11151,3.7496,3.7428,3.7593,30.81,5.81,-2.934,0.0189,69.03,72.37,107.52,0x0000,NONE,CLOSED,CLOSED,0,TN
2026-06-25T15:23:47.816+00:00,1116.0,11161,3.7535,3.7525,3.7631,31.02,6.02,-2.890,0.0114,69.00,72.37,107.55,0x0000,NONE,CLOSED,CLOSED,0,TN
2026-06-25T15:23:47.940+00:00,1117.0,11171,3.7518,3.7600,3.7575,30.98,5.98,-2.892,0.0140,68.97,72.34,107.55,0x0000,NONE,CLOSED,CLOSED,0,TN
2026-06-25T15:23:48.067+00:00,1118.0,11181,3.7387,3.7363,3.7483,31.02,6.02,-2.915,0.0190,68.94,72.29,107.52,0x0000,NONE,CLOSED,CLOSED,0,TN
2026-06-25T15:23:48.193+00:00,1119.0,11191,3.7480,3.7253,3.7367,31.09,6.09,-2.914,0.0244,68.92,72.24,107.49,0x0000,NONE,CLOSED,CLOSED,0,TN
2026-06-25T15:23:48.315+00:00,1120.0,11201,3.7509,3.7477,3.7396,30.95,5.95,-2.929,0.0233,68.89,72.24,107.52,0x0000,NONE,CLOSED,CLOSED,0,TN
2026-06-25T15:23:48.441+00:00,1121.0,11211,3.7508,3.7531,3.7619,31.07,6.07,-2.916,0.0128,68.86,72.26,107.58,0x0000,NONE,CLOSED,CLOSED,0,TN
2026-06-25T15:23:48.566+00:00,1122.0,11221,3.7447,3.7423,3.7524,31.07,6.07,-2.915,0.0212,68.83,72.22,107.56,0x0000,NONE,CLOSED,CLOSED,0,TN
2026-06-25T15:23:48.702+00:00,1123.0,11231,3.7481,3.7418,3.7454,31.14,6.14,-2.900,0.0160,68.81,72.19,107.55,0x0000,NONE,CLOSED,CLOSED,0,TN
2026-06-25T15:23:48.819+00:00,1124.0,11241,3.7462,3.7439,3.7572,31.06,6.06,-2.874,0.0169,68.78,72.19,107.58,0x0000,NONE,CLOSED,CLOSED,0,TN
2026-06-25T15:23:48.940+00:00,1125.0,11251,3.7504,3.7474,3.7457,31.07,6.07,-2.907,0.0175,68.75,72.16,107.58,0x0000,NONE,CLOSED,CLOSED,0,TN
2026-06-25T15:23:49.065+00:00,1126.0,11261,3.7445,3.7407,3.7469,31.05,6.05,-2.930,0.0184,68.72,72.12,107.55,0x0000,NONE,CLOSED,CLOSED,0,TN
2026-06-25T15:23:49.192+00:00,1127.0,11271,3.7515,3.7565,3.7607,31.09,6.09,-2.904,0.0239,68.69,72.16,107.65,0x0000,NONE,CLOSED,CLOSED,0,TN
2026-06-25T15:23:49.315+00:00,1128.0,11281,3.7519,3.7500,3.7491,31.08,6.08,-2.893,0.0137,68.67,72.12,107.61,0x0000,NONE,CLOSED,CLOSED,0,TN
2026-06-25T15:23:49.449+00:00,1129.0,11291,3.7474,3.7616,3.7386,31.03,6.03,-2.902,0.0196,68.64,72.08,107.60,0x0000,NONE,CLOSED,CLOSED,0,TN
2026-06-25T15:23:49.566+00:00,1130.0,11301,3.7455,3.7515,3.7394,30.92,5.92,-2.896,0.0167,68.61,72.02,107.55,0x0000,NONE,CLOSED,CLOSED,0,TN
2026-06-25T15:23:49.689+00:00,1131.0,11311,3.7441,3.7476,3.7272,30.94,5.94,-2.903,0.0146,68.58,71.96,107.51,0x0000,NONE,CLOSED,CLOSED,0,TN
2026-06-25T15:23:49.816+00:00,1132.0,11321,3.7453,3.7318,3.7262,30.99,5.99,-2.914,0.0150,68.56,71.96,107.54,0x0000,NONE,CLOSED,CLOSED,0,TN
2026-06-25T15:23:49.940+00:00,1133.0,11331,3.7449,3.7503,3.7441,31.11,6.11,-2.876,0.0243,68.53,71.97,107.59,0x0000,NONE,CLOSED,CLOSED,0,TN
2026-06-25T15:23:50.066+00:00,1134.0,11341,3.7433,3.7367,3.7525,31.03,6.03,-2.899,0.0189,68.50,71.96,107.61,0x0000,NONE,CLOSED,CLOSED,0,TN
2026-06-25T15:23:50.200+00:00,1135.0,11351,3.7392,3.7370,3.7429,31.05,6.05,-2.902,0.0233,68.47,71.90,107.57,0x0000,NONE,CLOSED,CLOSED,0,TN
2026-06-25T15:23:50.315+00:00,1136.0,11361,3.7469,3.7423,3.7449,30.92,5.92,-2.900,0.0148,68.44,71.89,107.59,0x0000,NONE,CLOSED,CLOSED,0,TN
2026-06-25T15:23:50.440+00:00,1137.0,11371,3.7402,3.7353,3.7385,31.01,6.01,-2.918,0.0205,68.42,71.86,107.59,0x0000,NONE,CLOSED,CLOSED,0,TN
2026-06-25T15:23:50.566+00:00,1138.0,11381,3.7436,3.7372,3.7571,31.01,6.01,-2.900,0.0190,68.39,71.87,107.63,0x0000,NONE,CLOSED,CLOSED,0,TN
2026-06-25T15:23:50.690+00:00,1139.0,11391,3.7377,3.7388,3.7256,31.06,6.06,-2.925,0.0157,68.36,71.82,107.59,0x0000,NONE,CLOSED,CLOSED,0,TN
2026-06-25T15:23:50.823+00:00,1140.0,11401,3.7411,3.7334,3.7360,31.03,6.03,-2.919,0.0137,68.33,71.79,107.59,0x0000,NONE,CLOSED,CLOSED,0,TN
2026-06-25T15:23:50.940+00:00,1141.0,11411,3.7393,3.7267,3.7377,31.04,6.04,-2.885,0.0144,68.31,71.77,107.60,0x0000,NONE,CLOSED,CLOSED,0,TN
2026-06-25T15:23:51.065+00:00,1142.0,11421,3.7414,3.7456,3.7268,30.96,5.96,-2.913,0.0156,68.28,71.76,107.63,0x0000,NONE,CLOSED,CLOSED,0,TN
2026-06-25T15:23:51.193+00:00,1143.0,11431,3.7397,3.7260,3.7575,31.00,6.00,-2.909,0.0284,68.25,71.73,107.62,0x0000,NONE,CLOSED,CLOSED,0,TN
2026-06-25T15:23:51.315+00:00,1144.0,11441,3.7402,3.7437,3.7429,31.08,6.08,-2.918,0.0157,68.22,71.72,107.64,0x0000,NONE,CLOSED,CLOSED,0,TN
2026-06-25T15:23:51.441+00:00,1145.0,11451,3.7382,3.7537,3.7189,31.16,6.16,-2.898,0.0153,68.19,71.66,107.59,0x0000,NONE,CLOSED,CLOSED,0,TN
2026-06-25T15:23:51.566+00:00,1146.0,11461,3.7413,3.7322,3.7377,31.04,6.04,-2.906,0.0194,68.17,71.67,107.64,0x0000,NONE,CLOSED,CLOSED,0,TN
2026-06-25T15:23:51.708+00:00,1147.0,11471,3.7431,3.7396,3.7411,31.00,6.00,-2.901,0.0180,68.14,71.62,107.60,0x0000,NONE,CLOSED,CLOSED,0,TN
2026-06-25T15:23:51.815+00:00,1148.0,11481,3.7389,3.7458,3.7227,31.03,6.03,-2.926,0.0228,68.11,71.61,107.62,0x0000,NONE,CLOSED,CLOSED,0,TN
2026-06-25T15:23:51.940+00:00,1149.0,11491,3.7361,3.7425,3.7291,30.97,5.97,-2.903,0.0130,68.08,71.58,107.63,0x0000,NONE,CLOSED,CLOSED,0,TN
2026-06-25T15:23:52.065+00:00,1150.0,11501,3.7399,3.7405,3.7546,31.13,6.13,-2.906,0.0145,68.06,71.58,107.65,0x0000,NONE,CLOSED,CLOSED,0,TN
2026-06-25T15:23:52.189+00:00,1151.0,11511,3.7409,3.7432,3.7587,31.04,6.04,-2.902,0.0205,68.03,71.60,107.72,0x0000,NONE,CLOSED,CLOSED,0,TN
2026-06-25T15:23:52.315+00:00,1152.0,11521,3.7415,3.7414,3.7607,31.15,6.15,-2.917,0.0202,68.00,71.58,107.72,0x0000,NONE,CLOSED,CLOSED,0,TN
2026-06-25T15:23:52.452+00:00,1153.0,11531,3.7336,3.7364,3.7187,31.05,6.05,-2.888,0.0166,67.97,71.48,107.63,0x0000,NONE,CLOSED,CLOSED,0,TN
2026-06-25T15:23:52.566+00:00,1154.0,11541,3.7350,3.7486,3.7269,31.07,6.07,-2.902,0.0214,67.94,71.53,107.72,0x0000,NONE,CLOSED,CLOSED,0,TN
2026-06-25T15:23:52.690+00:00,1155.0,11551,3.7403,3.7513,3.7157,31.17,6.17,-2.892,0.0166,67.92,71.47,107.67,0x0000,NONE,CLOSED,CLOSED,0,TN
2026-06-25T15:23:52.816+00:00,1156.0,11561,3.7368,3.7463,3.7305,31.00,6.00,-2.898,0.0149,67.89,71.42,107.64,0x0000,NONE,CLOSED,CLOSED,0,TN
2026-06-25T15:23:52.940+00:00,1157.0,11571,3.7389,3.7386,3.7267,30.99,5.99,-2.898,0.0154,67.86,71.40,107.65,0x0000,NONE,CLOSED,CLOSED,0,TN
2026-06-25T15:23:53.066+00:00,1158.0,11581,3.7352,3.7284,3.7461,31.18,6.18,-2.901,0.0174,67.83,71.39,107.66,0x0000,NONE,CLOSED,CLOSED,0,TN
2026-06-25T15:23:53.212+00:00,1159.0,11591,3.7370,3.7459,3.7286,31.11,6.11,-2.909,0.0169,67.81,71.38,107.68,0x0000,NONE,CLOSED,CLOSED,0,TN
2026-06-25T15:23:53.315+00:00,1160.0,11601,3.7294,3.7301,3.7355,31.00,6.00,-2.907,0.0168,67.78,71.33,107.66,0x0000,NONE,CLOSED,CLOSED,0,TN
2026-06-25T15:23:53.440+00:00,1161.0,11611,3.7366,3.7269,3.7368,31.15,6.15,-2.868,0.0168,67.75,71.30,107.65,0x0000,NONE,CLOSED,CLOSED,0,TN
2026-06-25T15:23:53.566+00:00,1162.0,11621,3.7333,3.7339,3.7386,31.02,6.02,-2.893,0.0197,67.72,71.30,107.68,0x0000,NONE,CLOSED,CLOSED,0,TN
2026-06-25T15:23:53.690+00:00,1163.0,11631,3.7384,3.7334,3.7521,31.10,6.10,-2.904,0.0149,67.69,71.29,107.71,0x0000,NONE,CLOSED,CLOSED,0,TN
2026-06-25T15:23:53.815+00:00,1164.0,11641,3.7347,3.7379,3.7209,31.06,6.06,-2.899,0.0127,67.67,71.25,107.68,0x0000,NONE,CLOSED,CLOSED,0,TN
2026-06-25T15:23:53.953+00:00,1165.0,11651,3.7377,3.7284,3.7231,31.18,6.18,-2.896,0.0196,67.64,71.21,107.66,0x0000,NONE,CLOSED,CLOSED,0,TN
2026-06-25T15:23:54.065+00:00,1166.0,11661,3.7303,3.7226,3.7472,31.20,6.20,-2.896,0.0194,67.61,71.21,107.70,0x0000,NONE,CLOSED,CLOSED,0,TN
2026-06-25T15:23:54.191+00:00,1167.0,11671,3.7278,3.7260,3.7421,31.18,6.18,-2.894,0.0122,67.58,71.17,107.68,0x0000,NONE,CLOSED,CLOSED,0,TN
2026-06-25T15:23:54.315+00:00,1168.0,11681,3.7293,3.7308,3.7278,31.01,6.01,-2.906,0.0192,67.56,71.12,107.66,0x0000,NONE,CLOSED,CLOSED,0,TN
2026-06-25T15:23:54.441+00:00,1169.0,11691,3.7302,3.7410,3.7302,31.05,6.05,-2.907,0.0228,67.53,71.14,107.71,0x0000,NONE,CLOSED,CLOSED,0,TN
2026-06-25T15:23:54.566+00:00,1170.0,11701,3.7334,3.7290,3.7432,30.97,5.97,-2.873,0.0248,67.50,71.10,107.69,0x0000,NONE,CLOSED,CLOSED,0,TN
2026-06-25T15:23:54.695+00:00,1171.0,11711,3.7373,3.7367,3.7230,31.02,6.02,-2.884,0.0120,67.47,71.10,107.71,0x0000,NONE,CLOSED,CLOSED,0,TN
2026-06-25T15:23:54.816+00:00,1172.0,11721,3.7303,3.7213,3.7307,31.16,6.16,-2.886,0.0201,67.44,71.06,107.71,0x0000,NONE,CLOSED,CLOSED,0,TN
2026-06-25T15:23:54.995+00:00,1173.0,11731,3.7275,3.7231,3.7252,31.04,6.04,-2.882,0.0110,67.42,71.03,107.69,0x0000,NONE,CLOSED,CLOSED,0,TN
2026-06-25T15:23:55.065+00:00,1174.0,11741,3.7302,3.7419,3.7108,31.11,6.11,-2.919,0.0227,67.39,71.04,107.75,0x0000,NONE,CLOSED,CLOSED,0,TN
2026-06-25T15:23:55.191+00:00,1175.0,11751,3.7319,3.7318,3.6966,31.15,6.15,-2.889,0.0212,67.36,70.93,107.63,0x0000,NONE,CLOSED,CLOSED,0,TN
2026-06-25T15:23:55.315+00:00,1176.0,11761,3.7298,3.7371,3.7144,31.03,6.03,-2.920,0.0210,67.33,70.96,107.70,0x0000,NONE,CLOSED,CLOSED,0,TN
2026-06-25T15:23:55.449+00:00,1177.0,11771,3.7235,3.7219,3.7263,31.14,6.14,-2.899,0.0173,67.31,70.90,107.66,0x0000,NONE,CLOSED,CLOSED,0,TN
2026-06-25T15:23:55.566+00:00,1178.0,11781,3.7287,3.7387,3.7316,31.11,6.11,-2.888,0.0185,67.28,70.91,107.71,0x0000,NONE,CLOSED,CLOSED,0,TN
2026-06-25T15:23:55.690+00:00,1179.0,11791,3.7240,3.7196,3.7276,31.12,6.12,-2.900,0.0243,67.25,70.86,107.68,0x0000,NONE,CLOSED,CLOSED,0,TN
2026-06-25T15:23:55.816+00:00,1180.0,11801,3.7283,3.7282,3.7375,31.04,6.04,-2.921,0.0167,67.22,70.87,107.73,0x0000,NONE,CLOSED,CLOSED,0,TN
2026-06-25T15:23:55.940+00:00,1181.0,11811,3.7255,3.7446,3.7085,31.23,6.23,-2.875,0.0238,67.19,70.85,107.74,0x0000,NONE,CLOSED,CLOSED,0,TN
2026-06-25T15:23:56.066+00:00,1182.0,11821,3.7260,3.7225,3.7345,31.12,6.12,-2.907,0.0117,67.17,70.83,107.74,0x0000,NONE,CLOSED,CLOSED,0,TN
2026-06-25T15:23:56.211+00:00,1183.0,11831,3.7256,3.7292,3.7363,31.15,6.15,-2.904,0.0187,67.14,70.81,107.75,0x0000,NONE,CLOSED,CLOSED,0,TN
2026-06-25T15:23:56.315+00:00,1184.0,11841,3.7288,3.7299,3.7187,31.22,6.22,-2.903,0.0178,67.11,70.77,107.72,0x0000,NONE,CLOSED,CLOSED,0,TN
2026-06-25T15:23:56.440+00:00,1185.0,11851,3.7281,3.7370,3.7217,31.28,6.28,-2.906,0.0173,67.08,70.72,107.69,0x0000,NONE,CLOSED,CLOSED,0,TN
2026-06-25T15:23:56.565+00:00,1186.0,11861,3.7276,3.7149,3.7440,31.13,6.13,-2.908,0.0229,67.06,70.75,107.76,0x0000,NONE,CLOSED,CLOSED,0,TN
2026-06-25T15:23:56.691+00:00,1187.0,11871,3.7310,3.7345,3.7207,31.17,6.17,-2.903,0.0212,67.03,70.69,107.73,0x0000,NONE,CLOSED,CLOSED,0,TN
2026-06-25T15:23:56.815+00:00,1188.0,11881,3.7259,3.7244,3.7534,31.23,6.23,-2.906,0.0132,67.00,70.69,107.77,0x0000,NONE,CLOSED,CLOSED,0,TN
2026-06-25T15:23:56.957+00:00,1189.0,11891,3.7242,3.7216,3.7353,31.15,6.15,-2.886,0.0149,66.97,70.67,107.77,0x0000,NONE,CLOSED,CLOSED,0,TN
2026-06-25T15:23:57.066+00:00,1190.0,11901,3.7269,3.7350,3.7303,31.16,6.16,-2.889,0.0201,66.94,70.65,107.77,0x0000,NONE,CLOSED,CLOSED,0,TN
2026-06-25T15:23:57.189+00:00,1191.0,11911,3.7254,3.7135,3.7261,31.20,6.20,-2.888,0.0232,66.92,70.61,107.75,0x0000,NONE,CLOSED,CLOSED,0,TN
2026-06-25T15:23:57.315+00:00,1192.0,11921,3.7265,3.7269,3.7340,31.20,6.20,-2.927,0.0169,66.89,70.60,107.78,0x0000,NONE,CLOSED,CLOSED,0,TN
2026-06-25T15:23:57.443+00:00,1193.0,11931,3.7225,3.7276,3.7287,31.13,6.13,-2.902,0.0219,66.86,70.59,107.79,0x0000,NONE,CLOSED,CLOSED,0,TN
2026-06-25T15:23:57.566+00:00,1194.0,11941,3.7266,3.7322,3.7267,31.12,6.12,-2.923,0.0142,66.83,70.58,107.82,0x0000,NONE,CLOSED,CLOSED,0,TN
2026-06-25T15:23:57.701+00:00,1195.0,11951,3.7271,3.7211,3.7384,31.19,6.19,-2.905,0.0250,66.81,70.53,107.79,0x0000,NONE,CLOSED,CLOSED,0,TN
2026-06-25T15:23:57.815+00:00,1196.0,11961,3.7231,3.7186,3.7111,31.10,6.10,-2.931,0.0204,66.78,70.46,107.73,0x0000,NONE,CLOSED,CLOSED,0,TN
2026-06-25T15:23:57.940+00:00,1197.0,11971,3.7235,3.7252,3.7118,31.18,6.18,-2.922,0.0206,66.75,70.44,107.74,0x0000,NONE,CLOSED,CLOSED,0,TN
2026-06-25T15:23:58.065+00:00,1198.0,11981,3.7183,3.7252,3.7210,31.22,6.22,-2.887,0.0238,66.72,70.42,107.74,0x0000,NONE,CLOSED,CLOSED,0,TN
2026-06-25T15:23:58.195+00:00,1199.0,11991,3.7204,3.7193,3.7132,31.21,6.21,-2.913,0.0181,66.69,70.40,107.76,0x0000,NONE,CLOSED,CLOSED,0,TN
2026-06-25T15:23:58.316+00:00,1200.0,12001,3.7252,3.7229,3.7264,31.25,6.25,-2.911,0.0133,66.67,70.38,107.76,0x0000,NONE,CLOSED,CLOSED,0,TN
2026-06-25T15:23:58.452+00:00,1201.0,12011,3.7195,3.7197,3.7269,31.23,6.23,-2.880,0.0158,66.64,70.35,107.76,0x0000,NONE,CLOSED,CLOSED,0,TN
2026-06-25T15:23:58.586+00:00,1202.0,12021,3.7192,3.7210,3.7228,31.20,6.20,-2.922,0.0124,66.61,70.31,107.74,0x0000,NONE,CLOSED,CLOSED,0,TN
2026-06-25T15:23:58.690+00:00,1203.0,12031,3.7220,3.7287,3.7114,31.21,6.21,-2.883,0.0244,66.58,70.34,107.81,0x0000,NONE,CLOSED,CLOSED,0,TN
2026-06-25T15:23:58.817+00:00,1204.0,12041,3.7213,3.7171,3.7160,31.28,6.28,-2.907,0.0215,66.56,70.28,107.77,0x0000,NONE,CLOSED,CLOSED,0,TN
2026-06-25T15:23:58.940+00:00,1205.0,12051,3.7232,3.7137,3.7428,31.29,6.29,-2.882,0.0136,66.53,70.29,107.81,0x0000,NONE,CLOSED,CLOSED,0,TN
2026-06-25T15:23:59.064+00:00,1206.0,12061,3.7180,3.7221,3.7229,31.19,6.19,-2.907,0.0156,66.50,70.24,107.79,0x0000,NONE,CLOSED,CLOSED,0,TN
2026-06-25T15:23:59.212+00:00,1207.0,12071,3.7215,3.7164,3.7304,31.21,6.21,-2.916,0.0217,66.47,70.25,107.83,0x0000,NONE,CLOSED,CLOSED,0,TN
2026-06-25T15:23:59.315+00:00,1208.0,12081,3.7228,3.7200,3.7418,31.10,6.10,-2.906,0.0168,66.44,70.25,107.87,0x0000,NONE,CLOSED,CLOSED,0,TN
2026-06-25T15:23:59.440+00:00,1209.0,12091,3.7205,3.7220,3.7207,31.32,6.32,-2.885,0.0184,66.42,70.16,107.78,0x0000,NONE,CLOSED,CLOSED,0,TN
2026-06-25T15:23:59.565+00:00,1210.0,12101,3.7134,3.7133,3.7097,31.23,6.23,-2.888,0.0200,66.39,70.13,107.78,0x0000,NONE,CLOSED,CLOSED,0,TN
2026-06-25T15:23:59.690+00:00,1211.0,12111,3.7195,3.7290,3.7091,31.26,6.26,-2.906,0.0222,66.36,70.12,107.79,0x0000,NONE,CLOSED,CLOSED,0,TN
2026-06-25T15:23:59.815+00:00,1212.0,12121,3.7205,3.7235,3.7288,31.35,6.35,-2.912,0.0160,66.33,70.09,107.79,0x0000,NONE,CLOSED,CLOSED,0,TN
2026-06-25T15:23:59.956+00:00,1213.0,12131,3.7232,3.7216,3.6890,31.24,6.24,-2.893,0.0188,66.31,70.07,107.80,0x0000,NONE,CLOSED,CLOSED,0,TN
2026-06-25T15:24:00.066+00:00,1214.0,12141,3.7136,3.7179,3.7166,31.17,6.17,-2.894,0.0238,66.28,70.02,107.77,0x0000,NONE,CLOSED,CLOSED,0,TN
2026-06-25T15:24:00.193+00:00,1215.0,12151,3.7101,3.7059,3.7095,31.24,6.24,-2.910,0.0241,66.25,69.96,107.73,0x0000,NONE,CLOSED,CLOSED,0,TN
2026-06-25T15:24:00.315+00:00,1216.0,12161,3.7151,3.7055,3.7096,31.38,6.38,-2.914,0.0265,66.22,69.97,107.77,0x0000,NONE,CLOSED,CLOSED,0,TN
2026-06-25T15:24:00.441+00:00,1217.0,12171,3.7236,3.7302,3.7118,31.20,6.20,-2.931,0.0264,66.19,69.97,107.80,0x0000,NONE,CLOSED,CLOSED,0,TN
2026-06-25T15:24:00.585+00:00,1218.0,12181,3.7157,3.7013,3.7255,31.24,6.24,-2.905,0.0207,66.17,69.91,107.75,0x0000,NONE,CLOSED,CLOSED,0,TN
2026-06-25T15:24:00.703+00:00,1219.0,12191,3.7167,3.7264,3.7110,31.26,6.26,-2.912,0.0078,66.14,69.91,107.79,0x0000,NONE,CLOSED,CLOSED,0,TN
2026-06-25T15:24:00.816+00:00,1220.0,12201,3.7160,3.7160,3.7324,31.27,6.27,-2.883,0.0229,66.11,69.91,107.82,0x0000,NONE,CLOSED,CLOSED,0,TN
2026-06-25T15:24:00.940+00:00,1221.0,12211,3.7105,3.6970,3.7038,31.22,6.22,-2.906,0.0257,66.08,69.85,107.78,0x0000,NONE,CLOSED,CLOSED,0,TN
2026-06-25T15:24:01.066+00:00,1222.0,12221,3.7160,3.7167,3.7092,31.37,6.37,-2.891,0.0197,66.06,69.83,107.79,0x0000,NONE,CLOSED,CLOSED,0,TN
2026-06-25T15:24:01.193+00:00,1223.0,12231,3.7150,3.7119,3.7109,31.33,6.33,-2.880,0.0263,66.03,69.79,107.77,0x0000,NONE,CLOSED,CLOSED,0,TN
2026-06-25T15:24:01.315+00:00,1224.0,12241,3.7104,3.7060,3.7118,31.11,6.11,-2.903,0.0167,66.00,69.79,107.80,0x0000,NONE,CLOSED,CLOSED,0,TN
2026-06-25T15:24:01.444+00:00,1225.0,12251,3.7161,3.7211,3.7198,31.23,6.23,-2.867,0.0145,65.97,69.78,107.82,0x0000,NONE,CLOSED,CLOSED,0,TN
2026-06-25T15:24:01.565+00:00,1226.0,12261,3.7072,3.7112,3.6915,31.20,6.20,-2.900,0.0189,65.94,69.73,107.79,0x0000,NONE,CLOSED,CLOSED,0,TN
2026-06-25T15:24:01.690+00:00,1227.0,12271,3.7066,3.7049,3.7019,31.24,6.24,-2.906,0.0163,65.92,69.70,107.79,0x0000,NONE,CLOSED,CLOSED,0,TN
2026-06-25T15:24:01.816+00:00,1228.0,12281,3.7185,3.7169,3.7140,31.17,6.17,-2.915,0.0192,65.89,69.72,107.84,0x0000,NONE,CLOSED,CLOSED,0,TN
2026-06-25T15:24:01.940+00:00,1229.0,12291,3.7107,3.7058,3.7163,31.21,6.21,-2.890,0.0273,65.86,69.66,107.81,0x0000,NONE,CLOSED,CLOSED,0,TN
2026-06-25T15:24:02.071+00:00,1230.0,12301,3.7124,3.7134,3.7146,31.32,6.32,-2.908,0.0153,65.83,69.67,107.85,0x0000,NONE,CLOSED,CLOSED,0,TN
2026-06-25T15:24:02.191+00:00,1231.0,12311,3.7163,3.7254,3.7020,31.36,6.36,-2.908,0.0196,65.81,69.65,107.86,0x0000,NONE,CLOSED,CLOSED,0,TN
2026-06-25T15:24:02.314+00:00,1232.0,12321,3.7129,3.7102,3.7032,31.41,6.41,-2.905,0.0150,65.78,69.59,107.82,0x0000,NONE,CLOSED,CLOSED,0,TN
2026-06-25T15:24:02.441+00:00,1233.0,12331,3.7081,3.7132,3.7158,31.25,6.25,-2.932,0.0208,65.75,69.56,107.80,0x0000,NONE,CLOSED,CLOSED,0,TN
2026-06-25T15:24:02.565+00:00,1234.0,12341,3.7092,3.7038,3.7004,31.33,6.33,-2.885,0.0209,65.72,69.54,107.82,0x0000,NONE,CLOSED,CLOSED,0,TN
2026-06-25T15:24:02.691+00:00,1235.0,12351,3.7081,3.6993,3.7224,31.32,6.32,-2.912,0.0113,65.69,69.52,107.83,0x0000,NONE,CLOSED,CLOSED,0,TN
2026-06-25T15:24:02.816+00:00,1236.0,12361,3.7143,3.7157,3.7143,31.31,6.31,-2.897,0.0163,65.67,69.51,107.84,0x0000,NONE,CLOSED,CLOSED,0,TN
2026-06-25T15:24:02.940+00:00,1237.0,12371,3.7103,3.6998,3.6931,31.36,6.36,-2.879,0.0194,65.64,69.45,107.80,0x0000,NONE,CLOSED,CLOSED,0,TN
2026-06-25T15:24:03.067+00:00,1238.0,12381,3.7088,3.7073,3.7244,31.28,6.28,-2.888,0.0176,65.61,69.48,107.87,0x0000,NONE,CLOSED,CLOSED,0,TN
2026-06-25T15:24:03.193+00:00,1239.0,12391,3.7124,3.6988,3.7220,31.31,6.31,-2.919,0.0162,65.58,69.43,107.84,0x0000,NONE,CLOSED,CLOSED,0,TN
2026-06-25T15:24:03.314+00:00,1240.0,12401,3.7107,3.7199,3.7035,31.45,6.45,-2.883,0.0151,65.56,69.37,107.80,0x0000,NONE,CLOSED,CLOSED,0,TN
2026-06-25T15:24:03.441+00:00,1241.0,12411,3.7128,3.7216,3.7152,31.38,6.38,-2.904,0.0106,65.53,69.38,107.84,0x0000,NONE,CLOSED,CLOSED,0,TN
2026-06-25T15:24:03.565+00:00,1242.0,12421,3.7049,3.6891,3.7216,31.22,6.22,-2.907,0.0177,65.50,69.33,107.82,0x0000,NONE,CLOSED,CLOSED,0,TN
2026-06-25T15:24:03.707+00:00,1243.0,12431,3.7114,3.7050,3.7076,31.37,6.37,-2.872,0.0209,65.47,69.30,107.81,0x0000,NONE,CLOSED,CLOSED,0,TN
2026-06-25T15:24:03.815+00:00,1244.0,12441,3.7079,3.6975,3.6875,31.32,6.32,-2.897,0.0188,65.44,69.30,107.84,0x0000,NONE,CLOSED,CLOSED,0,TN
2026-06-25T15:24:03.940+00:00,1245.0,12451,3.7061,3.6997,3.7130,31.25,6.25,-2.892,0.0189,65.42,69.26,107.82,0x0000,NONE,CLOSED,CLOSED,0,TN
2026-06-25T15:24:04.065+00:00,1246.0,12461,3.7018,3.6991,3.7127,31.37,6.37,-2.918,0.0159,65.39,69.22,107.81,0x0000,NONE,CLOSED,CLOSED,0,TN
2026-06-25T15:24:04.192+00:00,1247.0,12471,3.7105,3.7070,3.6903,31.31,6.31,-2.912,0.0190,65.36,69.23,107.85,0x0000,NONE,CLOSED,CLOSED,0,TN
2026-06-25T15:24:04.315+00:00,1248.0,12481,3.7050,3.7083,3.7192,31.41,6.41,-2.902,0.0186,65.33,69.20,107.84,0x0000,NONE,CLOSED,CLOSED,0,TN
2026-06-25T15:24:04.441+00:00,1249.0,12491,3.7075,3.7233,3.7063,31.37,6.37,-2.901,0.0085,65.31,69.19,107.87,0x0000,NONE,CLOSED,CLOSED,0,TN
2026-06-25T15:24:04.565+00:00,1250.0,12501,3.7066,3.7133,3.7055,31.35,6.35,-2.915,0.0142,65.28,69.13,107.82,0x0000,NONE,CLOSED,CLOSED,0,TN
2026-06-25T15:24:04.689+00:00,1251.0,12511,3.7024,3.7151,3.6973,31.35,6.35,-2.881,0.0148,65.25,69.11,107.83,0x0000,NONE,CLOSED,CLOSED,0,TN
2026-06-25T15:24:04.816+00:00,1252.0,12521,3.7044,3.6926,3.7012,31.24,6.24,-2.918,0.0153,65.22,69.10,107.85,0x0000,NONE,CLOSED,CLOSED,0,TN
2026-06-25T15:24:04.941+00:00,1253.0,12531,3.7041,3.7145,3.6894,31.31,6.31,-2.906,0.0187,65.19,69.05,107.82,0x0000,NONE,CLOSED,CLOSED,0,TN
2026-06-25T15:24:05.065+00:00,1254.0,12541,3.7012,3.7042,3.7184,31.43,6.43,-2.903,0.0184,65.17,69.06,107.86,0x0000,NONE,CLOSED,CLOSED,0,TN
2026-06-25T15:24:05.211+00:00,1255.0,12551,3.7049,3.6995,3.7102,31.36,6.36,-2.910,0.0135,65.14,69.00,107.82,0x0000,NONE,CLOSED,CLOSED,0,TN
2026-06-25T15:24:05.315+00:00,1256.0,12561,3.7028,3.6997,3.6989,31.27,6.27,-2.900,0.0216,65.11,68.97,107.82,0x0000,NONE,CLOSED,CLOSED,0,TN
2026-06-25T15:24:05.440+00:00,1257.0,12571,3.6995,3.7013,3.7220,31.29,6.29,-2.906,0.0158,65.08,68.97,107.85,0x0000,NONE,CLOSED,CLOSED,0,TN
2026-06-25T15:24:05.565+00:00,1258.0,12581,3.7035,3.7020,3.7087,31.34,6.34,-2.906,0.0203,65.06,68.93,107.83,0x0000,NONE,CLOSED,CLOSED,0,TN
2026-06-25T15:24:05.691+00:00,1259.0,12591,3.6986,3.6962,3.6791,31.34,6.34,-2.910,0.0180,65.03,68.90,107.83,0x0000,NONE,CLOSED,CLOSED,0,TN
2026-06-25T15:24:05.815+00:00,1260.0,12601,3.7055,3.7182,3.7139,31.33,6.33,-2.921,0.0134,65.00,68.93,107.89,0x0000,NONE,CLOSED,CLOSED,0,TN
2026-06-25T15:24:05.958+00:00,1261.0,12611,3.7021,3.7028,3.7157,31.33,6.33,-2.911,0.0183,64.97,68.87,107.85,0x0000,NONE,CLOSED,CLOSED,0,TN
2026-06-25T15:24:06.065+00:00,1262.0,12621,3.6996,3.7040,3.6744,31.27,6.27,-2.897,0.0194,64.94,68.79,107.78,0x0000,NONE,CLOSED,CLOSED,0,TN
2026-06-25T15:24:06.194+00:00,1263.0,12631,3.7065,3.7110,3.7157,31.40,6.40,-2.932,0.0156,64.92,68.83,107.87,0x0000,NONE,CLOSED,CLOSED,0,TN
2026-06-25T15:24:06.315+00:00,1264.0,12641,3.6961,3.6941,3.6902,31.38,6.38,-2.868,0.0229,64.89,68.75,107.80,0x0000,NONE,CLOSED,CLOSED,0,TN
2026-06-25T15:24:06.440+00:00,1265.0,12651,3.7042,3.7038,3.6866,31.31,6.31,-2.910,0.0172,64.86,68.77,107.86,0x0000,NONE,CLOSED,CLOSED,0,TN
2026-06-25T15:24:06.565+00:00,1266.0,12661,3.6986,3.7096,3.6888,31.32,6.32,-2.865,0.0191,64.83,68.73,107.83,0x0000,NONE,CLOSED,CLOSED,0,TN
2026-06-25T15:24:06.702+00:00,1267.0,12671,3.6991,3.6931,3.7062,31.43,6.43,-2.913,0.0140,64.81,68.71,107.84,0x0000,NONE,CLOSED,CLOSED,0,TN
2026-06-25T15:24:06.816+00:00,1268.0,12681,3.7005,3.7105,3.6818,31.43,6.43,-2.913,0.0215,64.78,68.69,107.85,0x0000,NONE,CLOSED,CLOSED,0,TN
2026-06-25T15:24:06.940+00:00,1269.0,12691,3.6975,3.6977,3.6978,31.46,6.46,-2.876,0.0168,64.75,68.65,107.83,0x0000,NONE,CLOSED,CLOSED,0,TN
2026-06-25T15:24:07.065+00:00,1270.0,12701,3.6979,3.7054,3.6991,31.28,6.28,-2.896,0.0199,64.72,68.62,107.83,0x0000,NONE,CLOSED,CLOSED,0,TN
2026-06-25T15:24:07.195+00:00,1271.0,12711,3.6973,3.6880,3.6979,31.37,6.37,-2.901,0.0140,64.69,68.62,107.86,0x0000,NONE,CLOSED,CLOSED,0,TN
2026-06-25T15:24:07.314+00:00,1272.0,12721,3.6937,3.6798,3.7014,31.43,6.43,-2.939,0.0180,64.67,68.59,107.85,0x0000,NONE,CLOSED,CLOSED,0,TN
2026-06-25T15:24:07.464+00:00,1273.0,12731,3.6921,3.6900,3.6955,31.41,6.41,-2.878,0.0174,64.64,68.56,107.85,0x0000,NONE,CLOSED,CLOSED,0,TN
2026-06-25T15:24:07.565+00:00,1274.0,12741,3.6924,3.6809,3.6659,31.29,6.29,-2.885,0.0130,64.61,68.49,107.79,0x0000,NONE,CLOSED,CLOSED,0,TN
2026-06-25T15:24:07.691+00:00,1275.0,12751,3.6925,3.6882,3.6960,31.33,6.33,-2.893,0.0175,64.58,68.47,107.81,0x0000,NONE,CLOSED,CLOSED,0,TN
2026-06-25T15:24:07.817+00:00,1276.0,12761,3.6999,3.7017,3.6860,31.39,6.39,-2.881,0.0147,64.56,68.46,107.83,0x0000,NONE,CLOSED,CLOSED,0,TN
2026-06-25T15:24:07.940+00:00,1277.0,12771,3.7000,3.7086,3.6982,31.39,6.39,-2.903,0.0118,64.53,68.47,107.86,0x0000,NONE,CLOSED,CLOSED,0,TN
2026-06-25T15:24:08.066+00:00,1278.0,12781,3.6992,3.7058,3.6940,31.43,6.43,-2.906,0.0201,64.50,68.42,107.84,0x0000,NONE,CLOSED,CLOSED,0,TN
2026-06-25T15:24:08.206+00:00,1279.0,12791,3.6968,3.6934,3.6873,31.35,6.35,-2.924,0.0227,64.47,68.39,107.83,0x0000,NONE,CLOSED,CLOSED,0,TN
2026-06-25T15:24:08.315+00:00,1280.0,12801,3.6999,3.7108,3.7013,31.34,6.34,-2.913,0.0119,64.44,68.40,107.88,0x0000,NONE,CLOSED,CLOSED,0,TN
2026-06-25T15:24:08.442+00:00,1281.0,12811,3.6991,3.6967,3.6973,31.34,6.34,-2.868,0.0194,64.42,68.35,107.85,0x0000,NONE,CLOSED,CLOSED,0,TN
2026-06-25T15:24:08.566+00:00,1282.0,12821,3.6987,3.6872,3.7164,31.43,6.43,-2.898,0.0195,64.39,68.33,107.85,0x0000,NONE,CLOSED,CLOSED,0,TN
2026-06-25T15:24:08.690+00:00,1283.0,12831,3.6969,3.6831,3.7014,31.36,6.36,-2.874,0.0232,64.36,68.28,107.83,0x0000,NONE,CLOSED,CLOSED,0,TN
2026-06-25T15:24:08.814+00:00,1284.0,12841,3.6912,3.6826,3.7045,31.36,6.36,-2.889,0.0150,64.33,68.25,107.82,0x0000,NONE,CLOSED,CLOSED,0,TN
2026-06-25T15:24:08.940+00:00,1285.0,12851,3.6970,3.6948,3.7004,31.46,6.46,-2.893,0.0119,64.31,68.27,107.87,0x0000,NONE,CLOSED,CLOSED,0,TN
2026-06-25T15:24:09.065+00:00,1286.0,12861,3.6980,3.6924,3.7077,31.38,6.38,-2.895,0.0186,64.28,68.22,107.85,0x0000,NONE,CLOSED,CLOSED,0,TN
2026-06-25T15:24:09.195+00:00,1287.0,12871,3.6934,3.6934,3.6805,31.41,6.41,-2.883,0.0187,64.25,68.17,107.82,0x0000,NONE,CLOSED,CLOSED,0,TN
2026-06-25T15:24:09.315+00:00,1288.0,12881,3.6934,3.6911,3.6922,31.40,6.40,-2.928,0.0179,64.22,68.18,107.86,0x0000,NONE,CLOSED,CLOSED,0,TN
2026-06-25T15:24:09.442+00:00,1289.0,12891,3.6951,3.6959,3.7067,31.52,6.52,-2.901,0.0085,64.19,68.17,107.88,0x0000,NONE,CLOSED,CLOSED,0,TN
2026-06-25T15:24:09.565+00:00,1290.0,12901,3.6898,3.6875,3.6949,31.42,6.42,-2.892,0.0164,64.17,68.11,107.84,0x0000,NONE,CLOSED,CLOSED,0,TN
2026-06-25T15:24:09.698+00:00,1291.0,12911,3.6919,3.6843,3.7105,31.47,6.47,-2.890,0.0183,64.14,68.07,107.82,0x0000,NONE,CLOSED,CLOSED,0,TN
2026-06-25T15:24:09.817+00:00,1292.0,12921,3.6877,3.6829,3.6863,31.46,6.46,-2.915,0.0111,64.11,68.03,107.80,0x0000,NONE,CLOSED,CLOSED,0,TN
2026-06-25T15:24:09.940+00:00,1293.0,12931,3.6886,3.6790,3.7163,31.36,6.36,-2.914,0.0086,64.08,68.02,107.82,0x0000,NONE,CLOSED,CLOSED,0,TN
2026-06-25T15:24:10.066+00:00,1294.0,12941,3.6907,3.6911,3.6907,31.57,6.57,-2.905,0.0155,64.06,68.00,107.83,0x0000,NONE,CLOSED,CLOSED,0,TN
2026-06-25T15:24:10.198+00:00,1295.0,12951,3.6921,3.6888,3.7046,31.27,6.27,-2.897,0.0242,64.03,67.99,107.86,0x0000,NONE,CLOSED,CLOSED,0,TN
2026-06-25T15:24:10.315+00:00,1296.0,12961,3.6930,3.6881,3.6879,31.50,6.50,-2.891,0.0170,64.00,67.98,107.87,0x0000,NONE,CLOSED,CLOSED,0,TN
2026-06-25T15:24:10.459+00:00,1297.0,12971,3.6889,3.6881,3.6685,31.38,6.38,-2.897,0.0149,63.97,67.91,107.81,0x0000,NONE,CLOSED,CLOSED,0,TN
2026-06-25T15:24:10.565+00:00,1298.0,12981,3.6853,3.6867,3.6786,31.37,6.37,-2.926,0.0243,63.94,67.88,107.81,0x0000,NONE,CLOSED,CLOSED,0,TN
2026-06-25T15:24:10.692+00:00,1299.0,12991,3.6881,3.6905,3.6802,31.41,6.41,-2.887,0.0170,63.92,67.85,107.80,0x0000,NONE,CLOSED,CLOSED,0,TN
2026-06-25T15:24:10.816+00:00,1300.0,13001,3.6885,3.6943,3.7061,31.36,6.36,-2.910,0.0133,63.89,67.85,107.84,0x0000,NONE,CLOSED,CLOSED,0,TN
2026-06-25T15:24:10.940+00:00,1301.0,13011,3.6913,3.6928,3.6918,31.45,6.45,-2.884,0.0160,63.86,67.81,107.82,0x0000,NONE,CLOSED,CLOSED,0,TN
2026-06-25T15:24:11.065+00:00,1302.0,13021,3.6873,3.6813,3.7006,31.38,6.38,-2.901,0.0264,63.83,67.78,107.82,0x0000,NONE,CLOSED,CLOSED,0,TN
2026-06-25T15:24:11.211+00:00,1303.0,13031,3.6890,3.6953,3.6964,31.37,6.37,-2.883,0.0244,63.81,67.78,107.85,0x0000,NONE,CLOSED,CLOSED,0,TN
2026-06-25T15:24:11.315+00:00,1304.0,13041,3.6844,3.6977,3.6993,31.52,6.52,-2.892,0.0154,63.78,67.78,107.88,0x0000,NONE,CLOSED,CLOSED,0,TN
2026-06-25T15:24:11.440+00:00,1305.0,13051,3.6876,3.6754,3.7010,31.43,6.43,-2.893,0.0250,63.75,67.73,107.85,0x0000,NONE,CLOSED,CLOSED,0,TN
2026-06-25T15:24:11.565+00:00,1306.0,13061,3.6880,3.6816,3.6911,31.51,6.51,-2.892,0.0188,63.72,67.69,107.83,0x0000,NONE,CLOSED,CLOSED,0,TN
2026-06-25T15:24:11.690+00:00,1307.0,13071,3.6870,3.6835,3.6801,31.51,6.51,-2.904,0.0161,63.69,67.67,107.84,0x0000,NONE,CLOSED,CLOSED,0,TN
2026-06-25T15:24:11.816+00:00,1308.0,13081,3.6889,3.7056,3.6904,31.43,6.43,-2.933,0.0085,63.67,67.69,107.89,0x0000,NONE,CLOSED,CLOSED,0,TN
2026-06-25T15:24:11.940+00:00,1309.0,13091,3.6841,3.6880,3.6710,31.49,6.49,-2.912,0.0146,63.64,67.61,107.82,0x0000,NONE,CLOSED,CLOSED,0,TN
2026-06-25T15:24:12.065+00:00,1310.0,13101,3.6859,3.6872,3.6707,31.58,6.58,-2.899,0.0212,63.61,67.56,107.80,0x0000,NONE,CLOSED,CLOSED,0,TN
2026-06-25T15:24:12.192+00:00,1311.0,13111,3.6886,3.6822,3.6830,31.56,6.56,-2.888,0.0177,63.58,67.51,107.77,0x0000,NONE,CLOSED,CLOSED,0,TN
2026-06-25T15:24:12.315+00:00,1312.0,13121,3.6854,3.6892,3.6866,31.56,6.56,-2.912,0.0107,63.56,67.54,107.83,0x0000,NONE,CLOSED,CLOSED,0,TN
2026-06-25T15:24:12.441+00:00,1313.0,13131,3.6841,3.6844,3.6880,31.43,6.43,-2.896,0.0165,63.53,67.50,107.83,0x0000,NONE,CLOSED,CLOSED,0,TN
2026-06-25T15:24:12.566+00:00,1314.0,13141,3.6839,3.6746,3.6719,31.54,6.54,-2.881,0.0185,63.50,67.45,107.79,0x0000,NONE,CLOSED,CLOSED,0,TN
2026-06-25T15:24:12.690+00:00,1315.0,13151,3.6858,3.6845,3.6937,31.49,6.49,-2.914,0.0154,63.47,67.47,107.84,0x0000,NONE,CLOSED,CLOSED,0,TN
2026-06-25T15:24:12.817+00:00,1316.0,13161,3.6829,3.6777,3.7038,31.45,6.46,-2.877,0.0167,63.44,67.45,107.86,0x0000,NONE,CLOSED,CLOSED,0,TN
2026-06-25T15:24:12.940+00:00,1317.0,13171,3.6799,3.6873,3.6749,31.39,6.39,-2.907,0.0148,63.42,67.41,107.84,0x0000,NONE,CLOSED,CLOSED,0,TN
2026-06-25T15:24:13.067+00:00,1318.0,13181,3.6832,3.6774,3.6875,31.52,6.52,-2.924,0.0153,63.39,67.38,107.84,0x0000,NONE,CLOSED,CLOSED,0,TN
2026-06-25T15:24:13.196+00:00,1319.0,13191,3.6795,3.6702,3.6701,31.42,6.42,-2.910,0.0174,63.36,67.34,107.81,0x0000,NONE,CLOSED,CLOSED,0,TN
2026-06-25T15:24:13.315+00:00,1320.0,13201,3.6823,3.6709,3.6693,31.49,6.49,-2.888,0.0189,63.33,67.30,107.79,0x0000,NONE,CLOSED,CLOSED,0,TN
2026-06-25T15:24:13.449+00:00,1321.0,13211,3.6842,3.6893,3.6701,31.64,6.64,-2.910,0.0226,63.31,67.30,107.83,0x0000,NONE,CLOSED,CLOSED,0,TN
2026-06-25T15:24:13.566+00:00,1322.0,13221,3.6843,3.6732,3.6753,31.50,6.50,-2.898,0.0127,63.28,67.26,107.82,0x0000,NONE,CLOSED,CLOSED,0,TN
2026-06-25T15:24:13.690+00:00,1323.0,13231,3.6760,3.6775,3.6861,31.44,6.44,-2.897,0.0135,63.25,67.22,107.79,0x0000,NONE,CLOSED,CLOSED,0,TN
2026-06-25T15:24:13.816+00:00,1324.0,13241,3.6753,3.6727,3.6560,31.56,6.56,-2.915,0.0172,63.22,67.17,107.77,0x0000,NONE,CLOSED,CLOSED,0,TN
2026-06-25T15:24:13.940+00:00,1325.0,13251,3.6785,3.6852,3.7003,31.42,6.42,-2.897,0.0195,63.19,67.21,107.84,0x0000,NONE,CLOSED,CLOSED,0,TN
2026-06-25T15:24:14.067+00:00,1326.0,13261,3.6816,3.6733,3.7013,31.57,6.57,-2.891,0.0177,63.17,67.21,107.88,0x0000,NONE,CLOSED,CLOSED,0,TN
2026-06-25T15:24:14.213+00:00,1327.0,13271,3.6780,3.6800,3.6577,31.51,6.51,-2.904,0.0302,63.14,67.13,107.81,0x0000,NONE,CLOSED,CLOSED,0,TN
2026-06-25T15:24:14.315+00:00,1328.0,13281,3.6778,3.6738,3.6540,31.46,6.46,-2.885,0.0211,63.11,67.09,107.79,0x0000,NONE,CLOSED,CLOSED,0,TN
2026-06-25T15:24:14.440+00:00,1329.0,13291,3.6839,3.6685,3.6900,31.53,6.53,-2.906,0.0151,63.08,67.09,107.82,0x0000,NONE,CLOSED,CLOSED,0,TN
2026-06-25T15:24:14.565+00:00,1330.0,13301,3.6789,3.7007,3.6639,31.49,6.49,-2.919,0.0109,63.06,67.06,107.82,0x0000,NONE,CLOSED,CLOSED,0,TN
2026-06-25T15:24:14.691+00:00,1331.0,13311,3.6764,3.6807,3.6821,31.45,6.45,-2.888,0.0157,63.03,67.04,107.83,0x0000,NONE,CLOSED,CLOSED,0,TN
2026-06-25T15:24:14.814+00:00,1332.0,13321,3.6756,3.6733,3.6674,31.61,6.61,-2.897,0.0142,63.00,66.97,107.78,0x0000,NONE,CLOSED,CLOSED,0,TN
2026-06-25T15:24:14.940+00:00,1333.0,13331,3.6750,3.6755,3.6712,31.58,6.58,-2.891,0.0172,62.97,66.96,107.79,0x0000,NONE,CLOSED,CLOSED,0,TN
2026-06-25T15:24:15.066+00:00,1334.0,13341,3.6710,3.6674,3.6771,31.50,6.50,-2.883,0.0170,62.94,66.91,107.76,0x0000,NONE,CLOSED,CLOSED,0,TN
2026-06-25T15:24:15.191+00:00,1335.0,13351,3.6739,3.6809,3.6727,31.59,6.59,-2.907,0.0110,62.92,66.88,107.76,0x0000,NONE,CLOSED,CLOSED,0,TN
2026-06-25T15:24:15.314+00:00,1336.0,13361,3.6759,3.6923,3.6913,31.49,6.49,-2.912,0.0147,62.89,66.92,107.84,0x0000,NONE,CLOSED,CLOSED,0,TN
2026-06-25T15:24:15.440+00:00,1337.0,13371,3.6755,3.6693,3.6849,31.60,6.60,-2.893,0.0255,62.86,66.83,107.76,0x0000,NONE,CLOSED,CLOSED,0,TN
2026-06-25T15:24:15.583+00:00,1338.0,13381,3.6783,3.6797,3.6783,31.62,6.62,-2.878,0.0216,62.83,66.87,107.84,0x0000,NONE,CLOSED,CLOSED,0,TN
2026-06-25T15:24:15.690+00:00,1339.0,13391,3.6766,3.6755,3.6793,31.51,6.51,-2.902,0.0192,62.81,66.83,107.83,0x0000,NONE,CLOSED,CLOSED,0,TN
2026-06-25T15:24:15.816+00:00,1340.0,13401,3.6720,3.6590,3.6842,31.56,6.56,-2.888,0.0149,62.78,66.76,107.77,0x0000,NONE,CLOSED,CLOSED,0,TN
2026-06-25T15:24:15.946+00:00,1341.0,13411,3.6726,3.6796,3.6762,31.56,6.56,-2.913,0.0153,62.75,66.73,107.77,0x0000,NONE,CLOSED,CLOSED,0,TN
2026-06-25T15:24:16.065+00:00,1342.0,13421,3.6717,3.6717,3.6691,31.55,6.55,-2.909,0.0219,62.72,66.73,107.79,0x0000,NONE,CLOSED,CLOSED,0,TN
2026-06-25T15:24:16.195+00:00,1343.0,13431,3.6721,3.6559,3.6662,31.61,6.61,-2.885,0.0198,62.69,66.67,107.76,0x0000,NONE,CLOSED,CLOSED,0,TN
2026-06-25T15:24:16.315+00:00,1344.0,13441,3.6776,3.6886,3.6785,31.47,6.47,-2.930,0.0199,62.67,66.71,107.83,0x0000,NONE,CLOSED,CLOSED,0,TN
2026-06-25T15:24:16.442+00:00,1345.0,13451,3.6759,3.6918,3.6759,31.48,6.48,-2.881,0.0200,62.64,66.71,107.86,0x0000,NONE,CLOSED,CLOSED,0,TN
2026-06-25T15:24:16.566+00:00,1346.0,13461,3.6720,3.6828,3.6749,31.70,6.70,-2.917,0.0154,62.61,66.65,107.82,0x0000,NONE,CLOSED,CLOSED,0,TN
2026-06-25T15:24:16.691+00:00,1347.0,13471,3.6751,3.6760,3.6814,31.56,6.56,-2.871,0.0165,62.58,66.62,107.82,0x0000,NONE,CLOSED,CLOSED,0,TN
2026-06-25T15:24:16.815+00:00,1348.0,13481,3.6788,3.6773,3.6693,31.52,6.52,-2.909,0.0212,62.56,66.57,107.80,0x0000,NONE,CLOSED,CLOSED,0,TN
2026-06-25T15:24:16.940+00:00,1349.0,13491,3.6696,3.6723,3.6688,31.60,6.60,-2.893,0.0227,62.53,66.53,107.77,0x0000,NONE,CLOSED,CLOSED,0,TN
2026-06-25T15:24:17.065+00:00,1350.0,13501,3.6731,3.6705,3.6677,31.59,6.59,-2.886,0.0157,62.50,66.51,107.78,0x0000,NONE,CLOSED,CLOSED,0,TN
2026-06-25T15:24:17.194+00:00,1351.0,13511,3.6707,3.6665,3.6761,31.50,6.50,-2.899,0.0181,62.47,66.52,107.83,0x0000,NONE,CLOSED,CLOSED,0,TN
2026-06-25T15:24:17.315+00:00,1352.0,13521,3.6698,3.6686,3.6978,31.58,6.58,-2.928,0.0130,62.44,66.50,107.83,0x0000,NONE,CLOSED,CLOSED,0,TN
2026-06-25T15:24:17.441+00:00,1353.0,13531,3.6727,3.6751,3.6615,31.63,6.63,-2.908,0.0146,62.42,66.47,107.83,0x0000,NONE,CLOSED,CLOSED,0,TN
2026-06-25T15:24:17.566+00:00,1354.0,13541,3.6612,3.6623,3.6405,31.64,6.64,-2.926,0.0090,62.39,66.39,107.76,0x0000,NONE,CLOSED,CLOSED,0,TN
2026-06-25T15:24:17.696+00:00,1355.0,13551,3.6725,3.6691,3.6687,31.65,6.65,-2.902,0.0180,62.36,66.43,107.84,0x0000,NONE,CLOSED,CLOSED,0,TN
2026-06-25T15:24:17.818+00:00,1356.0,13561,3.6700,3.6657,3.6562,31.64,6.64,-2.875,0.0145,62.33,66.34,107.76,0x0000,NONE,CLOSED,CLOSED,0,TN
2026-06-25T15:24:17.939+00:00,1357.0,13571,3.6686,3.6698,3.6641,31.56,6.56,-2.908,0.0162,62.31,66.31,107.76,0x0000,NONE,CLOSED,CLOSED,0,TN
2026-06-25T15:24:18.065+00:00,1358.0,13581,3.6693,3.6738,3.6428,31.55,6.55,-2.888,0.0162,62.28,66.24,107.71,0x0000,NONE,CLOSED,CLOSED,0,TN
2026-06-25T15:24:18.192+00:00,1359.0,13591,3.6660,3.6663,3.6766,31.53,6.53,-2.877,0.0259,62.25,66.25,107.75,0x0000,NONE,CLOSED,CLOSED,0,TN
2026-06-25T15:24:18.315+00:00,1360.0,13601,3.6658,3.6602,3.6752,31.53,6.53,-2.884,0.0143,62.22,66.27,107.81,0x0000,NONE,CLOSED,CLOSED,0,TN
2026-06-25T15:24:18.441+00:00,1361.0,13611,3.6683,3.6676,3.6598,31.58,6.58,-2.910,0.0184,62.19,66.21,107.77,0x0000,NONE,CLOSED,CLOSED,0,TN
2026-06-25T15:24:18.582+00:00,1362.0,13621,3.6721,3.6676,3.6622,31.55,6.55,-2.893,0.0152,62.17,66.18,107.76,0x0000,NONE,CLOSED,CLOSED,0,TN
2026-06-25T15:24:18.692+00:00,1363.0,13631,3.6652,3.6598,3.6709,31.73,6.73,-2.932,0.0205,62.14,66.15,107.76,0x0000,NONE,CLOSED,CLOSED,0,TN
2026-06-25T15:24:18.815+00:00,1364.0,13641,3.6662,3.6613,3.6650,31.64,6.64,-2.911,0.0161,62.11,66.12,107.75,0x0000,NONE,CLOSED,CLOSED,0,TN
2026-06-25T15:24:18.940+00:00,1365.0,13651,3.6679,3.6781,3.6859,31.68,6.68,-2.895,0.0151,62.08,66.12,107.78,0x0000,NONE,CLOSED,CLOSED,0,TN
2026-06-25T15:24:19.064+00:00,1366.0,13661,3.6708,3.6707,3.6695,31.63,6.63,-2.882,0.0155,62.06,66.13,107.82,0x0000,NONE,CLOSED,CLOSED,0,TN
2026-06-25T15:24:19.205+00:00,1367.0,13671,3.6715,3.6816,3.6782,31.60,6.60,-2.879,0.0212,62.03,66.09,107.81,0x0000,NONE,CLOSED,CLOSED,0,TN
2026-06-25T15:24:19.315+00:00,1368.0,13681,3.6607,3.6695,3.6580,31.64,6.64,-2.893,0.0160,62.00,66.04,107.78,0x0000,NONE,CLOSED,CLOSED,0,TN
2026-06-25T15:24:19.440+00:00,1369.0,13691,3.6714,3.6709,3.6869,31.72,6.72,-2.906,0.0186,61.97,66.06,107.83,0x0000,NONE,CLOSED,CLOSED,0,TN
2026-06-25T15:24:19.566+00:00,1370.0,13701,3.6631,3.6526,3.6655,31.67,6.67,-2.914,0.0139,61.94,65.97,107.75,0x0000,NONE,CLOSED,CLOSED,0,TN
2026-06-25T15:24:19.689+00:00,1371.0,13711,3.6629,3.6532,3.6837,31.62,6.62,-2.895,0.0200,61.92,65.97,107.79,0x0000,NONE,CLOSED,CLOSED,0,TN
2026-06-25T15:24:19.815+00:00,1372.0,13721,3.6681,3.6642,3.6723,31.55,6.55,-2.900,0.0121,61.89,65.93,107.77,0x0000,NONE,CLOSED,CLOSED,0,TN
2026-06-25T15:24:19.940+00:00,1373.0,13731,3.6650,3.6656,3.6590,31.61,6.61,-2.913,0.0164,61.86,65.92,107.78,0x0000,NONE,CLOSED,CLOSED,0,TN
2026-06-25T15:24:20.065+00:00,1374.0,13741,3.6636,3.6590,3.6573,31.62,6.62,-2.909,0.0165,61.83,65.87,107.76,0x0000,NONE,CLOSED,CLOSED,0,TN
2026-06-25T15:24:20.193+00:00,1375.0,13751,3.6629,3.6650,3.6735,31.54,6.54,-2.886,0.0128,61.81,65.87,107.79,0x0000,NONE,CLOSED,CLOSED,0,TN
2026-06-25T15:24:20.316+00:00,1376.0,13761,3.6688,3.6707,3.6709,31.59,6.59,-2.904,0.0193,61.78,65.86,107.81,0x0000,NONE,CLOSED,CLOSED,0,TN
2026-06-25T15:24:20.440+00:00,1377.0,13771,3.6637,3.6710,3.6726,31.63,6.63,-2.910,0.0164,61.75,65.84,107.82,0x0000,NONE,CLOSED,CLOSED,0,TN
2026-06-25T15:24:20.585+00:00,1378.0,13781,3.6694,3.6712,3.6865,31.70,6.70,-2.891,0.0256,61.72,65.83,107.83,0x0000,NONE,CLOSED,CLOSED,0,TN
2026-06-25T15:24:20.689+00:00,1379.0,13791,3.6597,3.6475,3.6630,31.60,6.60,-2.913,0.0189,61.69,65.69,107.70,0x0000,NONE,CLOSED,CLOSED,0,TN
2026-06-25T15:24:20.825+00:00,1380.0,13801,3.6621,3.6460,3.6547,31.65,6.65,-2.907,0.0239,61.67,65.70,107.74,0x0000,NONE,CLOSED,CLOSED,0,TN
2026-06-25T15:24:20.940+00:00,1381.0,13811,3.6673,3.6637,3.6597,31.57,6.57,-2.906,0.0142,61.64,65.70,107.77,0x0000,NONE,CLOSED,CLOSED,0,TN
2026-06-25T15:24:21.066+00:00,1382.0,13821,3.6620,3.6718,3.6807,31.62,6.62,-2.885,0.0202,61.61,65.67,107.77,0x0000,NONE,CLOSED,CLOSED,0,TN
2026-06-25T15:24:21.190+00:00,1383.0,13831,3.6623,3.6564,3.6819,31.70,6.70,-2.888,0.0181,61.58,65.65,107.77,0x0000,NONE,CLOSED,CLOSED,0,TN
2026-06-25T15:24:21.315+00:00,1384.0,13841,3.6650,3.6763,3.6513,31.75,6.75,-2.892,0.0213,61.56,65.62,107.77,0x0000,NONE,CLOSED,CLOSED,0,TN
2026-06-25T15:24:21.440+00:00,1385.0,13851,3.6574,3.6491,3.6580,31.56,6.56,-2.907,0.0288,61.53,65.58,107.75,0x0000,NONE,CLOSED,CLOSED,0,TN
2026-06-25T15:24:21.574+00:00,1386.0,13861,3.6636,3.6660,3.6598,31.58,6.58,-2.902,0.0164,61.50,65.55,107.75,0x0000,NONE,CLOSED,CLOSED,0,TN
2026-06-25T15:24:21.692+00:00,1387.0,13871,3.6567,3.6534,3.6523,31.64,6.64,-2.898,0.0198,61.47,65.51,107.73,0x0000,NONE,CLOSED,CLOSED,0,TN
2026-06-25T15:24:21.817+00:00,1388.0,13881,3.6557,3.6659,3.6602,31.61,6.61,-2.924,0.0252,61.44,65.51,107.77,0x0000,NONE,CLOSED,CLOSED,0,TN
2026-06-25T15:24:21.941+00:00,1389.0,13891,3.6609,3.6587,3.6577,31.67,6.67,-2.910,0.0166,61.42,65.49,107.77,0x0000,NONE,CLOSED,CLOSED,0,TN
2026-06-25T15:24:22.065+00:00,1390.0,13901,3.6583,3.6679,3.6596,31.53,6.53,-2.916,0.0192,61.39,65.45,107.76,0x0000,NONE,CLOSED,CLOSED,0,TN
2026-06-25T15:24:22.190+00:00,1391.0,13911,3.6555,3.6595,3.6450,31.65,6.65,-2.896,0.0230,61.36,65.40,107.73,0x0000,NONE,CLOSED,CLOSED,0,TN
2026-06-25T15:24:22.315+00:00,1392.0,13921,3.6605,3.6542,3.6454,31.68,6.68,-2.910,0.0095,61.33,65.38,107.73,0x0000,NONE,CLOSED,CLOSED,0,TN
2026-06-25T15:24:22.440+00:00,1393.0,13931,3.6580,3.6616,3.6595,31.69,6.69,-2.898,0.0174,61.31,65.38,107.76,0x0000,NONE,CLOSED,CLOSED,0,TN
2026-06-25T15:24:22.580+00:00,1394.0,13941,3.6590,3.6618,3.6658,31.66,6.66,-2.893,0.0172,61.28,65.34,107.74,0x0000,NONE,CLOSED,CLOSED,0,TN
2026-06-25T15:24:22.690+00:00,1395.0,13951,3.6549,3.6636,3.6597,31.66,6.66,-2.919,0.0145,61.25,65.34,107.78,0x0000,NONE,CLOSED,CLOSED,0,TN
2026-06-25T15:24:22.815+00:00,1396.0,13961,3.6545,3.6603,3.6698,31.75,6.75,-2.892,0.0201,61.22,65.29,107.75,0x0000,NONE,CLOSED,CLOSED,0,TN
2026-06-25T15:24:22.941+00:00,1397.0,13971,3.6554,3.6480,3.6387,31.74,6.74,-2.895,0.0136,61.19,65.20,107.67,0x0000,NONE,CLOSED,CLOSED,0,TN
2026-06-25T15:24:23.065+00:00,1398.0,13981,3.6597,3.6567,3.6702,31.62,6.62,-2.893,0.0118,61.17,65.25,107.76,0x0000,NONE,CLOSED,CLOSED,0,TN
2026-06-25T15:24:23.189+00:00,1399.0,13991,3.6516,3.6562,3.6377,31.60,6.60,-2.911,0.0162,61.14,65.15,107.68,0x0000,NONE,CLOSED,CLOSED,0,TN
2026-06-25T15:24:23.317+00:00,1400.0,14001,3.6545,3.6531,3.6342,31.66,6.66,-2.901,0.0150,61.11,65.17,107.73,0x0000,NONE,CLOSED,CLOSED,0,TN
2026-06-25T15:24:23.440+00:00,1401.0,14011,3.6532,3.6598,3.6415,31.65,6.65,-2.900,0.0115,61.08,65.14,107.72,0x0000,NONE,CLOSED,CLOSED,0,TN
2026-06-25T15:24:23.586+00:00,1402.0,14021,3.6535,3.6562,3.6514,31.67,6.67,-2.912,0.0180,61.06,65.12,107.73,0x0000,NONE,CLOSED,CLOSED,0,TN
2026-06-25T15:24:23.690+00:00,1403.0,14031,3.6575,3.6631,3.6499,31.60,6.60,-2.901,0.0198,61.03,65.13,107.77,0x0000,NONE,CLOSED,CLOSED,0,TN
2026-06-25T15:24:23.814+00:00,1404.0,14041,3.6512,3.6476,3.6699,31.72,6.72,-2.919,0.0020,61.00,65.07,107.73,0x0000,NONE,CLOSED,CLOSED,0,TN
2026-06-25T15:24:23.945+00:00,1405.0,14051,3.6543,3.6549,3.6396,31.70,6.70,-2.922,0.0201,60.97,65.01,107.69,0x0000,NONE,CLOSED,CLOSED,0,TN
2026-06-25T15:24:24.065+00:00,1406.0,14061,3.6564,3.6567,3.6514,31.72,6.72,-2.906,0.0212,60.94,65.03,107.74,0x0000,NONE,CLOSED,CLOSED,0,TN
2026-06-25T15:24:24.189+00:00,1407.0,14071,3.6525,3.6676,3.6511,31.69,6.69,-2.904,0.0142,60.92,64.96,107.69,0x0000,NONE,CLOSED,CLOSED,0,TN
2026-06-25T15:24:24.315+00:00,1408.0,14081,3.6503,3.6578,3.6552,31.69,6.69,-2.904,0.0102,60.89,64.92,107.68,0x0000,NONE,CLOSED,CLOSED,0,TN
2026-06-25T15:24:24.440+00:00,1409.0,14091,3.6521,3.6627,3.6410,31.72,6.72,-2.893,0.0211,60.86,64.91,107.70,0x0000,NONE,CLOSED,CLOSED,0,TN
2026-06-25T15:24:24.572+00:00,1410.0,14101,3.6453,3.6373,3.6382,31.56,6.56,-2.905,0.0203,60.83,64.84,107.65,0x0000,NONE,CLOSED,CLOSED,0,TN
2026-06-25T15:24:24.690+00:00,1411.0,14111,3.6491,3.6598,3.6486,31.64,6.64,-2.917,0.0128,60.81,64.87,107.70,0x0000,NONE,CLOSED,CLOSED,0,TN
2026-06-25T15:24:24.817+00:00,1412.0,14121,3.6431,3.6335,3.6476,31.68,6.68,-2.888,0.0148,60.78,64.80,107.66,0x0000,NONE,CLOSED,CLOSED,0,TN
2026-06-25T15:24:24.951+00:00,1413.0,14131,3.6529,3.6485,3.6553,31.72,6.72,-2.894,0.0169,60.75,64.80,107.69,0x0000,NONE,CLOSED,CLOSED,0,TN
2026-06-25T15:24:25.065+00:00,1414.0,14141,3.6500,3.6556,3.6408,31.75,6.75,-2.902,0.0209,60.72,64.76,107.67,0x0000,NONE,CLOSED,CLOSED,0,TN
2026-06-25T15:24:25.189+00:00,1415.0,14151,3.6496,3.6516,3.6464,31.73,6.73,-2.896,0.0215,60.69,64.73,107.67,0x0000,NONE,CLOSED,CLOSED,0,TN
2026-06-25T15:24:25.315+00:00,1416.0,14161,3.6530,3.6514,3.6379,31.77,6.77,-2.882,0.0205,60.67,64.73,107.70,0x0000,NONE,CLOSED,CLOSED,0,TN
2026-06-25T15:24:25.441+00:00,1417.0,14171,3.6456,3.6560,3.6464,31.63,6.63,-2.900,0.0214,60.64,64.70,107.69,0x0000,NONE,CLOSED,CLOSED,0,TN
2026-06-25T15:24:25.571+00:00,1418.0,14181,3.6497,3.6415,3.6461,31.70,6.70,-2.900,0.0179,60.61,64.64,107.65,0x0000,NONE,CLOSED,CLOSED,0,TN
2026-06-25T15:24:25.690+00:00,1419.0,14191,3.6530,3.6506,3.6381,31.77,6.77,-2.899,0.0209,60.58,64.60,107.64,0x0000,NONE,CLOSED,CLOSED,0,TN
2026-06-25T15:24:25.825+00:00,1420.0,14201,3.6443,3.6386,3.6575,31.65,6.65,-2.916,0.0120,60.56,64.61,107.68,0x0000,NONE,CLOSED,CLOSED,0,TN
2026-06-25T15:24:25.940+00:00,1421.0,14211,3.6477,3.6490,3.6538,31.72,6.72,-2.907,0.0198,60.53,64.58,107.68,0x0000,NONE,CLOSED,CLOSED,0,TN
2026-06-25T15:24:26.065+00:00,1422.0,14221,3.6502,3.6385,3.6479,31.77,6.77,-2.910,0.0180,60.50,64.58,107.71,0x0000,NONE,CLOSED,CLOSED,0,TN
2026-06-25T15:24:26.189+00:00,1423.0,14231,3.6491,3.6465,3.6490,31.68,6.68,-2.902,0.0243,60.47,64.55,107.70,0x0000,NONE,CLOSED,CLOSED,0,TN
2026-06-25T15:24:26.315+00:00,1424.0,14241,3.6457,3.6421,3.6511,31.70,6.70,-2.895,0.0215,60.44,64.52,107.70,0x0000,NONE,CLOSED,CLOSED,0,TN
2026-06-25T15:24:26.440+00:00,1425.0,14251,3.6538,3.6669,3.6549,31.69,6.69,-2.921,0.0153,60.42,64.52,107.73,0x0000,NONE,CLOSED,CLOSED,0,TN
2026-06-25T15:24:26.565+00:00,1426.0,14261,3.6444,3.6435,3.6344,31.74,6.74,-2.920,0.0156,60.39,64.48,107.70,0x0000,NONE,CLOSED,CLOSED,0,TN
2026-06-25T15:24:26.690+00:00,1427.0,14271,3.6456,3.6533,3.6530,31.77,6.77,-2.908,0.0155,60.36,64.44,107.69,0x0000,NONE,CLOSED,CLOSED,0,TN
2026-06-25T15:24:26.825+00:00,1428.0,14281,3.6410,3.6537,3.6391,31.80,6.80,-2.880,0.0225,60.33,64.38,107.65,0x0000,NONE,CLOSED,CLOSED,0,TN
2026-06-25T15:24:26.940+00:00,1429.0,14291,3.6413,3.6432,3.6491,31.74,6.74,-2.902,0.0146,60.31,64.37,107.67,0x0000,NONE,CLOSED,CLOSED,0,TN
2026-06-25T15:24:27.065+00:00,1430.0,14301,3.6456,3.6390,3.6415,31.74,6.74,-2.901,0.0182,60.28,64.35,107.68,0x0000,NONE,CLOSED,CLOSED,0,TN
2026-06-25T15:24:27.191+00:00,1431.0,14311,3.6449,3.6433,3.6487,31.74,6.74,-2.892,0.0236,60.25,64.31,107.66,0x0000,NONE,CLOSED,CLOSED,0,TN
2026-06-25T15:24:27.315+00:00,1432.0,14321,3.6411,3.6384,3.6312,31.78,6.78,-2.882,0.0211,60.22,64.28,107.66,0x0000,NONE,CLOSED,CLOSED,0,TN
2026-06-25T15:24:27.444+00:00,1433.0,14331,3.6451,3.6553,3.6575,31.67,6.67,-2.886,0.0261,60.19,64.29,107.70,0x0000,NONE,CLOSED,CLOSED,0,TN
2026-06-25T15:24:27.601+00:00,1434.0,14341,3.6482,3.6545,3.6329,31.76,6.76,-2.932,0.0202,60.17,64.26,107.69,0x0000,NONE,CLOSED,CLOSED,0,TN
2026-06-25T15:24:27.690+00:00,1435.0,14351,3.6470,3.6431,3.6403,31.87,6.87,-2.894,0.0254,60.14,64.20,107.65,0x0000,NONE,CLOSED,CLOSED,0,TN
2026-06-25T15:24:27.815+00:00,1436.0,14361,3.6446,3.6527,3.6539,31.67,6.67,-2.913,0.0149,60.11,64.19,107.68,0x0000,NONE,CLOSED,CLOSED,0,TN
2026-06-25T15:24:27.940+00:00,1437.0,14371,3.6406,3.6295,3.6454,31.75,6.75,-2.898,0.0203,60.08,64.13,107.63,0x0000,NONE,CLOSED,CLOSED,0,TN
2026-06-25T15:24:28.065+00:00,1438.0,14381,3.6421,3.6406,3.6516,31.71,6.71,-2.909,0.0183,60.06,64.16,107.69,0x0000,NONE,CLOSED,CLOSED,0,TN
2026-06-25T15:24:28.196+00:00,1439.0,14391,3.6388,3.6363,3.6237,31.80,6.80,-2.914,0.0163,60.03,64.05,107.60,0x0000,NONE,CLOSED,CLOSED,0,TN
2026-06-25T15:24:28.315+00:00,1440.0,14401,3.6416,3.6523,3.6475,31.76,6.76,-2.903,0.0244,60.00,64.08,107.67,0x0000,NONE,CLOSED,CLOSED,0,TN
2026-06-25T15:24:28.441+00:00,1441.0,14411,3.6424,3.6574,3.6406,31.83,6.83,-2.926,0.0193,59.97,64.06,107.67,0x0000,NONE,CLOSED,CLOSED,0,TN
2026-06-25T15:24:28.568+00:00,1442.0,14421,3.6415,3.6492,3.6412,31.72,6.72,-2.855,0.0194,59.94,63.99,107.62,0x0000,NONE,CLOSED,CLOSED,0,TN
2026-06-25T15:24:28.690+00:00,1443.0,14431,3.6358,3.6417,3.6345,31.78,6.78,-2.901,0.0216,59.92,63.96,107.62,0x0000,NONE,CLOSED,CLOSED,0,TN
2026-06-25T15:24:28.815+00:00,1444.0,14441,3.6442,3.6377,3.6565,31.81,6.81,-2.907,0.0165,59.89,63.97,107.66,0x0000,NONE,CLOSED,CLOSED,0,TN
2026-06-25T15:24:28.940+00:00,1445.0,14451,3.6396,3.6406,3.6493,31.75,6.75,-2.911,0.0183,59.86,63.97,107.69,0x0000,NONE,CLOSED,CLOSED,0,TN
2026-06-25T15:24:29.094+00:00,1446.0,14461,3.6364,3.6308,3.6532,31.87,6.87,-2.892,0.0139,59.83,63.91,107.65,0x0000,NONE,CLOSED,CLOSED,0,TN
2026-06-25T15:24:29.198+00:00,1447.0,14471,3.6423,3.6464,3.6458,31.80,6.80,-2.891,0.0192,59.81,63.90,107.67,0x0000,NONE,CLOSED,CLOSED,0,TN
2026-06-25T15:24:29.315+00:00,1448.0,14481,3.6365,3.6463,3.6432,31.70,6.70,-2.906,0.0144,59.78,63.87,107.66,0x0000,NONE,CLOSED,CLOSED,0,TN
2026-06-25T15:24:29.440+00:00,1449.0,14491,3.6401,3.6295,3.6376,31.75,6.75,-2.887,0.0201,59.75,63.82,107.63,0x0000,NONE,CLOSED,CLOSED,0,TN
2026-06-25T15:24:29.566+00:00,1450.0,14501,3.6420,3.6352,3.6289,31.75,6.75,-2.919,0.0227,59.72,63.79,107.63,0x0000,NONE,CLOSED,CLOSED,0,TN
2026-06-25T15:24:29.690+00:00,1451.0,14511,3.6357,3.6353,3.6435,31.86,6.86,-2.894,0.0197,59.69,63.75,107.61,0x0000,NONE,CLOSED,CLOSED,0,TN
2026-06-25T15:24:29.817+00:00,1452.0,14521,3.6393,3.6550,3.6493,31.81,6.81,-2.906,0.0154,59.67,63.76,107.66,0x0000,NONE,CLOSED,CLOSED,0,TN
2026-06-25T15:24:29.951+00:00,1453.0,14531,3.6365,3.6430,3.6412,31.79,6.79,-2.920,0.0144,59.64,63.72,107.64,0x0000,NONE,CLOSED,CLOSED,0,TN
2026-06-25T15:24:30.065+00:00,1454.0,14541,3.6381,3.6421,3.6610,31.82,6.82,-2.883,0.0127,59.61,63.71,107.65,0x0000,NONE,CLOSED,CLOSED,0,TN
2026-06-25T15:24:30.190+00:00,1455.0,14551,3.6343,3.6315,3.6228,31.79,6.79,-2.885,0.0211,59.58,63.64,107.61,0x0000,NONE,CLOSED,CLOSED,0,TN
2026-06-25T15:24:30.315+00:00,1456.0,14561,3.6404,3.6350,3.6508,31.85,6.85,-2.899,0.0183,59.56,63.63,107.63,0x0000,NONE,CLOSED,CLOSED,0,TN
2026-06-25T15:24:30.441+00:00,1457.0,14571,3.6354,3.6456,3.6345,31.70,6.70,-2.903,0.0260,59.53,63.60,107.62,0x0000,NONE,CLOSED,CLOSED,0,TN
2026-06-25T15:24:30.572+00:00,1458.0,14581,3.6356,3.6330,3.6348,31.78,6.78,-2.890,0.0224,59.50,63.56,107.60,0x0000,NONE,CLOSED,CLOSED,0,TN
2026-06-25T15:24:30.690+00:00,1459.0,14591,3.6314,3.6456,3.6439,31.84,6.84,-2.892,0.0230,59.47,63.56,107.64,0x0000,NONE,CLOSED,CLOSED,0,TN
2026-06-25T15:24:30.817+00:00,1460.0,14601,3.6391,3.6390,3.6613,31.76,6.76,-2.894,0.0174,59.44,63.54,107.64,0x0000,NONE,CLOSED,CLOSED,0,TN
2026-06-25T15:24:30.940+00:00,1461.0,14611,3.6414,3.6394,3.6540,31.85,6.85,-2.924,0.0178,59.42,63.52,107.65,0x0000,NONE,CLOSED,CLOSED,0,TN
2026-06-25T15:24:31.066+00:00,1462.0,14621,3.6399,3.6354,3.6432,31.84,6.84,-2.882,0.0175,59.39,63.48,107.63,0x0000,NONE,CLOSED,CLOSED,0,TN
2026-06-25T15:24:31.192+00:00,1463.0,14631,3.6320,3.6447,3.6492,31.88,6.88,-2.884,0.0131,59.36,63.45,107.62,0x0000,NONE,CLOSED,CLOSED,0,TN
2026-06-25T15:24:31.315+00:00,1464.0,14641,3.6399,3.6527,3.6520,31.86,6.86,-2.945,0.0155,59.33,63.44,107.65,0x0000,NONE,CLOSED,CLOSED,0,TN
2026-06-25T15:24:31.444+00:00,1465.0,14651,3.6372,3.6409,3.6389,31.70,6.70,-2.906,0.0246,59.31,63.42,107.65,0x0000,NONE,CLOSED,CLOSED,0,TN
2026-06-25T15:24:31.565+00:00,1466.0,14661,3.6350,3.6382,3.6366,31.84,6.84,-2.908,0.0175,59.28,63.36,107.62,0x0000,NONE,CLOSED,CLOSED,0,TN
2026-06-25T15:24:31.690+00:00,1467.0,14671,3.6340,3.6275,3.6265,31.80,6.80,-2.906,0.0185,59.25,63.30,107.57,0x0000,NONE,CLOSED,CLOSED,0,TN
2026-06-25T15:24:31.815+00:00,1468.0,14681,3.6303,3.6226,3.6216,31.78,6.78,-2.925,0.0205,59.22,63.27,107.57,0x0000,NONE,CLOSED,CLOSED,0,TN
2026-06-25T15:24:31.940+00:00,1469.0,14691,3.6329,3.6241,3.6578,31.90,6.90,-2.903,0.0186,59.19,63.32,107.66,0x0000,NONE,CLOSED,CLOSED,0,TN
2026-06-25T15:24:32.066+00:00,1470.0,14701,3.6307,3.6215,3.6458,31.82,6.82,-2.922,0.0196,59.17,63.25,107.61,0x0000,NONE,CLOSED,CLOSED,0,TN
2026-06-25T15:24:32.208+00:00,1471.0,14711,3.6276,3.6287,3.6378,31.81,6.81,-2.898,0.0170,59.14,63.21,107.58,0x0000,NONE,CLOSED,CLOSED,0,TN
2026-06-25T15:24:32.315+00:00,1472.0,14721,3.6337,3.6353,3.6332,31.78,6.78,-2.913,0.0172,59.11,63.20,107.61,0x0000,NONE,CLOSED,CLOSED,0,TN
2026-06-25T15:24:32.440+00:00,1473.0,14731,3.6236,3.6263,3.6287,31.81,6.81,-2.888,0.0127,59.08,63.16,107.59,0x0000,NONE,CLOSED,CLOSED,0,TN
2026-06-25T15:24:32.565+00:00,1474.0,14741,3.6321,3.6344,3.6245,31.89,6.89,-2.929,0.0149,59.06,63.12,107.57,0x0000,NONE,CLOSED,CLOSED,0,TN
2026-06-25T15:24:32.690+00:00,1475.0,14751,3.6336,3.6351,3.6075,31.77,6.77,-2.887,0.0198,59.03,63.06,107.53,0x0000,NONE,CLOSED,CLOSED,0,TN
2026-06-25T15:24:32.815+00:00,1476.0,14761,3.6277,3.6361,3.6427,31.78,6.78,-2.877,0.0203,59.00,63.10,107.61,0x0000,NONE,CLOSED,CLOSED,0,TN
2026-06-25T15:24:32.942+00:00,1477.0,14771,3.6282,3.6283,3.6219,31.71,6.71,-2.897,0.0174,58.97,63.03,107.56,0x0000,NONE,CLOSED,CLOSED,0,TN
2026-06-25T15:24:33.065+00:00,1478.0,14781,3.6323,3.6203,3.6010,31.82,6.82,-2.880,0.0179,58.94,62.96,107.52,0x0000,NONE,CLOSED,CLOSED,0,TN
2026-06-25T15:24:33.190+00:00,1479.0,14791,3.6295,3.6278,3.6457,31.80,6.80,-2.911,0.0137,58.92,63.01,107.60,0x0000,NONE,CLOSED,CLOSED,0,TN
2026-06-25T15:24:33.314+00:00,1480.0,14801,3.6278,3.6309,3.6459,31.82,6.82,-2.884,0.0093,58.89,62.96,107.57,0x0000,NONE,CLOSED,CLOSED,0,TN
2026-06-25T15:24:33.441+00:00,1481.0,14811,3.6260,3.6296,3.6229,31.74,6.74,-2.895,0.0182,58.86,62.90,107.53,0x0000,NONE,CLOSED,CLOSED,0,TN
2026-06-25T15:24:33.565+00:00,1482.0,14821,3.6233,3.6125,3.6189,31.78,6.78,-2.906,0.0176,58.83,62.86,107.51,0x0000,NONE,CLOSED,CLOSED,0,TN
2026-06-25T15:24:33.692+00:00,1483.0,14831,3.6293,3.6372,3.6214,31.91,6.91,-2.898,0.0145,58.81,62.87,107.55,0x0000,NONE,CLOSED,CLOSED,0,TN
2026-06-25T15:24:33.816+00:00,1484.0,14841,3.6270,3.6270,3.5972,31.81,6.81,-2.897,0.0172,58.78,62.80,107.51,0x0000,NONE,CLOSED,CLOSED,0,TN
2026-06-25T15:24:33.940+00:00,1485.0,14851,3.6213,3.6212,3.6156,31.87,6.87,-2.903,0.0197,58.75,62.80,107.53,0x0000,NONE,CLOSED,CLOSED,0,TN
2026-06-25T15:24:34.067+00:00,1486.0,14861,3.6247,3.6233,3.6219,31.85,6.85,-2.921,0.0213,58.72,62.77,107.53,0x0000,NONE,CLOSED,CLOSED,0,TN
2026-06-25T15:24:34.190+00:00,1487.0,14871,3.6271,3.6132,3.6236,31.86,6.86,-2.902,0.0215,58.69,62.77,107.56,0x0000,NONE,CLOSED,CLOSED,0,TN
2026-06-25T15:24:34.315+00:00,1488.0,14881,3.6263,3.6259,3.6327,32.10,7.10,-2.904,0.0191,58.67,62.73,107.54,0x0000,NONE,CLOSED,CLOSED,0,TN
2026-06-25T15:24:34.442+00:00,1489.0,14891,3.6233,3.6418,3.6475,31.92,6.92,-2.898,0.0241,58.64,62.74,107.59,0x0000,NONE,CLOSED,CLOSED,0,TN
2026-06-25T15:24:34.564+00:00,1490.0,14901,3.6234,3.6302,3.6221,31.77,6.77,-2.912,0.0167,58.61,62.68,107.55,0x0000,NONE,CLOSED,CLOSED,0,TN
2026-06-25T15:24:34.692+00:00,1491.0,14911,3.6237,3.6252,3.6329,31.93,6.93,-2.907,0.0236,58.58,62.67,107.56,0x0000,NONE,CLOSED,CLOSED,0,TN
2026-06-25T15:24:34.817+00:00,1492.0,14921,3.6240,3.6363,3.6336,31.88,6.88,-2.896,0.0160,58.56,62.64,107.55,0x0000,NONE,CLOSED,CLOSED,0,TN
2026-06-25T15:24:34.940+00:00,1493.0,14931,3.6314,3.6443,3.6431,31.88,6.88,-2.901,0.0196,58.53,62.64,107.59,0x0000,NONE,CLOSED,CLOSED,0,TN
2026-06-25T15:24:35.066+00:00,1494.0,14941,3.6229,3.6113,3.6209,31.85,6.85,-2.906,0.0097,58.50,62.53,107.50,0x0000,NONE,CLOSED,CLOSED,0,TN
2026-06-25T15:24:35.192+00:00,1495.0,14951,3.6290,3.6340,3.6208,31.88,6.88,-2.885,0.0173,58.47,62.52,107.51,0x0000,NONE,CLOSED,CLOSED,0,TN
2026-06-25T15:24:35.315+00:00,1496.0,14961,3.6250,3.6161,3.6116,31.86,6.86,-2.864,0.0150,58.44,62.48,107.50,0x0000,NONE,CLOSED,CLOSED,0,TN
2026-06-25T15:24:35.449+00:00,1497.0,14971,3.6240,3.6224,3.6254,31.86,6.86,-2.915,0.0144,58.42,62.49,107.54,0x0000,NONE,CLOSED,CLOSED,0,TN
2026-06-25T15:24:35.565+00:00,1498.0,14981,3.6188,3.6253,3.6071,31.96,6.96,-2.922,0.0221,58.39,62.43,107.50,0x0000,NONE,CLOSED,CLOSED,0,TN
2026-06-25T15:24:35.690+00:00,1499.0,14991,3.6261,3.6337,3.6363,31.90,6.90,-2.899,0.0166,58.36,62.49,107.59,0x0000,NONE,CLOSED,CLOSED,0,TN
2026-06-25T15:24:35.816+00:00,1500.0,15001,3.6213,3.6280,3.6253,31.80,6.80,-2.938,0.0171,58.33,62.39,107.51,0x0000,NONE,CLOSED,CLOSED,0,TN
2026-06-25T15:24:35.940+00:00,1501.0,15011,3.6204,3.6130,3.6452,31.96,6.96,-2.884,0.0168,58.31,62.37,107.52,0x0000,NONE,CLOSED,CLOSED,0,TN
2026-06-25T15:24:36.066+00:00,1502.0,15021,3.6231,3.6132,3.6185,31.87,6.87,-2.893,0.0212,58.28,62.34,107.51,0x0000,NONE,CLOSED,CLOSED,0,TN
2026-06-25T15:24:36.207+00:00,1503.0,15031,3.6179,3.6037,3.5969,31.96,6.96,-2.899,0.0139,58.25,62.27,107.47,0x0000,NONE,CLOSED,CLOSED,0,TN
2026-06-25T15:24:36.315+00:00,1504.0,15041,3.6192,3.6254,3.6078,31.88,6.88,-2.895,0.0266,58.22,62.27,107.49,0x0000,NONE,CLOSED,CLOSED,0,TN
2026-06-25T15:24:36.440+00:00,1505.0,15051,3.6197,3.6192,3.6070,31.93,6.93,-2.903,0.0187,58.19,62.26,107.51,0x0000,NONE,CLOSED,CLOSED,0,TN
2026-06-25T15:24:36.573+00:00,1506.0,15061,3.6245,3.6179,3.6112,31.90,6.90,-2.890,0.0175,58.17,62.22,107.50,0x0000,NONE,CLOSED,CLOSED,0,TN
2026-06-25T15:24:36.690+00:00,1507.0,15071,3.6146,3.6134,3.6017,31.94,6.94,-2.890,0.0239,58.14,62.17,107.47,0x0000,NONE,CLOSED,CLOSED,0,TN
2026-06-25T15:24:36.816+00:00,1508.0,15081,3.6184,3.6120,3.6119,31.82,6.82,-2.919,0.0203,58.11,62.13,107.45,0x0000,NONE,CLOSED,CLOSED,0,TN
2026-06-25T15:24:36.940+00:00,1509.0,15091,3.6163,3.6229,3.6248,31.98,6.98,-2.899,0.0189,58.08,62.12,107.47,0x0000,NONE,CLOSED,CLOSED,0,TN
2026-06-25T15:24:37.072+00:00,1510.0,15101,3.6228,3.6268,3.6144,31.87,6.87,-2.909,0.0205,58.06,62.12,107.50,0x0000,NONE,CLOSED,CLOSED,0,TN
2026-06-25T15:24:37.192+00:00,1511.0,15111,3.6235,3.6051,3.6349,31.88,6.88,-2.889,0.0152,58.03,62.11,107.52,0x0000,NONE,CLOSED,CLOSED,0,TN
2026-06-25T15:24:37.315+00:00,1512.0,15121,3.6146,3.6136,3.6276,31.97,6.97,-2.901,0.0190,58.00,62.05,107.48,0x0000,NONE,CLOSED,CLOSED,0,TN
2026-06-25T15:24:37.442+00:00,1513.0,15131,3.6160,3.6207,3.6188,31.98,6.98,-2.906,0.0172,57.97,62.02,107.48,0x0000,NONE,CLOSED,CLOSED,0,TN
2026-06-25T15:24:37.565+00:00,1514.0,15141,3.6188,3.6108,3.6206,31.96,6.96,-2.878,0.0156,57.94,62.00,107.48,0x0000,NONE,CLOSED,CLOSED,0,TN
2026-06-25T15:24:37.689+00:00,1515.0,15151,3.6185,3.6195,3.6119,31.97,6.97,-2.903,0.0168,57.92,61.96,107.47,0x0000,NONE,CLOSED,CLOSED,0,TN
2026-06-25T15:24:37.815+00:00,1516.0,15161,3.6139,3.6217,3.6247,31.93,6.93,-2.885,0.0159,57.89,61.97,107.50,0x0000,NONE,CLOSED,CLOSED,0,TN
2026-06-25T15:24:37.939+00:00,1517.0,15171,3.6156,3.6039,3.6185,31.98,6.98,-2.916,0.0205,57.86,61.90,107.45,0x0000,NONE,CLOSED,CLOSED,0,TN
2026-06-25T15:24:38.077+00:00,1518.0,15181,3.6145,3.6214,3.6140,32.00,7.00,-2.922,0.0184,57.83,61.88,107.46,0x0000,NONE,CLOSED,CLOSED,0,TN
2026-06-25T15:24:38.189+00:00,1519.0,15191,3.6122,3.6028,3.6121,31.96,6.96,-2.899,0.0147,57.81,61.87,107.48,0x0000,NONE,CLOSED,CLOSED,0,TN
2026-06-25T15:24:38.315+00:00,1520.0,15201,3.6179,3.6103,3.6374,32.04,7.04,-2.906,0.0210,57.78,61.85,107.49,0x0000,NONE,CLOSED,CLOSED,0,TN
2026-06-25T15:24:38.443+00:00,1521.0,15211,3.6175,3.6180,3.6282,31.86,6.86,-2.912,0.0209,57.75,61.84,107.51,0x0000,NONE,CLOSED,CLOSED,0,TN
2026-06-25T15:24:38.587+00:00,1522.0,15221,3.6149,3.6031,3.5851,31.92,6.92,-2.910,0.0126,57.72,61.77,107.46,0x0000,NONE,CLOSED,CLOSED,0,TN
2026-06-25T15:24:38.690+00:00,1523.0,15231,3.6141,3.6036,3.6093,31.94,6.94,-2.910,0.0196,57.69,61.74,107.45,0x0000,NONE,CLOSED,CLOSED,0,TN
2026-06-25T15:24:38.815+00:00,1524.0,15241,3.6149,3.6241,3.6044,31.91,6.91,-2.906,0.0148,57.67,61.75,107.49,0x0000,NONE,CLOSED,CLOSED,0,TN
2026-06-25T15:24:38.941+00:00,1525.0,15251,3.6145,3.6161,3.6132,31.94,6.94,-2.898,0.0228,57.64,61.69,107.45,0x0000,NONE,CLOSED,CLOSED,0,TN
2026-06-25T15:24:39.066+00:00,1526.0,15261,3.6109,3.6078,3.6242,31.92,6.92,-2.899,0.0197,57.61,61.65,107.44,0x0000,NONE,CLOSED,CLOSED,0,TN
2026-06-25T15:24:39.191+00:00,1527.0,15271,3.6121,3.6037,3.5886,31.95,6.95,-2.901,0.0123,57.58,61.61,107.42,0x0000,NONE,CLOSED,CLOSED,0,TN
2026-06-25T15:24:39.314+00:00,1528.0,15281,3.6132,3.6086,3.6074,32.01,7.01,-2.894,0.0131,57.56,61.59,107.43,0x0000,NONE,CLOSED,CLOSED,0,TN
2026-06-25T15:24:39.440+00:00,1529.0,15291,3.6098,3.6085,3.6110,31.99,6.99,-2.895,0.0223,57.53,61.60,107.47,0x0000,NONE,CLOSED,CLOSED,0,TN
2026-06-25T15:24:39.565+00:00,1530.0,15301,3.6044,3.6031,3.5882,31.92,6.92,-2.894,0.0225,57.50,61.50,107.39,0x0000,NONE,CLOSED,CLOSED,0,TN
2026-06-25T15:24:39.690+00:00,1531.0,15311,3.6113,3.6216,3.6120,32.02,7.02,-2.923,0.0155,57.47,61.54,107.46,0x0000,NONE,CLOSED,CLOSED,0,TN
2026-06-25T15:24:39.818+00:00,1532.0,15321,3.6130,3.6103,3.6140,32.01,7.01,-2.883,0.0198,57.44,61.48,107.42,0x0000,NONE,CLOSED,CLOSED,0,TN
2026-06-25T15:24:39.951+00:00,1533.0,15331,3.6089,3.6177,3.6408,32.01,7.01,-2.910,0.0197,57.42,61.51,107.48,0x0000,NONE,CLOSED,CLOSED,0,TN
2026-06-25T15:24:40.065+00:00,1534.0,15341,3.6138,3.6323,3.6073,32.02,7.02,-2.902,0.0191,57.39,61.43,107.43,0x0000,NONE,CLOSED,CLOSED,0,TN
2026-06-25T15:24:40.192+00:00,1535.0,15351,3.6089,3.6125,3.6264,31.88,6.88,-2.924,0.0128,57.36,61.43,107.45,0x0000,NONE,CLOSED,CLOSED,0,TN
2026-06-25T15:24:40.315+00:00,1536.0,15361,3.6049,3.6115,3.6129,32.07,7.07,-2.896,0.0154,57.33,61.35,107.39,0x0000,NONE,CLOSED,CLOSED,0,TN
2026-06-25T15:24:40.443+00:00,1537.0,15371,3.6053,3.6112,3.6035,31.99,6.99,-2.883,0.0204,57.31,61.33,107.39,0x0000,NONE,CLOSED,CLOSED,0,TN
2026-06-25T15:24:40.565+00:00,1538.0,15381,3.6100,3.6088,3.6074,31.89,6.89,-2.909,0.0242,57.28,61.33,107.43,0x0000,NONE,CLOSED,CLOSED,0,TN
2026-06-25T15:24:40.689+00:00,1539.0,15391,3.6068,3.6140,3.6005,32.07,7.07,-2.915,0.0231,57.25,61.30,107.43,0x0000,NONE,CLOSED,CLOSED,0,TN
2026-06-25T15:24:40.815+00:00,1540.0,15401,3.6087,3.6187,3.6466,32.09,7.08,-2.905,0.0193,57.22,61.28,107.43,0x0000,NONE,CLOSED,CLOSED,0,TN
2026-06-25T15:24:40.939+00:00,1541.0,15411,3.6080,3.6092,3.6194,31.91,6.91,-2.902,0.0131,57.19,61.25,107.42,0x0000,NONE,CLOSED,CLOSED,0,TN
2026-06-25T15:24:41.077+00:00,1542.0,15421,3.6099,3.6241,3.6121,31.86,6.86,-2.888,0.0207,57.17,61.24,107.44,0x0000,NONE,CLOSED,CLOSED,0,TN
2026-06-25T15:24:41.192+00:00,1543.0,15431,3.6054,3.6012,3.6087,32.04,7.04,-2.924,0.0171,57.14,61.21,107.43,0x0000,NONE,CLOSED,CLOSED,0,TN
2026-06-25T15:24:41.315+00:00,1544.0,15441,3.6077,3.5976,3.5978,32.03,7.03,-2.889,0.0118,57.11,61.15,107.40,0x0000,NONE,CLOSED,CLOSED,0,TN
2026-06-25T15:24:41.440+00:00,1545.0,15451,3.6122,3.6140,3.6270,32.11,7.11,-2.896,0.0188,57.08,61.16,107.44,0x0000,NONE,CLOSED,CLOSED,0,TN
2026-06-25T15:24:41.584+00:00,1546.0,15461,3.6017,3.5972,3.6036,32.00,7.00,-2.891,0.0173,57.06,61.09,107.40,0x0000,NONE,CLOSED,CLOSED,0,TN
2026-06-25T15:24:41.690+00:00,1547.0,15471,3.6077,3.6204,3.6480,32.00,7.00,-2.901,0.0185,57.03,61.12,107.46,0x0000,NONE,CLOSED,CLOSED,0,TN
2026-06-25T15:24:41.815+00:00,1548.0,15481,3.6047,3.6058,3.6186,31.92,6.92,-2.874,0.0165,57.00,61.04,107.40,0x0000,NONE,CLOSED,CLOSED,0,TN
2026-06-25T15:24:41.953+00:00,1549.0,15491,3.6021,3.5982,3.5959,31.95,6.95,-2.870,0.0206,56.97,61.00,107.38,0x0000,NONE,CLOSED,CLOSED,0,TN
2026-06-25T15:24:42.065+00:00,1550.0,15501,3.6048,3.6124,3.5934,32.01,7.01,-2.902,0.0111,56.94,60.97,107.37,0x0000,NONE,CLOSED,CLOSED,0,TN
2026-06-25T15:24:42.190+00:00,1551.0,15511,3.6077,3.6053,3.6197,32.02,7.02,-2.875,0.0190,56.92,61.01,107.45,0x0000,NONE,CLOSED,CLOSED,0,TN
2026-06-25T15:24:42.315+00:00,1552.0,15521,3.6044,3.5989,3.6077,32.02,7.02,-2.915,0.0214,56.89,60.92,107.37,0x0000,NONE,CLOSED,CLOSED,0,TN
2026-06-25T15:24:42.443+00:00,1553.0,15531,3.6081,3.6116,3.6013,32.05,7.05,-2.898,0.0224,56.86,60.91,107.39,0x0000,NONE,CLOSED,CLOSED,0,TN
2026-06-25T15:24:42.565+00:00,1554.0,15541,3.6014,3.5959,3.5976,32.05,7.05,-2.915,0.0209,56.83,60.87,107.38,0x0000,NONE,CLOSED,CLOSED,0,TN
2026-06-25T15:24:42.689+00:00,1555.0,15551,3.5981,3.5936,3.5993,32.01,7.01,-2.884,0.0192,56.81,60.80,107.33,0x0000,NONE,CLOSED,CLOSED,0,TN
2026-06-25T15:24:42.830+00:00,1556.0,15561,3.5944,3.5870,3.5876,31.96,6.96,-2.907,0.0261,56.78,60.73,107.29,0x0000,NONE,CLOSED,CLOSED,0,TN
2026-06-25T15:24:42.940+00:00,1557.0,15571,3.5958,3.6001,3.5949,32.10,7.10,-2.894,0.0191,56.75,60.76,107.35,0x0000,NONE,CLOSED,CLOSED,0,TN
2026-06-25T15:24:43.065+00:00,1558.0,15581,3.6022,3.5998,3.5986,32.10,7.10,-2.895,0.0136,56.72,60.77,107.39,0x0000,NONE,CLOSED,CLOSED,0,TN
2026-06-25T15:24:43.191+00:00,1559.0,15591,3.5995,3.5891,3.5878,32.00,7.00,-2.913,0.0129,56.69,60.70,107.34,0x0000,NONE,CLOSED,CLOSED,0,TN
2026-06-25T15:24:43.315+00:00,1560.0,15601,3.6024,3.6081,3.5941,32.05,7.05,-2.900,0.0247,56.67,60.71,107.37,0x0000,NONE,CLOSED,CLOSED,0,TN
2026-06-25T15:24:43.440+00:00,1561.0,15611,3.5992,3.5917,3.5983,32.09,7.09,-2.897,0.0198,56.64,60.65,107.34,0x0000,NONE,CLOSED,CLOSED,0,TN
2026-06-25T15:24:43.573+00:00,1562.0,15621,3.6034,3.6108,3.6025,32.03,7.03,-2.914,0.0113,56.61,60.68,107.40,0x0000,NONE,CLOSED,CLOSED,0,TN
2026-06-25T15:24:43.694+00:00,1563.0,15631,3.6041,3.6147,3.5870,32.05,7.05,-2.888,0.0160,56.58,60.63,107.38,0x0000,NONE,CLOSED,CLOSED,0,TN
2026-06-25T15:24:43.816+00:00,1564.0,15641,3.6009,3.5965,3.6048,31.97,6.97,-2.899,0.0129,56.56,60.57,107.34,0x0000,NONE,CLOSED,CLOSED,0,TN
2026-06-25T15:24:43.940+00:00,1565.0,15651,3.6001,3.5938,3.5923,32.10,7.10,-2.900,0.0132,56.53,60.53,107.31,0x0000,NONE,CLOSED,CLOSED,0,TN
2026-06-25T15:24:44.065+00:00,1566.0,15661,3.6022,3.6087,3.5864,32.00,7.00,-2.907,0.0212,56.50,60.53,107.35,0x0000,NONE,CLOSED,CLOSED,0,TN
2026-06-25T15:24:44.193+00:00,1567.0,15671,3.5979,3.5976,3.5963,32.06,7.06,-2.902,0.0203,56.47,60.53,107.38,0x0000,NONE,CLOSED,CLOSED,0,TN
2026-06-25T15:24:44.315+00:00,1568.0,15681,3.5967,3.5994,3.6106,31.99,6.99,-2.901,0.0231,56.44,60.47,107.34,0x0000,NONE,CLOSED,CLOSED,0,TN
2026-06-25T15:24:44.440+00:00,1569.0,15691,3.6010,3.5944,3.5951,32.11,7.11,-2.913,0.0242,56.42,60.45,107.34,0x0000,NONE,CLOSED,CLOSED,0,TN
2026-06-25T15:24:44.565+00:00,1570.0,15701,3.5993,3.5993,3.6159,32.02,7.02,-2.927,0.0164,56.39,60.44,107.37,0x0000,NONE,CLOSED,CLOSED,0,TN
2026-06-25T15:24:44.703+00:00,1571.0,15711,3.6028,3.5979,3.6137,32.07,7.07,-2.926,0.0215,56.36,60.39,107.33,0x0000,NONE,CLOSED,CLOSED,0,TN
2026-06-25T15:24:44.816+00:00,1572.0,15721,3.6002,3.6036,3.6175,32.01,7.01,-2.896,0.0189,56.33,60.39,107.37,0x0000,NONE,CLOSED,CLOSED,0,TN
2026-06-25T15:24:44.940+00:00,1573.0,15731,3.5888,3.5928,3.5705,32.01,7.01,-2.892,0.0180,56.31,60.29,107.28,0x0000,NONE,CLOSED,CLOSED,0,TN
2026-06-25T15:24:45.065+00:00,1574.0,15741,3.5928,3.5888,3.5959,31.97,6.97,-2.885,0.0184,56.28,60.27,107.29,0x0000,NONE,CLOSED,CLOSED,0,TN
2026-06-25T15:24:45.191+00:00,1575.0,15751,3.5999,3.6058,3.5986,32.02,7.02,-2.891,0.0176,56.25,60.31,107.36,0x0000,NONE,CLOSED,CLOSED,0,TN
2026-06-25T15:24:45.315+00:00,1576.0,15761,3.5985,3.6075,3.6019,32.05,7.05,-2.897,0.0169,56.22,60.29,107.37,0x0000,NONE,CLOSED,CLOSED,0,TN
2026-06-25T15:24:45.455+00:00,1577.0,15771,3.5922,3.5822,3.5815,32.11,7.11,-2.904,0.0194,56.19,60.21,107.31,0x0000,NONE,CLOSED,CLOSED,0,TN
2026-06-25T15:24:45.566+00:00,1578.0,15781,3.5943,3.6043,3.5987,32.06,7.06,-2.939,0.0173,56.17,60.18,107.30,0x0000,NONE,CLOSED,CLOSED,0,TN
2026-06-25T15:24:45.690+00:00,1579.0,15791,3.5989,3.5882,3.5935,32.08,7.08,-2.877,0.0222,56.14,60.14,107.29,0x0000,NONE,CLOSED,CLOSED,0,TN
2026-06-25T15:24:45.817+00:00,1580.0,15801,3.5905,3.5862,3.5831,32.09,7.09,-2.905,0.0170,56.11,60.12,107.29,0x0000,NONE,CLOSED,CLOSED,0,TN
2026-06-25T15:24:45.952+00:00,1581.0,15811,3.5892,3.5870,3.5767,32.15,7.15,-2.924,0.0111,56.08,60.06,107.26,0x0000,NONE,CLOSED,CLOSED,0,TN
2026-06-25T15:24:46.090+00:00,1582.0,15821,3.5939,3.5940,3.5908,32.12,7.12,-2.883,0.0174,56.06,60.04,107.27,0x0000,NONE,CLOSED,CLOSED,0,TN
2026-06-25T15:24:46.189+00:00,1583.0,15831,3.5939,3.5932,3.5979,32.05,7.05,-2.869,0.0178,56.03,60.04,107.29,0x0000,NONE,CLOSED,CLOSED,0,TN
2026-06-25T15:24:46.319+00:00,1584.0,15841,3.5938,3.5850,3.5849,32.18,7.18,-2.885,0.0222,56.00,60.01,107.29,0x0000,NONE,CLOSED,CLOSED,0,TN
2026-06-25T15:24:46.440+00:00,1585.0,15851,3.5988,3.5995,3.5953,32.12,7.12,-2.905,0.0199,55.97,60.04,107.36,0x0000,NONE,CLOSED,CLOSED,0,TN
2026-06-25T15:24:46.566+00:00,1586.0,15861,3.5988,3.5903,3.6050,32.09,7.09,-2.888,0.0176,55.94,59.98,107.32,0x0000,NONE,CLOSED,CLOSED,0,TN
2026-06-25T15:24:46.690+00:00,1587.0,15871,3.5890,3.5899,3.5699,32.10,7.10,-2.916,0.0168,55.92,59.91,107.27,0x0000,NONE,CLOSED,CLOSED,0,TN
2026-06-25T15:24:46.817+00:00,1588.0,15881,3.5901,3.6102,3.5865,32.07,7.07,-2.886,0.0158,55.89,59.90,107.29,0x0000,NONE,CLOSED,CLOSED,0,TN
2026-06-25T15:24:46.939+00:00,1589.0,15891,3.5950,3.5982,3.5769,32.05,7.05,-2.911,0.0178,55.86,59.91,107.32,0x0000,NONE,CLOSED,CLOSED,0,TN
2026-06-25T15:24:47.066+00:00,1590.0,15901,3.5933,3.5950,3.6057,32.10,7.10,-2.921,0.0154,55.83,59.85,107.29,0x0000,NONE,CLOSED,CLOSED,0,TN
2026-06-25T15:24:47.190+00:00,1591.0,15911,3.5884,3.5976,3.5892,32.01,7.01,-2.918,0.0166,55.81,59.83,107.30,0x0000,NONE,CLOSED,CLOSED,0,TN
2026-06-25T15:24:47.316+00:00,1592.0,15921,3.5913,3.5961,3.6143,32.05,7.05,-2.900,0.0150,55.78,59.83,107.33,0x0000,NONE,CLOSED,CLOSED,0,TN
2026-06-25T15:24:47.441+00:00,1593.0,15931,3.5871,3.6053,3.5830,31.98,6.98,-2.886,0.0259,55.75,59.75,107.26,0x0000,NONE,CLOSED,CLOSED,0,TN
2026-06-25T15:24:47.578+00:00,1594.0,15941,3.5890,3.5921,3.5885,32.18,7.18,-2.913,0.0204,55.72,59.72,107.26,0x0000,NONE,CLOSED,CLOSED,0,TN
2026-06-25T15:24:47.690+00:00,1595.0,15951,3.5907,3.5901,3.6019,32.06,7.06,-2.911,0.0165,55.69,59.74,107.31,0x0000,NONE,CLOSED,CLOSED,0,TN
2026-06-25T15:24:47.816+00:00,1596.0,15961,3.5854,3.5849,3.5881,32.01,7.01,-2.915,0.0165,55.67,59.68,107.27,0x0000,NONE,CLOSED,CLOSED,0,TN
2026-06-25T15:24:47.941+00:00,1597.0,15971,3.5955,3.5876,3.6012,32.09,7.09,-2.905,0.0179,55.64,59.67,107.29,0x0000,NONE,CLOSED,CLOSED,0,TN
2026-06-25T15:24:48.066+00:00,1598.0,15981,3.5829,3.5855,3.5789,32.02,7.02,-2.907,0.0176,55.61,59.62,107.26,0x0000,NONE,CLOSED,CLOSED,0,TN
2026-06-25T15:24:48.191+00:00,1599.0,15991,3.5849,3.5690,3.5923,32.06,7.06,-2.892,0.0239,55.58,59.58,107.24,0x0000,NONE,CLOSED,CLOSED,0,TN
2026-06-25T15:24:48.318+00:00,1600.0,16001,3.5909,3.5814,3.5997,32.13,7.13,-2.917,0.0252,55.56,59.57,107.26,0x0000,NONE,CLOSED,CLOSED,0,TN
2026-06-25T15:24:48.442+00:00,1601.0,16011,3.5925,3.5812,3.5645,32.02,7.02,-2.907,0.0125,55.53,59.53,107.25,0x0000,NONE,CLOSED,CLOSED,0,TN
2026-06-25T15:24:48.581+00:00,1602.0,16021,3.5877,3.5898,3.5753,32.15,7.15,-2.893,0.0213,55.50,59.51,107.26,0x0000,NONE,CLOSED,CLOSED,0,TN
2026-06-25T15:24:48.690+00:00,1603.0,16031,3.5892,3.5969,3.5967,32.19,7.19,-2.903,0.0144,55.47,59.53,107.31,0x0000,NONE,CLOSED,CLOSED,0,TN
2026-06-25T15:24:48.815+00:00,1604.0,16041,3.5875,3.5757,3.5740,32.16,7.16,-2.882,0.0130,55.44,59.44,107.24,0x0000,NONE,CLOSED,CLOSED,0,TN
2026-06-25T15:24:48.940+00:00,1605.0,16051,3.5905,3.5885,3.5790,32.18,7.18,-2.895,0.0237,55.42,59.40,107.22,0x0000,NONE,CLOSED,CLOSED,0,TN
2026-06-25T15:24:49.065+00:00,1606.0,16061,3.5854,3.5739,3.6088,32.02,7.02,-2.902,0.0192,55.39,59.39,107.23,0x0000,NONE,CLOSED,CLOSED,0,TN
2026-06-25T15:24:49.196+00:00,1607.0,16071,3.5831,3.5838,3.5873,32.15,7.15,-2.885,0.0218,55.36,59.34,107.21,0x0000,NONE,CLOSED,CLOSED,0,TN
2026-06-25T15:24:49.315+00:00,1608.0,16081,3.5850,3.5842,3.5942,32.21,7.21,-2.904,0.0213,55.33,59.31,107.21,0x0000,NONE,CLOSED,CLOSED,0,TN
2026-06-25T15:24:49.439+00:00,1609.0,16091,3.5857,3.5930,3.5984,32.11,7.11,-2.896,0.0201,55.31,59.30,107.23,0x0000,NONE,CLOSED,CLOSED,0,TN
2026-06-25T15:24:49.584+00:00,1610.0,16101,3.5840,3.5842,3.5944,32.15,7.15,-2.898,0.0192,55.28,59.29,107.24,0x0000,NONE,CLOSED,CLOSED,0,TN
2026-06-25T15:24:49.690+00:00,1611.0,16111,3.5841,3.5899,3.5869,32.20,7.20,-2.912,0.0180,55.25,59.30,107.28,0x0000,NONE,CLOSED,CLOSED,0,TN
2026-06-25T15:24:49.815+00:00,1612.0,16121,3.5871,3.5742,3.5857,32.23,7.23,-2.907,0.0153,55.22,59.23,107.23,0x0000,NONE,CLOSED,CLOSED,0,TN
2026-06-25T15:24:49.939+00:00,1613.0,16131,3.5844,3.5833,3.5840,32.15,7.15,-2.891,0.0172,55.19,59.22,107.25,0x0000,NONE,CLOSED,CLOSED,0,TN
2026-06-25T15:24:50.064+00:00,1614.0,16141,3.5802,3.5783,3.5800,32.11,7.11,-2.912,0.0162,55.17,59.16,107.21,0x0000,NONE,CLOSED,CLOSED,0,TN
2026-06-25T15:24:50.211+00:00,1615.0,16151,3.5831,3.5755,3.5813,32.20,7.20,-2.903,0.0135,55.14,59.13,107.20,0x0000,NONE,CLOSED,CLOSED,0,TN
2026-06-25T15:24:50.314+00:00,1616.0,16161,3.5819,3.5824,3.5916,32.14,7.14,-2.898,0.0154,55.11,59.13,107.24,0x0000,NONE,CLOSED,CLOSED,0,TN
2026-06-25T15:24:50.440+00:00,1617.0,16171,3.5793,3.5784,3.5888,32.12,7.12,-2.926,0.0179,55.08,59.08,107.21,0x0000,NONE,CLOSED,CLOSED,0,TN
2026-06-25T15:24:50.573+00:00,1618.0,16181,3.5822,3.5699,3.5900,32.13,7.13,-2.881,0.0174,55.06,59.04,107.20,0x0000,NONE,CLOSED,CLOSED,0,TN
2026-06-25T15:24:50.690+00:00,1619.0,16191,3.5834,3.5786,3.5805,32.11,7.11,-2.875,0.0143,55.03,59.03,107.22,0x0000,NONE,CLOSED,CLOSED,0,TN
2026-06-25T15:24:50.819+00:00,1620.0,16201,3.5858,3.5900,3.5932,32.14,7.14,-2.897,0.0101,55.00,59.01,107.23,0x0000,NONE,CLOSED,CLOSED,0,TN
2026-06-25T15:24:50.940+00:00,1621.0,16211,3.5855,3.5828,3.5854,32.09,7.09,-2.892,0.0192,54.97,58.99,107.22,0x0000,NONE,CLOSED,CLOSED,0,TN
2026-06-25T15:24:51.064+00:00,1622.0,16221,3.5810,3.5718,3.5623,32.19,7.19,-2.890,0.0187,54.94,58.90,107.16,0x0000,NONE,CLOSED,CLOSED,0,TN
2026-06-25T15:24:51.195+00:00,1623.0,16231,3.5771,3.5968,3.5822,32.27,7.27,-2.910,0.0204,54.92,58.93,107.22,0x0000,NONE,CLOSED,CLOSED,0,TN
2026-06-25T15:24:51.314+00:00,1624.0,16241,3.5863,3.5878,3.5811,32.02,7.02,-2.904,0.0207,54.89,58.90,107.22,0x0000,NONE,CLOSED,CLOSED,0,TN
2026-06-25T15:24:51.440+00:00,1625.0,16251,3.5799,3.5962,3.5767,32.19,7.19,-2.896,0.0152,54.86,58.87,107.21,0x0000,NONE,CLOSED,CLOSED,0,TN
2026-06-25T15:24:51.583+00:00,1626.0,16261,3.5844,3.5842,3.5895,32.10,7.11,-2.898,0.0147,54.83,58.86,107.22,0x0000,NONE,CLOSED,CLOSED,0,TN
2026-06-25T15:24:51.690+00:00,1627.0,16271,3.5790,3.5935,3.5697,32.12,7.12,-2.888,0.0211,54.81,58.78,107.17,0x0000,NONE,CLOSED,CLOSED,0,TN
2026-06-25T15:24:51.816+00:00,1628.0,16281,3.5752,3.5742,3.5798,32.14,7.14,-2.899,0.0189,54.78,58.77,107.19,0x0000,NONE,CLOSED,CLOSED,0,TN
2026-06-25T15:24:51.940+00:00,1629.0,16291,3.5765,3.5738,3.5660,32.20,7.20,-2.901,0.0176,54.75,58.72,107.16,0x0000,NONE,CLOSED,CLOSED,0,TN
2026-06-25T15:24:52.065+00:00,1630.0,16301,3.5777,3.5774,3.5709,32.03,7.03,-2.905,0.0207,54.72,58.69,107.15,0x0000,NONE,CLOSED,CLOSED,0,TN
2026-06-25T15:24:52.190+00:00,1631.0,16311,3.5784,3.5754,3.5899,32.19,7.19,-2.896,0.0178,54.69,58.68,107.17,0x0000,NONE,CLOSED,CLOSED,0,TN
2026-06-25T15:24:52.315+00:00,1632.0,16321,3.5803,3.5892,3.5792,32.20,7.20,-2.894,0.0191,54.67,58.69,107.21,0x0000,NONE,CLOSED,CLOSED,0,TN
2026-06-25T15:24:52.439+00:00,1633.0,16331,3.5800,3.5918,3.5692,32.17,7.17,-2.907,0.0176,54.64,58.66,107.21,0x0000,NONE,CLOSED,CLOSED,0,TN
2026-06-25T15:24:52.565+00:00,1634.0,16341,3.5764,3.5844,3.5692,32.22,7.22,-2.893,0.0213,54.61,58.57,107.14,0x0000,NONE,CLOSED,CLOSED,0,TN
2026-06-25T15:24:52.690+00:00,1635.0,16351,3.5688,3.5606,3.5806,32.22,7.22,-2.922,0.0216,54.58,58.56,107.16,0x0000,NONE,CLOSED,CLOSED,0,TN
2026-06-25T15:24:52.816+00:00,1636.0,16361,3.5733,3.5730,3.5647,32.28,7.28,-2.910,0.0193,54.56,58.51,107.13,0x0000,NONE,CLOSED,CLOSED,0,TN
2026-06-25T15:24:52.940+00:00,1637.0,16371,3.5784,3.5741,3.5875,32.20,7.20,-2.884,0.0138,54.53,58.54,107.19,0x0000,NONE,CLOSED,CLOSED,0,TN
2026-06-25T15:24:53.065+00:00,1638.0,16381,3.5727,3.5780,3.5613,32.12,7.12,-2.903,0.0199,54.50,58.48,107.15,0x0000,NONE,CLOSED,CLOSED,0,TN
2026-06-25T15:24:53.199+00:00,1639.0,16391,3.5729,3.5778,3.5721,32.34,7.34,-2.895,0.0212,54.47,58.42,107.12,0x0000,NONE,CLOSED,CLOSED,0,TN
2026-06-25T15:24:53.317+00:00,1640.0,16401,3.5743,3.5801,3.5732,32.10,7.10,-2.879,0.0149,54.44,58.43,107.15,0x0000,NONE,CLOSED,CLOSED,0,TN
2026-06-25T15:24:53.440+00:00,1641.0,16411,3.5786,3.5945,3.5541,32.18,7.18,-2.911,0.0120,54.42,58.39,107.14,0x0000,NONE,CLOSED,CLOSED,0,TN
2026-06-25T15:24:53.585+00:00,1642.0,16421,3.5743,3.5747,3.5645,32.10,7.10,-2.900,0.0114,54.39,58.34,107.12,0x0000,NONE,CLOSED,CLOSED,0,TN
2026-06-25T15:24:53.690+00:00,1643.0,16431,3.5753,3.5663,3.5843,32.26,7.26,-2.885,0.0157,54.36,58.34,107.14,0x0000,NONE,CLOSED,CLOSED,0,TN
2026-06-25T15:24:53.815+00:00,1644.0,16441,3.5647,3.5677,3.5601,32.21,7.21,-2.921,0.0155,54.33,58.30,107.12,0x0000,NONE,CLOSED,CLOSED,0,TN
2026-06-25T15:24:53.940+00:00,1645.0,16451,3.5755,3.5782,3.5601,32.18,7.18,-2.884,0.0122,54.31,58.29,107.14,0x0000,NONE,CLOSED,CLOSED,0,TN
2026-06-25T15:24:54.064+00:00,1646.0,16461,3.5721,3.5832,3.5889,32.00,7.00,-2.877,0.0179,54.28,58.28,107.16,0x0000,NONE,CLOSED,CLOSED,0,TN
2026-06-25T15:24:54.192+00:00,1647.0,16471,3.5779,3.5852,3.5836,32.28,7.28,-2.890,0.0239,54.25,58.26,107.17,0x0000,NONE,CLOSED,CLOSED,0,TN
2026-06-25T15:24:54.315+00:00,1648.0,16481,3.5678,3.5657,3.5602,32.28,7.28,-2.885,0.0069,54.22,58.23,107.16,0x0000,NONE,CLOSED,CLOSED,0,TN
2026-06-25T15:24:54.448+00:00,1649.0,16491,3.5760,3.5909,3.5910,32.09,7.09,-2.905,0.0181,54.19,58.24,107.20,0x0000,NONE,CLOSED,CLOSED,0,TN
2026-06-25T15:24:54.600+00:00,1650.0,16501,3.5688,3.5681,3.5688,32.13,7.13,-2.894,0.0236,54.17,58.13,107.12,0x0000,NONE,CLOSED,CLOSED,1,FN
2026-06-25T15:24:54.690+00:00,1651.0,16511,3.5678,3.5674,3.5691,32.25,7.25,-2.893,0.0180,54.14,58.13,107.14,0x0000,NONE,CLOSED,CLOSED,1,FN
2026-06-25T15:24:54.814+00:00,1652.0,16521,3.5711,3.5866,3.5587,32.21,7.21,-2.907,0.0190,54.11,58.10,107.14,0x0000,NONE,CLOSED,CLOSED,1,FN
2026-06-25T15:24:54.941+00:00,1653.0,16531,3.5701,3.5758,3.5697,32.20,7.20,-2.892,0.0221,54.08,58.05,107.11,0x0040,GAS_PRESSURE,CLOSED,CLOSED,1,TP
2026-06-25T15:24:55.065+00:00,1654.0,16541,3.5578,3.5508,3.5624,32.19,7.19,-2.888,0.1090,54.06,57.91,106.99,0x00C0,GAS_PRESSURE|EIS_FAULT,CLOSED,CLOSED,1,TP
2026-06-25T15:24:55.190+00:00,1655.0,16551,3.5200,3.5201,3.5300,32.25,7.25,-2.894,0.4067,54.03,57.57,106.65,0x00C0,GAS_PRESSURE|EIS_FAULT,CLOSED,CLOSED,1,TP
2026-06-25T15:24:55.316+00:00,1656.0,16561,3.4876,3.5077,3.4900,32.15,7.15,-2.898,0.6664,54.00,57.09,106.16,0x00C0,GAS_PRESSURE|EIS_FAULT,CLOSED,CLOSED,1,TP
2026-06-25T15:24:55.441+00:00,1657.0,16571,3.5337,3.5480,3.5278,32.16,7.16,-2.915,0.4171,53.97,57.33,106.45,0x00C0,GAS_PRESSURE|EIS_FAULT,CLOSED,CLOSED,1,TP
2026-06-25T15:24:55.565+00:00,1658.0,16581,3.5894,3.5839,3.5871,32.26,7.26,-2.919,0.1040,53.94,57.90,107.09,0x00C0,GAS_PRESSURE|EIS_FAULT,CLOSED,CLOSED,1,TP
2026-06-25T15:24:55.690+00:00,1659.0,16591,3.5958,3.5879,3.5953,32.25,7.25,-2.898,0.0250,53.92,58.07,107.30,0x0040,GAS_PRESSURE,CLOSED,CLOSED,1,TP
2026-06-25T15:24:55.816+00:00,1660.0,16601,3.5875,3.5917,3.5935,32.18,7.18,-2.927,0.0110,53.89,57.99,107.24,0x0040,GAS_PRESSURE,CLOSED,CLOSED,1,TP
2026-06-25T15:24:55.940+00:00,1661.0,16611,3.5800,3.5782,3.5806,32.14,7.14,-2.905,0.0164,53.86,57.85,107.13,0x0000,NONE,CLOSED,CLOSED,1,FN
2026-06-25T15:24:56.065+00:00,1662.0,16621,3.5666,3.5648,3.5653,32.30,7.30,-2.870,0.0130,53.83,57.70,106.98,0x0000,NONE,CLOSED,CLOSED,1,FN
2026-06-25T15:24:56.195+00:00,1663.0,16631,3.5681,3.5700,3.5819,32.18,7.18,-2.884,0.0187,53.81,57.68,106.99,0x0000,NONE,CLOSED,CLOSED,0,TN
2026-06-25T15:24:56.316+00:00,1664.0,16641,3.5671,3.5655,3.5502,32.21,7.21,-2.927,0.0159,53.78,57.62,106.95,0x0000,NONE,CLOSED,CLOSED,0,TN
2026-06-25T15:24:56.440+00:00,1665.0,16651,3.5699,3.5719,3.5796,32.19,7.19,-2.929,0.0178,53.75,57.64,107.01,0x0000,NONE,CLOSED,CLOSED,0,TN
2026-06-25T15:24:56.613+00:00,1666.0,16661,3.5617,3.5635,3.5664,32.20,7.20,-2.884,0.0167,53.72,57.59,106.98,0x0000,NONE,CLOSED,CLOSED,0,TN
2026-06-25T15:24:56.695+00:00,1667.0,16671,3.5608,3.5524,3.5720,32.12,7.12,-2.912,0.0268,53.69,57.54,106.96,0x0000,NONE,CLOSED,CLOSED,0,TN
2026-06-25T15:24:56.834+00:00,1668.0,16681,3.5667,3.5690,3.5578,32.30,7.30,-2.907,0.0158,53.67,57.53,106.97,0x0000,NONE,CLOSED,CLOSED,0,TN
2026-06-25T15:24:56.941+00:00,1669.0,16691,3.5638,3.5537,3.5670,32.29,7.29,-2.886,0.0161,53.64,57.50,106.96,0x0000,NONE,CLOSED,CLOSED,0,TN
2026-06-25T15:24:57.065+00:00,1670.0,16701,3.5696,3.5665,3.5539,32.26,7.26,-2.919,0.0210,53.61,57.46,106.96,0x0000,NONE,CLOSED,CLOSED,0,TN
2026-06-25T15:24:57.207+00:00,1671.0,16711,3.5613,3.5632,3.5644,32.29,7.29,-2.903,0.0119,53.58,57.47,107.00,0x0000,NONE,CLOSED,CLOSED,0,TN
2026-06-25T15:24:57.315+00:00,1672.0,16721,3.5616,3.5623,3.5555,32.14,7.14,-2.860,0.0206,53.56,57.43,106.98,0x0000,NONE,CLOSED,CLOSED,0,TN
2026-06-25T15:24:57.441+00:00,1673.0,16731,3.5628,3.5698,3.5671,32.25,7.25,-2.916,0.0165,53.53,57.39,106.96,0x0000,NONE,CLOSED,CLOSED,0,TN
2026-06-25T15:24:57.564+00:00,1674.0,16741,3.5642,3.5767,3.5787,32.19,7.19,-2.900,0.0091,53.50,57.39,106.99,0x0000,NONE,CLOSED,CLOSED,0,TN
2026-06-25T15:24:57.689+00:00,1675.0,16751,3.5698,3.5523,3.5797,32.24,7.24,-2.884,0.0212,53.47,57.36,106.98,0x0000,NONE,CLOSED,CLOSED,0,TN
2026-06-25T15:24:57.815+00:00,1676.0,16761,3.5609,3.5576,3.5717,32.24,7.24,-2.907,0.0165,53.44,57.33,106.98,0x0000,NONE,CLOSED,CLOSED,0,TN
2026-06-25T15:24:57.939+00:00,1677.0,16771,3.5598,3.5643,3.5630,32.16,7.16,-2.898,0.0213,53.42,57.26,106.93,0x0000,NONE,CLOSED,CLOSED,0,TN
2026-06-25T15:24:58.080+00:00,1678.0,16781,3.5653,3.5632,3.5586,32.34,7.34,-2.924,0.0152,53.39,57.25,106.95,0x0000,NONE,CLOSED,CLOSED,0,TN
2026-06-25T15:24:58.190+00:00,1679.0,16791,3.5627,3.5521,3.5740,32.25,7.25,-2.890,0.0144,53.36,57.19,106.92,0x0000,NONE,CLOSED,CLOSED,0,TN
2026-06-25T15:24:58.315+00:00,1680.0,16801,3.5679,3.5742,3.5767,32.30,7.30,-2.899,0.0172,53.33,57.21,106.97,0x0000,NONE,CLOSED,CLOSED,0,TN
2026-06-25T15:24:58.440+00:00,1681.0,16811,3.5617,3.5604,3.5813,32.27,7.27,-2.917,0.0149,53.31,57.20,106.98,0x0000,NONE,CLOSED,CLOSED,0,TN
2026-06-25T15:24:58.579+00:00,1682.0,16821,3.5569,3.5657,3.5604,32.18,7.18,-2.909,0.0145,53.28,57.14,106.94,0x0000,NONE,CLOSED,CLOSED,0,TN
2026-06-25T15:24:58.691+00:00,1683.0,16831,3.5665,3.5683,3.5703,32.26,7.26,-2.887,0.0068,53.25,57.14,106.98,0x0000,NONE,CLOSED,CLOSED,0,TN
2026-06-25T15:24:58.815+00:00,1684.0,16841,3.5537,3.5422,3.5411,32.30,7.30,-2.884,0.0172,53.22,57.03,106.89,0x0000,NONE,CLOSED,CLOSED,0,TN
2026-06-25T15:24:58.940+00:00,1685.0,16851,3.5650,3.5543,3.5823,32.26,7.26,-2.924,0.0189,53.19,57.08,106.97,0x0000,NONE,CLOSED,CLOSED,0,TN
2026-06-25T15:24:59.065+00:00,1686.0,16861,3.5622,3.5579,3.5662,32.18,7.18,-2.900,0.0202,53.17,57.03,106.94,0x0000,NONE,CLOSED,CLOSED,0,TN
2026-06-25T15:24:59.190+00:00,1687.0,16871,3.5562,3.5485,3.5725,32.37,7.37,-2.897,0.0214,53.14,57.00,106.94,0x0000,NONE,CLOSED,CLOSED,0,TN
2026-06-25T15:24:59.316+00:00,1688.0,16881,3.5559,3.5591,3.5393,32.19,7.19,-2.888,0.0119,53.11,56.95,106.91,0x0000,NONE,CLOSED,CLOSED,0,TN
2026-06-25T15:24:59.440+00:00,1689.0,16891,3.5595,3.5662,3.5415,32.32,7.32,-2.904,0.0131,53.08,56.91,106.90,0x0000,NONE,CLOSED,CLOSED,0,TN
2026-06-25T15:24:59.576+00:00,1690.0,16901,3.5592,3.5673,3.5556,32.35,7.35,-2.910,0.0145,53.06,56.94,106.96,0x0000,NONE,CLOSED,CLOSED,0,TN
2026-06-25T15:24:59.690+00:00,1691.0,16911,3.5544,3.5542,3.5665,32.31,7.31,-2.900,0.0226,53.03,56.91,106.95,0x0000,NONE,CLOSED,CLOSED,0,TN
2026-06-25T15:24:59.815+00:00,1692.0,16921,3.5608,3.5606,3.5669,32.18,7.18,-2.900,0.0230,53.00,56.86,106.93,0x0000,NONE,CLOSED,CLOSED,0,TN
2026-06-25T15:24:59.940+00:00,1693.0,16931,3.5581,3.5540,3.5504,32.34,7.34,-2.945,0.0215,52.97,56.83,106.93,0x0000,NONE,CLOSED,CLOSED,0,TN
2026-06-25T15:25:00.065+00:00,1694.0,16941,3.5562,3.5565,3.5561,32.33,7.33,-2.927,0.0176,52.94,56.82,106.93,0x0000,NONE,CLOSED,CLOSED,0,TN
2026-06-25T15:25:00.196+00:00,1695.0,16951,3.5604,3.5585,3.5570,32.23,7.23,-2.885,0.0121,52.92,56.77,106.91,0x0000,NONE,CLOSED,CLOSED,0,TN
2026-06-25T15:25:00.314+00:00,1696.0,16961,3.5513,3.5454,3.5592,32.29,7.29,-2.909,0.0220,52.89,56.75,106.92,0x0000,NONE,CLOSED,CLOSED,0,TN
2026-06-25T15:25:00.440+00:00,1697.0,16971,3.5529,3.5621,3.5497,32.33,7.33,-2.906,0.0196,52.86,56.70,106.90,0x0000,NONE,CLOSED,CLOSED,0,TN
2026-06-25T15:25:00.589+00:00,1698.0,16981,3.5556,3.5700,3.5477,32.19,7.19,-2.923,0.0253,52.83,56.69,106.91,0x0000,NONE,CLOSED,CLOSED,0,TN
2026-06-25T15:25:00.697+00:00,1699.0,16991,3.5594,3.5549,3.5382,32.28,7.28,-2.894,0.0181,52.81,56.62,106.86,0x0000,NONE,CLOSED,CLOSED,0,TN
2026-06-25T15:25:00.815+00:00,1700.0,17001,3.5537,3.5571,3.5504,32.30,7.30,-2.917,0.0222,52.78,56.63,106.90,0x0000,NONE,CLOSED,CLOSED,0,TN
2026-06-25T15:25:00.940+00:00,1701.0,17011,3.5531,3.5510,3.5499,32.25,7.25,-2.905,0.0155,52.75,56.60,106.90,0x0000,NONE,CLOSED,CLOSED,0,TN
2026-06-25T15:25:01.066+00:00,1702.0,17021,3.5567,3.5616,3.5431,32.34,7.34,-2.908,0.0189,52.72,56.56,106.88,0x0000,NONE,CLOSED,CLOSED,0,TN
2026-06-25T15:25:01.212+00:00,1703.0,17031,3.5540,3.5588,3.5441,32.36,7.36,-2.872,0.0184,52.69,56.54,106.89,0x0000,NONE,CLOSED,CLOSED,0,TN
2026-06-25T15:25:01.315+00:00,1704.0,17041,3.5526,3.5547,3.5528,32.41,7.41,-2.899,0.0110,52.67,56.47,106.84,0x0000,NONE,CLOSED,CLOSED,0,TN
2026-06-25T15:25:01.440+00:00,1705.0,17051,3.5513,3.5480,3.5487,32.27,7.27,-2.892,0.0214,52.64,56.47,106.87,0x0000,NONE,CLOSED,CLOSED,0,TN
2026-06-25T15:25:01.578+00:00,1706.0,17061,3.5554,3.5596,3.5611,32.35,7.35,-2.883,0.0135,52.61,56.49,106.92,0x0000,NONE,CLOSED,CLOSED,0,TN
2026-06-25T15:25:01.689+00:00,1707.0,17071,3.5553,3.5517,3.5545,32.32,7.32,-2.897,0.0221,52.58,56.43,106.88,0x0000,NONE,CLOSED,CLOSED,0,TN
2026-06-25T15:25:01.815+00:00,1708.0,17081,3.5554,3.5452,3.5651,32.27,7.27,-2.920,0.0153,52.56,56.43,106.91,0x0000,NONE,CLOSED,CLOSED,0,TN
2026-06-25T15:25:01.940+00:00,1709.0,17091,3.5458,3.5546,3.5360,32.22,7.22,-2.905,0.0160,52.53,56.34,106.84,0x0000,NONE,CLOSED,CLOSED,0,TN
2026-06-25T15:25:02.070+00:00,1710.0,17101,3.5529,3.5542,3.5611,32.42,7.42,-2.907,0.0108,52.50,56.36,106.89,0x0000,NONE,CLOSED,CLOSED,0,TN
2026-06-25T15:25:02.195+00:00,1711.0,17111,3.5496,3.5486,3.5546,32.26,7.26,-2.901,0.0155,52.47,56.30,106.86,0x0000,NONE,CLOSED,CLOSED,0,TN
2026-06-25T15:25:02.315+00:00,1712.0,17121,3.5502,3.5460,3.5632,32.36,7.36,-2.867,0.0175,52.44,56.29,106.87,0x0000,NONE,CLOSED,CLOSED,0,TN
2026-06-25T15:25:02.440+00:00,1713.0,17131,3.5491,3.5510,3.5491,32.28,7.28,-2.885,0.0211,52.42,56.24,106.84,0x0000,NONE,CLOSED,CLOSED,0,TN
2026-06-25T15:25:02.565+00:00,1714.0,17141,3.5531,3.5578,3.5594,32.34,7.34,-2.894,0.0237,52.39,56.27,106.90,0x0000,NONE,CLOSED,CLOSED,0,TN
2026-06-25T15:25:02.689+00:00,1715.0,17151,3.5476,3.5439,3.5418,32.44,7.44,-2.928,0.0176,52.36,56.22,106.88,0x0000,NONE,CLOSED,CLOSED,0,TN
2026-06-25T15:25:02.814+00:00,1716.0,17161,3.5531,3.5556,3.5808,32.22,7.22,-2.928,0.0192,52.33,56.19,106.88,0x0000,NONE,CLOSED,CLOSED,0,TN
2026-06-25T15:25:02.939+00:00,1717.0,17171,3.5465,3.5401,3.5377,32.32,7.32,-2.896,0.0225,52.31,56.13,106.84,0x0000,NONE,CLOSED,CLOSED,0,TN
2026-06-25T15:25:03.064+00:00,1718.0,17181,3.5431,3.5364,3.5673,32.34,7.34,-2.909,0.0215,52.28,56.10,106.84,0x0000,NONE,CLOSED,CLOSED,0,TN
2026-06-25T15:25:03.191+00:00,1719.0,17191,3.5498,3.5554,3.5595,32.38,7.38,-2.910,0.0177,52.25,56.11,106.87,0x0000,NONE,CLOSED,CLOSED,0,TN
2026-06-25T15:25:03.313+00:00,1720.0,17201,3.5488,3.5455,3.5388,32.25,7.25,-2.907,0.0167,52.22,56.06,106.85,0x0000,NONE,CLOSED,CLOSED,0,TN
2026-06-25T15:25:03.449+00:00,1721.0,17211,3.5452,3.5449,3.5636,32.37,7.37,-2.864,0.0167,52.19,56.05,106.87,0x0000,NONE,CLOSED,CLOSED,0,TN
2026-06-25T15:25:03.564+00:00,1722.0,17221,3.5513,3.5432,3.5567,32.39,7.39,-2.868,0.0140,52.17,56.00,106.84,0x0000,NONE,CLOSED,CLOSED,0,TN
2026-06-25T15:25:03.690+00:00,1723.0,17231,3.5501,3.5518,3.5355,32.31,7.31,-2.912,0.0178,52.14,56.01,106.88,0x0000,NONE,CLOSED,CLOSED,0,TN
2026-06-25T15:25:03.815+00:00,1724.0,17241,3.5476,3.5491,3.5423,32.35,7.35,-2.873,0.0179,52.11,55.96,106.85,0x0000,NONE,CLOSED,CLOSED,0,TN
2026-06-25T15:25:03.940+00:00,1725.0,17251,3.5409,3.5383,3.5427,32.49,7.49,-2.884,0.0217,52.08,55.91,106.84,0x0000,NONE,CLOSED,CLOSED,0,TN
2026-06-25T15:25:04.065+00:00,1726.0,17261,3.5440,3.5540,3.5555,32.36,7.36,-2.921,0.0205,52.06,55.94,106.89,0x0000,NONE,CLOSED,CLOSED,0,TN
2026-06-25T15:25:04.195+00:00,1727.0,17271,3.5421,3.5372,3.5474,32.37,7.37,-2.918,0.0108,52.03,55.86,106.83,0x0000,NONE,CLOSED,CLOSED,0,TN
2026-06-25T15:25:04.314+00:00,1728.0,17281,3.5461,3.5623,3.5362,32.35,7.35,-2.920,0.0134,52.00,55.83,106.83,0x0000,NONE,CLOSED,CLOSED,0,TN
2026-06-25T15:25:04.446+00:00,1729.0,17291,3.5502,3.5326,3.5458,32.37,7.37,-2.884,0.0217,51.97,55.78,106.80,0x0000,NONE,CLOSED,CLOSED,0,TN
2026-06-25T15:25:04.565+00:00,1730.0,17301,3.5393,3.5617,3.5484,32.30,7.30,-2.905,0.0186,51.94,55.78,106.84,0x0000,NONE,CLOSED,CLOSED,0,TN
2026-06-25T15:25:04.690+00:00,1731.0,17311,3.5430,3.5481,3.5140,32.43,7.43,-2.897,0.0184,51.92,55.74,106.82,0x0000,NONE,CLOSED,CLOSED,0,TN
2026-06-25T15:25:04.817+00:00,1732.0,17321,3.5431,3.5421,3.5358,32.34,7.34,-2.922,0.0221,51.89,55.70,106.80,0x0000,NONE,CLOSED,CLOSED,0,TN
2026-06-25T15:25:04.940+00:00,1733.0,17331,3.5440,3.5396,3.5463,32.37,7.37,-2.903,0.0206,51.86,55.70,106.83,0x0000,NONE,CLOSED,CLOSED,0,TN
2026-06-25T15:25:05.067+00:00,1734.0,17341,3.5417,3.5369,3.5287,32.49,7.49,-2.926,0.0248,51.83,55.63,106.78,0x0000,NONE,CLOSED,CLOSED,0,TN
2026-06-25T15:25:05.218+00:00,1735.0,17351,3.5389,3.5359,3.5213,32.38,7.38,-2.901,0.0133,51.81,55.61,106.79,0x0000,NONE,CLOSED,CLOSED,0,TN
2026-06-25T15:25:05.315+00:00,1736.0,17361,3.5397,3.5304,3.5205,32.38,7.38,-2.933,0.0231,51.78,55.56,106.76,0x0000,NONE,CLOSED,CLOSED,0,TN
2026-06-25T15:25:05.443+00:00,1737.0,17371,3.5410,3.5437,3.5335,32.37,7.37,-2.908,0.0124,51.75,55.53,106.76,0x0000,NONE,CLOSED,CLOSED,0,TN
2026-06-25T15:25:05.566+00:00,1738.0,17381,3.5512,3.5415,3.5373,32.31,7.31,-2.909,0.0135,51.72,55.56,106.82,0x0000,NONE,CLOSED,CLOSED,0,TN
2026-06-25T15:25:05.692+00:00,1739.0,17391,3.5387,3.5362,3.5308,32.27,7.27,-2.883,0.0186,51.69,55.51,106.79,0x0000,NONE,CLOSED,CLOSED,0,TN
2026-06-25T15:25:05.816+00:00,1740.0,17401,3.5432,3.5569,3.5328,32.32,7.32,-2.941,0.0214,51.67,55.49,106.81,0x0000,NONE,CLOSED,CLOSED,0,TN
2026-06-25T15:25:05.940+00:00,1741.0,17411,3.5355,3.5342,3.5348,32.50,7.50,-2.879,0.0256,51.64,55.42,106.75,0x0000,NONE,CLOSED,CLOSED,0,TN
2026-06-25T15:25:06.065+00:00,1742.0,17421,3.5416,3.5332,3.5238,32.46,7.46,-2.895,0.0248,51.61,55.39,106.75,0x0000,NONE,CLOSED,CLOSED,0,TN
2026-06-25T15:25:06.200+00:00,1743.0,17431,3.5419,3.5398,3.5299,32.45,7.45,-2.886,0.0175,51.58,55.39,106.78,0x0000,NONE,CLOSED,CLOSED,0,TN
2026-06-25T15:25:06.315+00:00,1744.0,17441,3.5404,3.5382,3.5395,32.41,7.41,-2.926,0.0144,51.56,55.36,106.78,0x0000,NONE,CLOSED,CLOSED,0,TN
2026-06-25T15:25:06.443+00:00,1745.0,17451,3.5395,3.5370,3.5525,32.32,7.32,-2.899,0.0133,51.53,55.36,106.81,0x0000,NONE,CLOSED,CLOSED,0,TN
2026-06-25T15:25:06.566+00:00,1746.0,17461,3.5371,3.5306,3.5472,32.38,7.38,-2.893,0.0149,51.50,55.31,106.77,0x0000,NONE,CLOSED,CLOSED,0,TN
2026-06-25T15:25:06.701+00:00,1747.0,17471,3.5374,3.5253,3.5361,32.49,7.49,-2.912,0.0223,51.47,55.27,106.76,0x0000,NONE,CLOSED,CLOSED,0,TN
2026-06-25T15:25:06.815+00:00,1748.0,17481,3.5412,3.5298,3.5287,32.47,7.47,-2.891,0.0135,51.44,55.23,106.75,0x0000,NONE,CLOSED,CLOSED,0,TN
2026-06-25T15:25:06.940+00:00,1749.0,17491,3.5328,3.5439,3.5466,32.40,7.40,-2.896,0.0184,51.42,55.23,106.78,0x0000,NONE,CLOSED,CLOSED,0,TN
2026-06-25T15:25:07.066+00:00,1750.0,17501,3.5417,3.5380,3.5420,32.28,7.28,-2.885,0.0161,51.39,55.21,106.78,0x0000,NONE,CLOSED,CLOSED,0,TN
2026-06-25T15:25:07.190+00:00,1751.0,17511,3.5390,3.5460,3.5363,32.36,7.36,-2.911,0.0220,51.36,55.18,106.78,0x0000,NONE,CLOSED,CLOSED,0,TN
2026-06-25T15:25:07.315+00:00,1752.0,17521,3.5376,3.5423,3.5447,32.45,7.45,-2.883,0.0134,51.33,55.17,106.79,0x0000,NONE,CLOSED,CLOSED,0,TN
2026-06-25T15:25:07.439+00:00,1753.0,17531,3.5386,3.5349,3.5502,32.43,7.43,-2.914,0.0134,51.31,55.15,106.80,0x0000,NONE,CLOSED,CLOSED,0,TN
2026-06-25T15:25:07.577+00:00,1754.0,17541,3.5393,3.5354,3.5510,32.36,7.36,-2.882,0.0151,51.28,55.12,106.80,0x0000,NONE,CLOSED,CLOSED,0,TN
2026-06-25T15:25:07.690+00:00,1755.0,17551,3.5364,3.5425,3.5365,32.31,7.31,-2.871,0.0177,51.25,55.08,106.78,0x0000,NONE,CLOSED,CLOSED,0,TN
2026-06-25T15:25:07.817+00:00,1756.0,17561,3.5409,3.5422,3.5410,32.34,7.34,-2.911,0.0216,51.22,55.05,106.78,0x0000,NONE,CLOSED,CLOSED,0,TN
2026-06-25T15:25:07.940+00:00,1757.0,17571,3.5418,3.5506,3.5316,32.30,7.30,-2.901,0.0117,51.19,55.00,106.75,0x0000,NONE,CLOSED,CLOSED,0,TN
2026-06-25T15:25:08.065+00:00,1758.0,17581,3.5395,3.5416,3.5489,32.25,7.25,-2.906,0.0231,51.17,55.03,106.82,0x0000,NONE,CLOSED,CLOSED,0,TN
2026-06-25T15:25:08.191+00:00,1759.0,17591,3.5382,3.5382,3.5429,32.35,7.35,-2.949,0.0209,51.14,54.98,106.79,0x0000,NONE,CLOSED,CLOSED,0,TN
2026-06-25T15:25:08.314+00:00,1760.0,17601,3.5346,3.5410,3.5449,32.51,7.51,-2.881,0.0139,51.11,54.94,106.77,0x0000,NONE,CLOSED,CLOSED,0,TN
2026-06-25T15:25:08.455+00:00,1761.0,17611,3.5311,3.5378,3.5171,32.41,7.41,-2.887,0.0174,51.08,54.87,106.72,0x0000,NONE,CLOSED,CLOSED,0,TN
2026-06-25T15:25:08.565+00:00,1762.0,17621,3.5318,3.5305,3.5308,32.36,7.36,-2.898,0.0152,51.06,54.89,106.78,0x0000,NONE,CLOSED,CLOSED,0,TN
2026-06-25T15:25:08.691+00:00,1763.0,17631,3.5306,3.5219,3.5262,32.43,7.43,-2.885,0.0096,51.03,54.82,106.73,0x0000,NONE,CLOSED,CLOSED,0,TN
2026-06-25T15:25:08.813+00:00,1764.0,17641,3.5364,3.5384,3.5443,32.41,7.41,-2.906,0.0141,51.00,54.81,106.75,0x0000,NONE,CLOSED,CLOSED,0,TN
2026-06-25T15:25:08.941+00:00,1765.0,17651,3.5313,3.5294,3.5296,32.39,7.39,-2.882,0.0234,50.97,54.77,106.73,0x0000,NONE,CLOSED,CLOSED,0,TN
2026-06-25T15:25:09.066+00:00,1766.0,17661,3.5314,3.5395,3.5114,32.60,7.60,-2.887,0.0093,50.94,54.74,106.73,0x0000,NONE,CLOSED,CLOSED,0,TN
2026-06-25T15:25:09.189+00:00,1767.0,17671,3.5287,3.5292,3.5188,32.48,7.48,-2.863,0.0078,50.92,54.72,106.74,0x0000,NONE,CLOSED,CLOSED,0,TN
2026-06-25T15:25:09.316+00:00,1768.0,17681,3.5334,3.5326,3.5234,32.37,7.37,-2.899,0.0178,50.89,54.69,106.73,0x0000,NONE,CLOSED,CLOSED,0,TN
2026-06-25T15:25:09.440+00:00,1769.0,17691,3.5347,3.5400,3.5266,32.46,7.46,-2.893,0.0229,50.86,54.68,106.75,0x0000,NONE,CLOSED,CLOSED,0,TN
2026-06-25T15:25:09.582+00:00,1770.0,17701,3.5307,3.5235,3.5273,32.38,7.38,-2.881,0.0232,50.83,54.59,106.68,0x0000,NONE,CLOSED,CLOSED,0,TN
2026-06-25T15:25:09.696+00:00,1771.0,17711,3.5353,3.5466,3.5300,32.44,7.44,-2.931,0.0187,50.81,54.63,106.75,0x0000,NONE,CLOSED,CLOSED,0,TN
2026-06-25T15:25:09.815+00:00,1772.0,17721,3.5272,3.5195,3.5325,32.48,7.48,-2.913,0.0090,50.78,54.58,106.73,0x0000,NONE,CLOSED,CLOSED,0,TN
2026-06-25T15:25:09.940+00:00,1773.0,17731,3.5256,3.5137,3.5189,32.41,7.41,-2.907,0.0169,50.75,54.53,106.70,0x0000,NONE,CLOSED,CLOSED,0,TN
2026-06-25T15:25:10.067+00:00,1774.0,17741,3.5360,3.5410,3.5502,32.54,7.54,-2.899,0.0188,50.72,54.59,106.78,0x0000,NONE,CLOSED,CLOSED,0,TN
2026-06-25T15:25:10.190+00:00,1775.0,17751,3.5299,3.5245,3.5375,32.37,7.37,-2.903,0.0124,50.69,54.52,106.74,0x0000,NONE,CLOSED,CLOSED,0,TN
2026-06-25T15:25:10.315+00:00,1776.0,17761,3.5275,3.5321,3.5077,32.47,7.47,-2.902,0.0105,50.67,54.44,106.68,0x0000,NONE,CLOSED,CLOSED,0,TN
2026-06-25T15:25:10.439+00:00,1777.0,17771,3.5345,3.5470,3.5204,32.38,7.38,-2.923,0.0180,50.64,54.46,106.73,0x0000,NONE,CLOSED,CLOSED,0,TN
2026-06-25T15:25:10.576+00:00,1778.0,17781,3.5286,3.5229,3.5339,32.45,7.45,-2.894,0.0116,50.61,54.41,106.71,0x0000,NONE,CLOSED,CLOSED,0,TN
2026-06-25T15:25:10.689+00:00,1779.0,17791,3.5264,3.5289,3.5120,32.59,7.59,-2.930,0.0266,50.58,54.36,106.68,0x0000,NONE,CLOSED,CLOSED,0,TN
2026-06-25T15:25:10.815+00:00,1780.0,17801,3.5314,3.5346,3.5349,32.39,7.39,-2.901,0.0167,50.56,54.36,106.71,0x0000,NONE,CLOSED,CLOSED,0,TN
2026-06-25T15:25:10.940+00:00,1781.0,17811,3.5301,3.5358,3.5263,32.47,7.47,-2.910,0.0175,50.53,54.33,106.71,0x0000,NONE,CLOSED,CLOSED,0,TN
2026-06-25T15:25:11.065+00:00,1782.0,17821,3.5264,3.5233,3.5164,32.52,7.52,-2.880,0.0233,50.50,54.27,106.67,0x0000,NONE,CLOSED,CLOSED,0,TN
2026-06-25T15:25:11.192+00:00,1783.0,17831,3.5227,3.5237,3.5362,32.36,7.36,-2.903,0.0096,50.47,54.27,106.70,0x0000,NONE,CLOSED,CLOSED,0,TN
2026-06-25T15:25:11.314+00:00,1784.0,17841,3.5271,3.5308,3.5207,32.42,7.42,-2.912,0.0237,50.44,54.22,106.68,0x0000,NONE,CLOSED,CLOSED,0,TN
2026-06-25T15:25:11.440+00:00,1785.0,17851,3.5237,3.5345,3.5218,32.49,7.49,-2.875,0.0137,50.42,54.20,106.68,0x0000,NONE,CLOSED,CLOSED,0,TN
2026-06-25T15:25:11.565+00:00,1786.0,17861,3.5239,3.5110,3.5232,32.40,7.40,-2.908,0.0115,50.39,54.15,106.66,0x0000,NONE,CLOSED,CLOSED,0,TN
2026-06-25T15:25:11.689+00:00,1787.0,17871,3.5235,3.5242,3.5271,32.49,7.49,-2.898,0.0132,50.36,54.14,106.67,0x0000,NONE,CLOSED,CLOSED,0,TN
2026-06-25T15:25:11.815+00:00,1788.0,17881,3.5256,3.5361,3.5237,32.46,7.46,-2.915,0.0178,50.33,54.14,106.70,0x0000,NONE,CLOSED,CLOSED,0,TN
2026-06-25T15:25:11.940+00:00,1789.0,17891,3.5182,3.5109,3.4988,32.45,7.45,-2.902,0.0145,50.31,54.03,106.62,0x0000,NONE,CLOSED,CLOSED,0,TN
2026-06-25T15:25:12.065+00:00,1790.0,17901,3.5227,3.5183,3.5134,32.43,7.43,-2.877,0.0212,50.28,54.04,106.65,0x0000,NONE,CLOSED,CLOSED,0,TN
2026-06-25T15:25:12.191+00:00,1791.0,17911,3.5189,3.5109,3.5086,32.43,7.43,-2.888,0.0150,50.25,54.00,106.63,0x0000,NONE,CLOSED,CLOSED,0,TN
2026-06-25T15:25:12.314+00:00,1792.0,17921,3.5182,3.5258,3.5137,32.45,7.45,-2.899,0.0136,50.22,54.00,106.67,0x0000,NONE,CLOSED,CLOSED,0,TN
2026-06-25T15:25:12.450+00:00,1793.0,17931,3.5200,3.5231,3.5143,32.50,7.50,-2.911,0.0142,50.19,53.96,106.65,0x0000,NONE,CLOSED,CLOSED,0,TN
2026-06-25T15:25:12.565+00:00,1794.0,17941,3.5256,3.5277,3.5289,32.40,7.40,-2.895,0.0148,50.17,53.98,106.69,0x0000,NONE,CLOSED,CLOSED,0,TN
2026-06-25T15:25:12.689+00:00,1795.0,17951,3.5263,3.5395,3.5176,32.40,7.40,-2.911,0.0207,50.14,53.93,106.67,0x0000,NONE,CLOSED,CLOSED,0,TN
2026-06-25T15:25:12.815+00:00,1796.0,17961,3.5262,3.5262,3.5159,32.64,7.64,-2.888,0.0198,50.11,53.90,106.67,0x0000,NONE,CLOSED,CLOSED,0,TN
2026-06-25T15:25:12.940+00:00,1797.0,17971,3.5225,3.5303,3.5325,32.47,7.47,-2.909,0.0139,50.08,53.85,106.65,0x0000,NONE,CLOSED,CLOSED,0,TN
2026-06-25T15:25:13.069+00:00,1798.0,17981,3.5244,3.5148,3.5251,32.63,7.63,-2.900,0.0192,50.06,53.86,106.69,0x0000,NONE,CLOSED,CLOSED,0,TN
2026-06-25T15:25:13.214+00:00,1799.0,17991,3.5243,3.5314,3.5205,32.47,7.47,-2.922,0.0125,50.03,53.81,106.66,0x0000,NONE,CLOSED,CLOSED,0,TN
2026-06-25T15:25:13.316+00:00,1800.0,18001,3.5221,3.5266,3.5109,32.45,7.45,-2.905,0.0166,50.00,53.76,106.63,0x0000,NONE,CLOSED,CLOSED,0,TN
2026-06-25T15:25:13.438+00:00,1801.0,18011,3.5235,3.5183,3.5299,32.43,7.43,-2.912,0.0223,49.97,53.75,106.65,0x0000,NONE,CLOSED,CLOSED,0,TN
2026-06-25T15:25:13.579+00:00,1802.0,18021,3.5204,3.5297,3.5362,32.55,7.55,-2.913,0.0241,49.94,53.73,106.65,0x0000,NONE,CLOSED,CLOSED,0,TN
2026-06-25T15:25:13.691+00:00,1803.0,18031,3.5227,3.5360,3.5029,32.44,7.44,-2.880,0.0138,49.92,53.68,106.63,0x0000,NONE,CLOSED,CLOSED,0,TN
2026-06-25T15:25:13.815+00:00,1804.0,18041,3.5220,3.5265,3.5159,32.48,7.48,-2.904,0.0120,49.89,53.65,106.63,0x0000,NONE,CLOSED,CLOSED,0,TN
2026-06-25T15:25:13.940+00:00,1805.0,18051,3.5200,3.5216,3.5300,32.51,7.51,-2.881,0.0193,49.86,53.62,106.62,0x0000,NONE,CLOSED,CLOSED,0,TN
2026-06-25T15:25:14.065+00:00,1806.0,18061,3.5196,3.5205,3.5227,32.61,7.61,-2.927,0.0200,49.83,53.59,106.62,0x0000,NONE,CLOSED,CLOSED,0,TN
2026-06-25T15:25:14.190+00:00,1807.0,18071,3.5224,3.5210,3.5168,32.62,7.62,-2.878,0.0200,49.81,53.59,106.64,0x0000,NONE,CLOSED,CLOSED,0,TN
2026-06-25T15:25:14.315+00:00,1808.0,18081,3.5189,3.5156,3.5225,32.49,7.49,-2.883,0.0139,49.78,53.55,106.63,0x0000,NONE,CLOSED,CLOSED,0,TN
2026-06-25T15:25:14.441+00:00,1809.0,18091,3.5209,3.5192,3.5074,32.51,7.51,-2.905,0.0310,49.75,53.55,106.65,0x0000,NONE,CLOSED,CLOSED,0,TN
2026-06-25T15:25:14.568+00:00,1810.0,18101,3.5151,3.5281,3.4855,32.49,7.49,-2.910,0.0110,49.72,53.47,106.60,0x0000,NONE,CLOSED,CLOSED,0,TN
2026-06-25T15:25:14.691+00:00,1811.0,18111,3.5178,3.5294,3.5227,32.53,7.53,-2.869,0.0099,49.69,53.50,106.66,0x0000,NONE,CLOSED,CLOSED,0,TN
2026-06-25T15:25:14.813+00:00,1812.0,18121,3.5192,3.5180,3.5050,32.59,7.59,-2.902,0.0170,49.67,53.43,106.61,0x0000,NONE,CLOSED,CLOSED,0,TN
2026-06-25T15:25:14.941+00:00,1813.0,18131,3.5156,3.5219,3.5231,32.46,7.46,-2.912,0.0096,49.64,53.43,106.64,0x0000,NONE,CLOSED,CLOSED,0,TN
2026-06-25T15:25:15.066+00:00,1814.0,18141,3.5207,3.5262,3.5191,32.48,7.48,-2.899,0.0184,49.61,53.37,106.61,0x0000,NONE,CLOSED,CLOSED,0,TN
2026-06-25T15:25:15.190+00:00,1815.0,18151,3.5157,3.5103,3.5146,32.43,7.43,-2.922,0.0220,49.58,53.39,106.65,0x0000,NONE,CLOSED,CLOSED,0,TN
2026-06-25T15:25:15.316+00:00,1816.0,18161,3.5210,3.5153,3.5283,32.60,7.60,-2.898,0.0166,49.56,53.35,106.64,0x0000,NONE,CLOSED,CLOSED,0,TN
2026-06-25T15:25:15.441+00:00,1817.0,18171,3.5169,3.5273,3.5255,32.54,7.54,-2.900,0.0159,49.53,53.31,106.63,0x0000,NONE,CLOSED,CLOSED,0,TN
2026-06-25T15:25:15.579+00:00,1818.0,18181,3.5131,3.5094,3.5288,32.52,7.52,-2.897,0.0145,49.50,53.27,106.62,0x0000,NONE,CLOSED,CLOSED,0,TN
2026-06-25T15:25:15.691+00:00,1819.0,18191,3.5139,3.5157,3.5220,32.49,7.49,-2.910,0.0258,49.47,53.21,106.57,0x0000,NONE,CLOSED,CLOSED,0,TN
2026-06-25T15:25:15.816+00:00,1820.0,18201,3.5174,3.5065,3.5183,32.59,7.59,-2.898,0.0250,49.44,53.20,106.59,0x0000,NONE,CLOSED,CLOSED,0,TN
2026-06-25T15:25:15.939+00:00,1821.0,18211,3.5066,3.5067,3.4949,32.50,7.50,-2.913,0.0189,49.42,53.14,106.55,0x0000,NONE,CLOSED,CLOSED,0,TN
2026-06-25T15:25:16.068+00:00,1822.0,18221,3.5157,3.5165,3.5148,32.47,7.47,-2.909,0.0270,49.39,53.16,106.61,0x0000,NONE,CLOSED,CLOSED,0,TN
2026-06-25T15:25:16.189+00:00,1823.0,18231,3.5119,3.4999,3.5157,32.46,7.46,-2.867,0.0156,49.36,53.13,106.61,0x0000,NONE,CLOSED,CLOSED,0,TN
2026-06-25T15:25:16.316+00:00,1824.0,18241,3.5137,3.5170,3.5073,32.51,7.51,-2.894,0.0195,49.33,53.07,106.57,0x0000,NONE,CLOSED,CLOSED,0,TN
2026-06-25T15:25:16.441+00:00,1825.0,18251,3.5167,3.5127,3.5405,32.63,7.63,-2.897,0.0240,49.31,53.09,106.61,0x0000,NONE,CLOSED,CLOSED,0,TN
2026-06-25T15:25:16.578+00:00,1826.0,18261,3.5131,3.5146,3.5084,32.66,7.66,-2.896,0.0118,49.28,53.04,106.59,0x0000,NONE,CLOSED,CLOSED,0,TN
2026-06-25T15:25:16.691+00:00,1827.0,18271,3.5114,3.5028,3.5109,32.61,7.61,-2.874,0.0193,49.25,52.98,106.55,0x0000,NONE,CLOSED,CLOSED,0,TN
2026-06-25T15:25:16.815+00:00,1828.0,18281,3.5048,3.4956,3.4914,32.52,7.52,-2.899,0.0103,49.22,52.92,106.52,0x0000,NONE,CLOSED,CLOSED,0,TN
2026-06-25T15:25:16.940+00:00,1829.0,18291,3.5130,3.5224,3.5134,32.46,7.46,-2.904,0.0243,49.19,52.96,106.59,0x0000,NONE,CLOSED,CLOSED,0,TN
2026-06-25T15:25:17.066+00:00,1830.0,18301,3.5122,3.5140,3.5162,32.62,7.62,-2.910,0.0118,49.17,52.92,106.57,0x0000,NONE,CLOSED,CLOSED,0,TN
2026-06-25T15:25:17.192+00:00,1831.0,18311,3.5086,3.5078,3.5085,32.57,7.57,-2.894,0.0175,49.14,52.88,106.57,0x0000,NONE,CLOSED,CLOSED,0,TN
2026-06-25T15:25:17.315+00:00,1832.0,18321,3.5109,3.5084,3.5232,32.58,7.58,-2.902,0.0206,49.11,52.86,106.57,0x0000,NONE,CLOSED,CLOSED,0,TN
2026-06-25T15:25:17.441+00:00,1833.0,18331,3.5100,3.5096,3.5242,32.56,7.56,-2.928,0.0183,49.08,52.85,106.59,0x0000,NONE,CLOSED,CLOSED,0,TN
2026-06-25T15:25:17.564+00:00,1834.0,18341,3.5100,3.5031,3.4879,32.59,7.59,-2.923,0.0177,49.06,52.79,106.55,0x0000,NONE,CLOSED,CLOSED,0,TN
2026-06-25T15:25:17.690+00:00,1835.0,18351,3.5086,3.5096,3.5013,32.68,7.68,-2.893,0.0183,49.03,52.77,106.55,0x0000,NONE,CLOSED,CLOSED,0,TN
2026-06-25T15:25:17.816+00:00,1836.0,18361,3.5127,3.5073,3.5078,32.48,7.48,-2.893,0.0235,49.00,52.76,106.57,0x0000,NONE,CLOSED,CLOSED,0,TN
2026-06-25T15:25:17.941+00:00,1837.0,18371,3.5049,3.5024,3.5032,32.62,7.62,-2.924,0.0262,48.97,52.75,106.59,0x0000,NONE,CLOSED,CLOSED,0,TN
2026-06-25T15:25:18.066+00:00,1838.0,18381,3.5085,3.5069,3.5059,32.54,7.54,-2.905,0.0232,48.94,52.67,106.54,0x0000,NONE,CLOSED,CLOSED,0,TN
2026-06-25T15:25:18.190+00:00,1839.0,18391,3.5085,3.5110,3.5246,32.60,7.60,-2.905,0.0141,48.92,52.70,106.59,0x0000,NONE,CLOSED,CLOSED,0,TN
2026-06-25T15:25:18.316+00:00,1840.0,18401,3.5031,3.4945,3.5018,32.53,7.53,-2.888,0.0255,48.89,52.62,106.53,0x0000,NONE,CLOSED,CLOSED,0,TN
2026-06-25T15:25:18.441+00:00,1841.0,18411,3.5106,3.5144,3.4966,32.58,7.58,-2.891,0.0175,48.86,52.59,106.53,0x0000,NONE,CLOSED,CLOSED,0,TN
2026-06-25T15:25:18.576+00:00,1842.0,18421,3.5048,3.4968,3.4997,32.48,7.48,-2.908,0.0113,48.83,52.55,106.52,0x0000,NONE,CLOSED,CLOSED,0,TN
2026-06-25T15:25:18.691+00:00,1843.0,18431,3.5067,3.5089,3.5139,32.55,7.55,-2.894,0.0270,48.81,52.54,106.54,0x0000,NONE,CLOSED,CLOSED,0,TN
