type,start_time,ambient_temperature,battery_id,test_id,uid,filename,Capacity,Re,Rct
charge,[2.0080e+03 4.0000e+00 2.0000e+00 1.3000e+01 8.0000e+00 1.7921e+01],24,B0005,0,5121,05121.csv,,,
discharge,[2.0080e+03 4.0000e+00 2.0000e+00 1.5000e+01 2.5000e+01 4.1593e+01],24,B0005,1,5122,05122.csv,1.8564874208181574,,
charge,[2.0080e+03 4.0000e+00 2.0000e+00 1.6000e+01 3.7000e+01 5.1984e+01],24,B0005,2,5123,05123.csv,,,
discharge,[2.0080e+03 4.0000e+00 2.0000e+00 1.9000e+01 4.3000e+01 4.8406e+01],24,B0005,3,5124,05124.csv,1.846327249719927,,
charge,[2.0080e+03 4.0000e+00 2.0000e+00 2.0000e+01 5.5000e+01 4.0812e+01],24,B0005,4,5125,05125.csv,,,
discharge,[2.008e+03 4.000e+00 3.000e+00 0.000e+00 1.000e+00 6.687e+00],24,B0005,5,5126,05126.csv,1.8353491942234077,,
charge,[2.0080e+03 4.0000e+00 3.0000e+00 1.0000e+00 1.2000e+01 3.8671e+01],24,B0005,6,5127,05127.csv,,,
discharge,[2008.       4.       3.       4.      16.      37.375],24,B0005,7,5128,05128.csv,1.8352625275821128,,
charge,[2008.       4.       3.       5.      27.      49.125],24,B0005,8,5129,05129.csv,,,
discharge,[2008.       4.       3.       8.      33.      25.703],24,B0005,9,5130,05130.csv,1.8346455082120419,,
charge,[2008.       4.       3.       9.      44.      35.078],24,B0005,10,5131,05131.csv,,,
discharge,[2008.       4.       3.      12.      55.      10.687],24,B0005,11,5132,05132.csv,1.8356616600675495,,
charge,[2008.       4.       3.      14.       6.      43.234],24,B0005,12,5133,05133.csv,,,
discharge,[2008.       4.       3.      17.      17.      16.015],24,B0005,13,5134,05134.csv,1.8351461429226603,,
charge,[2008.       4.       3.      18.      28.      47.125],24,B0005,14,5135,05135.csv,,,
discharge,[2008.       4.       3.      21.      28.      14.718],24,B0005,15,5136,05136.csv,1.8257567905665537,,
charge,[2008.       4.       3.      22.      38.      27.453],24,B0005,16,5137,05137.csv,,,
discharge,[2.0080e+03 4.0000e+00 4.0000e+00 1.0000e+00 3.8000e+01 1.5218e+01],24,B0005,17,5138,05138.csv,1.8247738529891333,,
charge,[2.008e+03 4.000e+00 4.000e+00 2.000e+00 4.800e+01 6.156e+00],24,B0005,18,5139,05139.csv,,,
discharge,[2008.       4.       4.       5.      48.       8.609],24,B0005,19,5140,05140.csv,1.824613268496936,,
charge,[2.008e+03 4.000e+00 4.000e+00 6.000e+00 5.800e+01 2.960e-01],24,B0005,20,5141,05141.csv,,,
discharge,[2008.       4.       4.       9.      57.      19.765],24,B0005,21,5142,05142.csv,1.8246195526864504,,
charge,[2008.       4.       4.      11.       6.      50.375],24,B0005,22,5143,05143.csv,,,
charge,[2008.       4.       4.      15.       5.      59.906],24,B0005,23,5144,05144.csv,,,
discharge,[2008.       4.       4.      17.      56.      27.609],24,B0005,24,5145,05145.csv,1.8142019357673917,,
charge,[2008.       4.       4.      19.       5.      19.234],24,B0005,25,5146,05146.csv,,,
discharge,[2.0080e+03 4.0000e+00 4.0000e+00 2.2000e+01 1.0000e+00 5.4671e+01],24,B0005,26,5147,05147.csv,1.8137521577549054,,
charge,[2008.       4.       4.      23.      10.      25.421],24,B0005,27,5148,05148.csv,,,
discharge,[2.0080e+03 4.0000e+00 5.0000e+00 2.0000e+00 2.0000e+01 2.6703e+01],24,B0005,28,5149,05149.csv,1.8134404914735822,,
charge,[2008.       4.       5.       3.      28.      57.234],24,B0005,29,5150,05150.csv,,,
discharge,[2.008e+03 4.000e+00 5.000e+00 6.000e+00 2.500e+01 1.890e+00],24,B0005,30,5151,05151.csv,1.8025980036306504,,
charge,[2008.       4.       5.       7.      33.      12.734],24,B0005,31,5152,05152.csv,,,
discharge,[2008.       4.       5.      10.      30.      32.312],24,B0005,32,5153,05153.csv,1.80210690024615,,
charge,[2008.      4.      5.     11.     38.     22.14],24,B0005,33,5154,05154.csv,,,
discharge,[2008.       4.       5.      14.      34.      41.468],24,B0005,34,5155,05155.csv,1.802579500826209,,
charge,[2008.       4.       5.      15.      42.      11.531],24,B0005,35,5156,05156.csv,,,
discharge,[2008.       4.       5.      18.      39.      25.218],24,B0005,36,5157,05157.csv,1.8030683142834096,,
charge,[2008.       4.       5.      19.      46.      36.125],24,B0005,37,5158,05158.csv,,,
discharge,[2008.       4.       5.      22.      46.      35.484],24,B0005,38,5159,05159.csv,1.8027776247196041,,
charge,[2008.      4.     18.     17.     34.     22.89],24,B0005,39,5160,05160.csv,,,
impedance,[2008.       4.      18.      20.      55.      29.859],24,B0005,40,5161,05161.csv,,0.04466870036616091,0.06945627304536996
discharge,[2008.       4.      18.      21.      10.      19.796],24,B0005,41,5162,05162.csv,1.8470259949329193,,
impedance,[2008.       4.      18.      22.      39.      16.312],24,B0005,42,5163,05163.csv,,0.04668700162486933,0.07627474098530587
charge,[2008.       4.      18.      22.      53.      58.343],24,B0005,43,5164,05164.csv,,,
impedance,[2.0080e+03 4.0000e+00 1.9000e+01 2.0000e+00 1.4000e+01 2.7015e+01],24,B0005,44,5165,05165.csv,,0.044843430573346096,0.0679720560130687
discharge,[2008    4   19    2   29    9],24,B0005,45,5166,05166.csv,1.847417311283644,,
impedance,[2008.       4.      19.       3.      57.      24.187],24,B0005,46,5167,05167.csv,,0.04619468955099375,0.07453388918437964
charge,[2008.       4.      19.       4.      12.       6.343],24,B0005,47,5168,05168.csv,,,
impedance,[2008.       4.      19.       7.      32.      33.656],24,B0005,48,5169,05169.csv,,0.04510114851143001,0.06852832896000328
discharge,[2008.       4.      19.       7.      47.      15.703],24,B0005,49,5170,05170.csv,1.8361774213478947,,
impedance,[2008.       4.      19.       9.      15.      10.453],24,B0005,50,5171,05171.csv,,0.04599074473076839,0.07342664108773311
charge,[2008.       4.      19.       9.      29.      52.703],24,B0005,51,5172,05172.csv,,,
impedance,[2.008e+03 4.000e+00 1.900e+01 1.200e+01 4.700e+01 4.210e-01],24,B0005,52,5173,05173.csv,,0.044172075577171746,0.06804449516996176
discharge,[2.0080e+03 4.0000e+00 1.9000e+01 1.3000e+01 1.0000e+00 4.2562e+01],24,B0005,53,5174,05174.csv,1.8257807475776242,,
impedance,[2008.       4.      19.      14.      28.      58.984],24,B0005,54,5175,05175.csv,,0.0452171085992494,0.07464778408413367
charge,[2008.       4.      19.      14.      43.      41.265],24,B0005,55,5176,05176.csv,,,
impedance,[2008.       4.      19.      18.      12.      47.531],24,B0005,56,5177,05177.csv,,0.043786628196075913,0.06845021227072765
discharge,[2008.       4.      19.      18.      27.      29.828],24,B0005,57,5178,05178.csv,1.8251136435078368,,
impedance,[2008.       4.      19.      19.      55.       5.296],24,B0005,58,5179,05179.csv,,0.04490994541365791,0.07395687603254197
charge,[2008.      4.     19.     20.      9.     47.75],24,B0005,59,5180,05180.csv,,,
impedance,[2008.       4.      19.      23.      27.      13.343],24,B0005,60,5181,05181.csv,,0.04463932198878524,0.0683410113732366
discharge,[2008.       4.      19.      23.      41.      55.687],24,B0005,61,5182,05182.csv,1.8255815042203762,,
impedance,[2.0080e+03 4.0000e+00 2.0000e+01 1.0000e+00 8.0000e+00 1.1406e+01],24,B0005,62,5183,05183.csv,,0.04717044086931744,0.07208112164479205
charge,[2.0080e+03 4.0000e+00 2.0000e+01 1.0000e+00 2.2000e+01 5.3953e+01],24,B0005,63,5184,05184.csv,,,
impedance,[2008.       4.      20.       4.      39.      59.296],24,B0005,64,5185,05185.csv,,0.043558785775475374,0.06868237655872211
discharge,[2008.       4.      20.       4.      54.      41.734],24,B0005,65,5186,05186.csv,1.8140311275083907,,
impedance,[2008.       4.      20.       6.      20.      57.125],24,B0005,66,5187,05187.csv,,0.04648969708635643,0.07102909339339247
charge,[2008.       4.      20.       6.      35.      39.765],24,B0005,67,5188,05188.csv,,,
impedance,[2.0080e+03 4.0000e+00 2.0000e+01 1.0000e+01 1.0000e+00 4.6156e+01],24,B0005,68,5189,05189.csv,,0.04526547818261783,0.0681437253042456
discharge,[2008.       4.      20.      10.      16.      28.859],24,B0005,69,5190,05190.csv,1.8147691941158939,,
impedance,[2008.       4.      20.      11.      42.      26.062],24,B0005,70,5191,05191.csv,,0.0463622366817154,0.07193029860543036
charge,[2008.       4.      20.      11.      57.       8.765],24,B0005,71,5192,05192.csv,,,
impedance,[2008.      4.     20.     15.     22.     22.64],24,B0005,72,5193,05193.csv,,0.044483715777434665,0.06782555719716843
discharge,[2008.       4.      20.      15.      37.       5.281],24,B0005,73,5194,05194.csv,1.813969388710352,,
impedance,[2.008e+03 4.000e+00 2.000e+01 1.700e+01 3.000e+00 1.140e+00],24,B0005,74,5195,05195.csv,,0.04482791300205649,0.07288826952758304
charge,[2008.       4.      20.      17.      17.      44.031],24,B0005,75,5196,05196.csv,,,
impedance,[2008.       4.      20.      20.      35.      56.187],24,B0005,76,5197,05197.csv,,0.04441416485910045,0.06885805241213436
discharge,[2008.       4.      20.      20.      50.      38.921],24,B0005,77,5198,05198.csv,1.802765665167823,,
impedance,[2008.       4.      20.      22.      16.      35.078],24,B0005,78,5199,05199.csv,,0.04466450679894579,0.0727868237536811
charge,[2008.       4.      20.      22.      31.      18.046],24,B0005,79,5200,05200.csv,,,
impedance,[2.0080e+03 4.0000e+00 2.1000e+01 2.0000e+00 0.0000e+00 1.9968e+01],24,B0005,80,5201,05201.csv,,0.04453544590029642,0.06779434699116274
discharge,[2.008e+03 4.000e+00 2.100e+01 2.000e+00 1.500e+01 2.921e+00],24,B0005,81,5202,05202.csv,1.804077040117352,,
impedance,[2008.       4.      21.       3.      26.      58.453],24,B0005,82,5203,05203.csv,,0.04502135245555801,0.06940408185539676
charge,[2008.       4.      21.      17.      51.      26.312],24,B0005,83,5204,05204.csv,,,
charge,[2008.       4.      22.      14.      15.      41.187],24,B0005,84,5205,05205.csv,,,
discharge,[2008.       4.      22.      15.      33.      49.875],24,B0005,85,5206,05206.csv,1.8518025516704486,,
impedance,[2008.       4.      22.      16.      33.       3.953],24,B0005,86,5207,05207.csv,,0.04610646564263781,0.07041083307756363
charge,[2008.       4.      22.      17.       4.      53.218],24,B0005,87,5208,05208.csv,,,
impedance,[2008.       4.      22.      19.      54.      32.265],24,B0005,88,5209,05209.csv,,0.04646251600050638,0.06993774302336724
discharge,[2008.       4.      22.      20.      26.      18.921],24,B0005,89,5210,05210.csv,1.8307038456739428,,
impedance,[2008.       4.      22.      21.      24.      34.484],24,B0005,90,5211,05211.csv,,0.04766732499763113,0.06870142026856427
charge,[2008.       4.      22.      21.      56.      21.406],24,B0005,91,5212,05212.csv,,,
impedance,[2008.       4.      23.       0.      46.      24.921],24,B0005,92,5213,05213.csv,,0.04772385451119983,0.06950417544214327
discharge,[2.0080e+03 4.0000e+00 2.3000e+01 1.0000e+00 1.8000e+01 1.1796e+01],24,B0005,93,5214,05214.csv,1.8199041089501267,,
impedance,[2.008e+03 4.000e+00 2.300e+01 2.000e+00 1.600e+01 8.578e+00],24,B0005,94,5215,05215.csv,,0.04786769518725868,0.06782851501053842
charge,[2.0080e+03 4.0000e+00 2.3000e+01 2.0000e+00 4.7000e+01 5.5453e+01],24,B0005,95,5216,05216.csv,,,
impedance,[2008.      4.     23.      5.     46.     32.89],24,B0005,96,5217,05217.csv,,0.04694022963323793,0.069661211991841
discharge,[2008.       4.      23.       6.      18.      19.921],24,B0005,97,5218,05218.csv,1.8093079637028517,,
impedance,[2008.       4.      23.       7.      16.       7.671],24,B0005,98,5219,05219.csv,,0.045613419083722975,0.0690386303340568
charge,[2008.       4.      23.       7.      47.      54.718],24,B0005,99,5220,05220.csv,,,
impedance,[2008.       4.      23.      10.      36.      13.156],24,B0005,100,5221,05221.csv,,0.04702798243208013,0.07112946749607083
discharge,[2.008e+03 4.000e+00 2.300e+01 1.100e+01 8.000e+00 3.120e-01],24,B0005,101,5222,05222.csv,1.80460990458052,,
impedance,[2008.       4.      23.      12.       5.      30.437],24,B0005,102,5223,05223.csv,,0.04672887233883059,0.06971129972921941
charge,[2008.       4.      23.      12.      37.      17.515],24,B0005,103,5224,05224.csv,,,
impedance,[2008.       4.      23.      15.      34.      37.843],24,B0005,104,5225,05225.csv,,0.047755380262671634,0.07167079612312527
discharge,[2008.       4.      23.      16.       6.      25.171],24,B0005,105,5226,05226.csv,1.7993770651972192,,
impedance,[2008.       4.      23.      17.       3.      55.484],24,B0005,106,5227,05227.csv,,0.04691622519628201,0.06913343554751465
charge,[2008.       4.      23.      17.      35.      42.828],24,B0005,107,5228,05228.csv,,,
impedance,[2008.      4.     23.     20.     31.     10.75],24,B0005,108,5229,05229.csv,,0.047022939446838434,0.06976696183555635
discharge,[2.0080e+03 4.0000e+00 2.3000e+01 2.1000e+01 2.0000e+00 5.8296e+01],24,B0005,109,5230,05230.csv,1.7884432335370462,,
impedance,[2008.       4.      23.      22.       0.      19.218],24,B0005,110,5231,05231.csv,,0.046604793185003,0.06852215228822905
charge,[2008.       4.      23.      22.      32.       6.671],24,B0005,111,5232,05232.csv,,,
impedance,[2.0080e+03 4.0000e+00 2.4000e+01 1.0000e+00 1.9000e+01 4.6171e+01],24,B0005,112,5233,05233.csv,,0.046245370477528074,0.0719248993978976
discharge,[2.008e+03 4.000e+00 2.400e+01 1.000e+00 5.100e+01 3.389e+01],24,B0005,113,5234,05234.csv,1.7829230484252723,,
impedance,[2.0080e+03 4.0000e+00 2.4000e+01 2.0000e+00 4.8000e+01 3.5687e+01],24,B0005,114,5235,05235.csv,,0.04683293993011124,0.06946896899621643
charge,[2008.       4.      24.       3.      20.      23.359],24,B0005,115,5236,05236.csv,,,
impedance,[2008.       4.      24.       6.      18.      12.171],24,B0005,116,5237,05237.csv,,0.04618610336751238,0.07193787056034481
discharge,[2.008e+03 4.000e+00 2.400e+01 6.000e+00 5.000e+01 3.100e-02],24,B0005,117,5238,05238.csv,1.7730337158018288,,
impedance,[2008.       4.      24.       7.      46.      53.906],24,B0005,118,5239,05239.csv,,0.04624136663986422,0.06934916902797013
charge,[2008.       4.      24.       8.      18.      41.703],24,B0005,119,5240,05240.csv,,,
impedance,[2008.       4.      24.      11.      17.      36.359],24,B0005,120,5241,05241.csv,,0.04773737014313117,0.0703395836124857
discharge,[2008.       4.      24.      11.      49.      24.281],24,B0005,121,5242,05242.csv,1.773037755078937,,
impedance,[2008.       4.      24.      12.      46.       8.171],24,B0005,122,5243,05243.csv,,0.049427483436388156,0.0695498357572787
charge,[2008.      4.     24.     13.     17.     56.25],24,B0005,123,5244,05244.csv,,,
impedance,[2008.       4.      24.      16.      14.       7.906],24,B0005,124,5245,05245.csv,,0.04838334154876506,0.06973812701544792
discharge,[2008.       4.      24.      16.      45.      56.015],24,B0005,125,5246,05246.csv,1.7678721106662054,,
impedance,[2008.       4.      24.      17.      42.      40.796],24,B0005,126,5247,05247.csv,,0.04747841688797767,0.06488297170955903
charge,[2008.       4.      24.      18.      14.      28.937],24,B0005,127,5248,05248.csv,,,
impedance,[2008.       4.      24.      21.       6.      22.828],24,B0005,128,5249,05249.csv,,0.048037510039299486,0.07012511424776673
discharge,[2008.       4.      24.      21.      38.      11.078],24,B0005,129,5250,05250.csv,1.7623150704093087,,
impedance,[2008.       4.      24.      22.      34.      45.921],24,B0005,130,5251,05251.csv,,0.047703621105183044,0.06859813037774799
charge,[2008.       4.      24.      23.       6.      34.156],24,B0005,131,5252,05252.csv,,,
impedance,[2.008e+03 4.000e+00 2.500e+01 1.000e+00 5.700e+01 7.593e+00],24,B0005,132,5253,05253.csv,,0.048086960073381944,0.0697134641311117
discharge,[2008.       4.      25.      12.       3.      44.093],24,B0005,133,5254,05254.csv,1.7676172924938447,,
charge,[2.0080e+03 4.0000e+00 2.5000e+01 1.7000e+01 2.0000e+00 3.5703e+01],24,B0005,134,5255,05255.csv,,,
discharge,[2008.       4.      25.      20.       3.      55.921],24,B0005,135,5256,05256.csv,1.762668359743147,,
impedance,[2008.       4.      25.      21.       0.      31.421],24,B0005,136,5257,05257.csv,,0.04815104655957722,0.06772207819825936
charge,[2008.       4.      25.      21.      32.      20.468],24,B0005,137,5258,05258.csv,,,
impedance,[2008.       4.      26.       0.      32.      46.968],24,B0005,138,5259,05259.csv,,0.04754728174038817,0.07318009891168203
discharge,[2.0080e+03 4.0000e+00 2.6000e+01 1.0000e+00 4.0000e+00 3.5718e+01],24,B0005,139,5260,05260.csv,1.7517304870664143,,
impedance,[2.0080e+03 4.0000e+00 2.6000e+01 2.0000e+00 0.0000e+00 5.2359e+01],24,B0005,140,5261,05261.csv,,0.04759013382319219,0.06914272874669278
charge,[2.0080e+03 4.0000e+00 2.6000e+01 2.0000e+00 3.2000e+01 4.1093e+01],24,B0005,141,5262,05262.csv,,,
impedance,[2008.       4.      26.       5.      25.      46.234],24,B0005,142,5263,05263.csv,,0.04764092098948851,0.07165247326552959
discharge,[2008.      4.     26.      5.     57.     35.14],24,B0005,143,5264,05264.csv,1.7418496047960008,,
impedance,[2008.       4.      26.       6.      53.      34.171],24,B0005,144,5265,05265.csv,,0.04764024061757782,0.06898277923910441
charge,[2008.       4.      26.       7.      25.      23.031],24,B0005,145,5266,05266.csv,,,
impedance,[2008.       4.      26.      10.      26.      36.718],24,B0005,146,5267,05267.csv,,0.04842436953177311,0.07249983749010006
discharge,[2008.       4.      26.      10.      58.      25.843],24,B0005,147,5268,05268.csv,1.7360913511847138,,
charge,[2008.       4.      28.      17.      20.      47.859],24,B0005,148,5269,05269.csv,,,
discharge,[2008.       4.      29.      12.      15.      56.953],24,B0005,149,5270,05270.csv,1.7936240148573608,,
impedance,[2008.       4.      29.      13.      12.      54.375],24,B0005,150,5271,05271.csv,,0.04893386185534073,0.06795990180113623
charge,[2008.       4.      29.      13.      44.      46.546],24,B0005,151,5272,05272.csv,,,
impedance,[2008.       4.      29.      16.      33.      38.281],24,B0005,152,5273,05273.csv,,0.04943074564871873,0.0701407541984291
discharge,[2008.       4.      29.      17.       5.      27.781],24,B0005,153,5274,05274.csv,1.7831890223273275,,
impedance,[2.0080e+03 4.0000e+00 2.9000e+01 1.8000e+01 2.0000e+00 2.1296e+01],24,B0005,154,5275,05275.csv,,0.049323007176718225,0.06895642914528509
charge,[2008.       4.      29.      18.      34.      10.656],24,B0005,155,5276,05276.csv,,,
impedance,[2008.      4.     29.     21.     28.     15.14],24,B0005,156,5277,05277.csv,,0.04974822543014387,0.07112993844977841
discharge,[2008.      4.     29.     22.      0.      4.75],24,B0005,157,5278,05278.csv,1.7673642076278957,,
impedance,[2008.       4.      29.      22.      56.      30.656],24,B0005,158,5279,05279.csv,,0.04912202877042455,0.06890956847456893
charge,[2008.       4.      29.      23.      28.      20.218],24,B0005,159,5280,05280.csv,,,
impedance,[2.008e+03 4.000e+00 3.000e+01 2.000e+00 1.200e+01 5.609e+00],24,B0005,160,5281,05281.csv,,0.04988486594475391,0.07198302765125617
discharge,[2.0080e+03 4.0000e+00 3.0000e+01 2.0000e+00 4.3000e+01 5.5312e+01],24,B0005,161,5282,05282.csv,1.7570177850353066,,
impedance,[2008.      4.     30.      3.     40.      3.39],24,B0005,162,5283,05283.csv,,0.047859449246718755,0.06977255608528674
charge,[2008.       4.      30.       4.      11.      53.078],24,B0005,163,5284,05284.csv,,,
impedance,[2008.       4.      30.       7.       9.      52.656],24,B0005,164,5285,05285.csv,,0.04921638093217895,0.07146374397937286
discharge,[2008.       4.      30.       7.      41.      42.578],24,B0005,165,5286,05286.csv,1.7468706179837907,,
impedance,[2008.       4.      30.       8.      37.      42.406],24,B0005,166,5287,05287.csv,,0.04887229013423192,0.06876809153866811
charge,[2008.       4.      30.       9.       9.      32.281],24,B0005,167,5288,05288.csv,,,
impedance,[2008.       4.      30.      11.      56.      59.203],24,B0005,168,5289,05289.csv,,0.04994593893656341,0.07088704261645878
discharge,[2008.       4.      30.      12.      28.      49.265],24,B0005,169,5290,05290.csv,1.7417172507457144,,
impedance,[2008.       4.      30.      13.      24.      39.734],24,B0005,170,5291,05291.csv,,0.048296439195350184,0.0673151471016695
charge,[2008.       4.      30.      13.      56.      29.843],24,B0005,171,5292,05292.csv,,,
impedance,[2008.       4.      30.      16.      48.      25.875],24,B0005,172,5293,05293.csv,,0.048969605147940264,0.07178168505217358
discharge,[2008.      4.     30.     17.     20.     16.14],24,B0005,173,5294,05294.csv,1.7364225056478186,,
impedance,[2008.      4.     30.     18.     16.      7.25],24,B0005,174,5295,05295.csv,,0.04814709226602492,0.0684158918231915
charge,[2008.      4.     30.     18.     47.     57.39],24,B0005,175,5296,05296.csv,,,
impedance,[2008.       4.      30.      21.      43.       3.656],24,B0005,176,5297,05297.csv,,0.05022937602514056,0.0718319241428618
discharge,[2008.       4.      30.      22.      14.      54.062],24,B0005,177,5298,05298.csv,1.7263217239235826,,
impedance,[2008.       4.      30.      23.      10.      36.859],24,B0005,178,5299,05299.csv,,0.04845430020206581,0.06777935051052719
charge,[2008.      4.     30.     23.     42.     27.25],24,B0005,179,5300,05300.csv,,,
impedance,[2.0080e+03 5.0000e+00 1.0000e+00 2.0000e+00 4.3000e+01 4.2562e+01],24,B0005,180,5301,05301.csv,,0.04971526662508074,0.07139027154395669
discharge,[2.008e+03 5.000e+00 1.000e+00 3.000e+00 1.500e+01 3.314e+01],24,B0005,181,5302,05302.csv,1.7158065389330133,,
impedance,[2.008e+03 5.000e+00 1.000e+00 4.000e+00 1.100e+01 7.078e+00],24,B0005,182,5303,05303.csv,,0.04868025293328389,0.06583444846364324
charge,[2.0080e+03 5.0000e+00 1.0000e+00 4.0000e+00 4.2000e+01 5.7703e+01],24,B0005,183,5304,05304.csv,,,
impedance,[2.0080e+03 5.0000e+00 1.0000e+00 7.0000e+00 4.4000e+01 1.2656e+01],24,B0005,184,5305,05305.csv,,0.04913216601843565,0.0724518691988788
discharge,[2.008e+03 5.000e+00 1.000e+00 8.000e+00 1.600e+01 3.343e+00],24,B0005,185,5306,05306.csv,1.710533351135192,,
impedance,[2.0080e+03 5.0000e+00 1.0000e+00 9.0000e+00 1.1000e+01 2.7593e+01],24,B0005,186,5307,05307.csv,,0.049918728983506716,0.06876463309502395
charge,[2.0080e+03 5.0000e+00 1.0000e+00 9.0000e+00 4.3000e+01 1.8359e+01],24,B0005,187,5308,05308.csv,,,
impedance,[2.0080e+03 5.0000e+00 1.0000e+00 1.2000e+01 4.2000e+01 3.4015e+01],24,B0005,188,5309,05309.csv,,0.04920968322529824,0.07304025099509703
discharge,[2.0080e+03 5.0000e+00 1.0000e+00 1.3000e+01 1.4000e+01 2.4875e+01],24,B0005,189,5310,05310.csv,1.706014499648521,,
impedance,[2.008e+03 5.000e+00 1.000e+00 1.400e+01 9.000e+00 5.064e+01],24,B0005,190,5311,05311.csv,,0.04943664953959982,0.06892300885560772
charge,[2.0080e+03 5.0000e+00 1.0000e+00 1.4000e+01 4.1000e+01 4.1578e+01],24,B0005,191,5312,05312.csv,,,
impedance,[2.0080e+03 5.0000e+00 1.0000e+00 1.7000e+01 3.9000e+01 2.0015e+01],24,B0005,192,5313,05313.csv,,0.04950631616559385,0.07251082944035009
discharge,[2.0080e+03 5.0000e+00 1.0000e+00 1.8000e+01 1.1000e+01 1.0984e+01],24,B0005,193,5314,05314.csv,1.7003110272642588,,
impedance,[2.0080e+03 5.0000e+00 1.0000e+00 1.9000e+01 6.0000e+00 2.6859e+01],24,B0005,194,5315,05315.csv,,0.04940333988784369,0.06864846238725138
charge,[2.0080e+03 5.0000e+00 1.0000e+00 1.9000e+01 3.8000e+01 1.7968e+01],24,B0005,195,5316,05316.csv,,,
impedance,[2.0080e+03 5.0000e+00 1.0000e+00 2.2000e+01 3.8000e+01 2.4062e+01],24,B0005,196,5317,05317.csv,,0.04865176277959679,0.07201762091170956
discharge,[2.0080e+03 5.0000e+00 1.0000e+00 2.3000e+01 1.0000e+01 1.5265e+01],24,B0005,197,5318,05318.csv,1.6945798601797895,,
impedance,[2.0080e+03 5.0000e+00 2.0000e+00 0.0000e+00 5.0000e+00 3.1015e+01],24,B0005,198,5319,05319.csv,,0.04915501980244644,0.06913086863703587
charge,[2.0080e+03 5.0000e+00 2.0000e+00 0.0000e+00 3.7000e+01 2.2234e+01],24,B0005,199,5320,05320.csv,,,
impedance,[2.0080e+03 5.0000e+00 2.0000e+00 3.0000e+00 2.1000e+01 4.3218e+01],24,B0005,200,5321,05321.csv,,0.04916575568371288,0.07316993618002728
discharge,[2.0080e+03 5.0000e+00 2.0000e+00 3.0000e+00 5.3000e+01 3.4765e+01],24,B0005,201,5322,05322.csv,1.6849029086609286,,
impedance,[2.0080e+03 5.0000e+00 2.0000e+00 4.0000e+00 4.8000e+01 3.3343e+01],24,B0005,202,5323,05323.csv,,0.04870161283727027,0.06859455507457586
charge,[2.0080e+03 5.0000e+00 2.0000e+00 5.0000e+00 2.0000e+01 2.4687e+01],24,B0005,203,5324,05324.csv,,,
impedance,[2.0080e+03 5.0000e+00 2.0000e+00 8.0000e+00 1.2000e+01 4.9328e+01],24,B0005,204,5325,05325.csv,,0.04923427342088277,0.07277120733743579
discharge,[2.0080e+03 5.0000e+00 2.0000e+00 8.0000e+00 4.4000e+01 4.0859e+01],24,B0005,205,5326,05326.csv,1.6744741591159717,,
impedance,[2.0080e+03 5.0000e+00 2.0000e+00 9.0000e+00 3.9000e+01 4.0343e+01],24,B0005,206,5327,05327.csv,,0.04885677345766941,0.06871570767989431
charge,[2.0080e+03 5.0000e+00 2.0000e+00 1.0000e+01 1.1000e+01 3.1921e+01],24,B0005,207,5328,05328.csv,,,
impedance,[2.0080e+03 5.0000e+00 2.0000e+00 1.3000e+01 1.1000e+01 1.3468e+01],24,B0005,208,5329,05329.csv,,0.0505475864921389,0.07270866794574943
discharge,[2.008e+03 5.000e+00 2.000e+00 1.300e+01 4.300e+01 5.093e+00],24,B0005,209,5330,05330.csv,1.6745692479879102,,
impedance,[2.0080e+03 5.0000e+00 2.0000e+00 1.4000e+01 3.7000e+01 5.5109e+01],24,B0005,210,5331,05331.csv,,0.0506497585783765,0.06853536104799454
charge,[2.0080e+03 5.0000e+00 2.0000e+00 1.5000e+01 9.0000e+00 4.6812e+01],24,B0005,211,5332,05332.csv,,,
impedance,[2.008e+03 5.000e+00 2.000e+00 1.800e+01 1.100e+01 3.593e+00],24,B0005,212,5333,05333.csv,,0.050118814742107526,0.07301041089661342
discharge,[2.0080e+03 5.0000e+00 2.0000e+00 1.9000e+01 7.0000e+00 4.8359e+01],24,B0005,213,5334,05334.csv,1.663716375981405,,
charge,[2.0080e+03 5.0000e+00 2.0000e+00 2.0000e+01 2.8000e+01 2.5781e+01],24,B0005,214,5335,05335.csv,,,
discharge,[2.0080e+03 5.0000e+00 2.0000e+00 2.3000e+01 2.4000e+01 1.7687e+01],24,B0005,215,5336,05336.csv,1.659013868748246,,
impedance,[2008.       5.       3.       0.      18.      59.734],24,B0005,216,5337,05337.csv,,0.04913242687695094,0.0693303248319639
charge,[2008.       5.       3.       0.      50.      52.187],24,B0005,217,5338,05338.csv,,,
impedance,[2008.       5.       3.       3.      41.      16.453],24,B0005,218,5339,05339.csv,,0.049792567319026114,0.07343650361620202
discharge,[2008.       5.       3.       4.      13.       8.609],24,B0005,219,5340,05340.csv,1.6538540573335014,,
impedance,[2008.       5.       3.       5.       7.      41.812],24,B0005,220,5341,05341.csv,,0.049633135916243465,0.06881429671018138
charge,[2008.       5.       3.       5.      39.      33.921],24,B0005,221,5342,05342.csv,,,
impedance,[2008.       5.       3.       8.      38.      27.484],24,B0005,222,5343,05343.csv,,0.049865378066600005,0.0732133898164959
discharge,[2008.       5.       3.       9.      10.      19.812],24,B0005,223,5344,05344.csv,1.642653782130131,,
impedance,[2008.       5.       3.      10.       4.      43.296],24,B0005,224,5345,05345.csv,,0.048921290356402275,0.06883931362761586
charge,[2008.       5.       3.      10.      36.      35.781],24,B0005,225,5346,05346.csv,,,
impedance,[2008.       5.       3.      13.      32.      41.671],24,B0005,226,5347,05347.csv,,0.049811932785538866,0.07459618605206403
discharge,[2008.       5.       3.      14.       4.      34.187],24,B0005,227,5348,05348.csv,1.6378578430223698,,
impedance,[2008.       5.       3.      14.      58.      49.093],24,B0005,228,5349,05349.csv,,0.04975125749803476,0.06863892419996058
charge,[2008.      5.      3.     15.     30.     41.64],24,B0005,229,5350,05350.csv,,,
impedance,[2008.       5.       3.      18.      26.      20.765],24,B0005,230,5351,05351.csv,,0.04850673488997184,0.07458309776342148
discharge,[2008.       5.       3.      18.      58.      13.468],24,B0005,231,5352,05352.csv,1.6327350407099108,,
impedance,[2008.       5.       3.      19.      52.      28.578],24,B0005,232,5353,05353.csv,,0.04915918196298162,0.06906734479973246
charge,[2008.       5.       3.      20.      24.      21.312],24,B0005,233,5354,05354.csv,,,
impedance,[2008.      5.      3.     23.     10.     37.25],24,B0005,234,5355,05355.csv,,0.050023074203339506,0.0736638387977965
discharge,[2008.       5.       3.      23.      42.      30.093],24,B0005,235,5356,05356.csv,1.6277528915533617,,
impedance,[2008.       5.       4.       0.      36.      36.703],24,B0005,236,5357,05357.csv,,0.04970808709656559,0.06830006146095657
charge,[2.0080e+03 5.0000e+00 4.0000e+00 1.0000e+00 8.0000e+00 2.9578e+01],24,B0005,237,5358,05358.csv,,,
impedance,[2008.       5.       4.       4.       9.      47.078],24,B0005,238,5359,05359.csv,,0.05020469043786587,0.07371885821597624
discharge,[2008    5    4    4   41   40],24,B0005,239,5360,05360.csv,1.622125485521159,,
impedance,[2008.       5.       4.       5.      35.      36.578],24,B0005,240,5361,05361.csv,,0.048950660803835325,0.06963267386152323
charge,[2008.       5.       4.       6.       7.      29.546],24,B0005,241,5362,05362.csv,,,
impedance,[2008.       5.       4.       9.       8.      18.734],24,B0005,242,5363,05363.csv,,0.04975857340773159,0.07465617760875586
discharge,[2008.       5.       4.       9.      40.      11.906],24,B0005,243,5364,05364.csv,1.6113256603765849,,
impedance,[2008.       5.       4.      10.      34.       8.906],24,B0005,244,5365,05365.csv,,0.049808396255372756,0.06902298762939403
charge,[2008.       5.       4.      11.       6.       2.078],24,B0005,245,5366,05366.csv,,,
impedance,[2008.       5.       4.      14.       6.      20.031],24,B0005,246,5367,05367.csv,,0.04968675503783295,0.07355425821939737
discharge,[2008.       5.       4.      14.      38.      13.359],24,B0005,247,5368,05368.csv,1.6065631397488385,,
impedance,[2.008e+03 5.000e+00 4.000e+00 1.500e+01 3.200e+01 1.953e+00],24,B0005,248,5369,05369.csv,,0.05059411389974348,0.06858328460478416
charge,[2008.       5.       4.      16.       3.      55.281],24,B0005,249,5370,05370.csv,,,
impedance,[2008.       5.       4.      19.       5.      14.343],24,B0005,250,5371,05371.csv,,0.04995005707049774,0.0746229428074614
discharge,[2008.      5.      4.     19.     37.      7.89],24,B0005,251,5372,05372.csv,1.6015142233917594,,
impedance,[2008.       5.       4.      20.      30.      47.687],24,B0005,252,5373,05373.csv,,0.04984421041201089,0.07014070107890119
charge,[2.0080e+03 5.0000e+00 4.0000e+00 2.1000e+01 2.0000e+00 4.1203e+01],24,B0005,253,5374,05374.csv,,,
impedance,[2.008e+03 5.000e+00 5.000e+00 0.000e+00 4.000e+00 2.500e-01],24,B0005,254,5375,05375.csv,,0.050282564251258356,0.07360391142336822
discharge,[2008.       5.       5.       0.      35.      53.968],24,B0005,255,5376,05376.csv,1.590369231400328,,
impedance,[2.0080e+03 5.0000e+00 5.0000e+00 1.0000e+00 2.9000e+01 2.4203e+01],24,B0005,256,5377,05377.csv,,0.05006270229203594,0.06979118038789997
charge,[2.008e+03 5.000e+00 5.000e+00 2.000e+00 1.000e+00 1.789e+01],24,B0005,257,5378,05378.csv,,,
impedance,[2008    5    5    4   56   20],24,B0005,258,5379,05379.csv,,0.04992007781904663,0.074642062777058
discharge,[2008.       5.       5.       5.      28.      13.937],24,B0005,259,5380,05380.csv,1.5857889968242211,,
impedance,[2008.       5.       5.       6.      21.      44.546],24,B0005,260,5381,05381.csv,,0.04921445916482306,0.06990836301107425
charge,[2008.       5.       5.       6.      53.      38.406],24,B0005,261,5382,05382.csv,,,
impedance,[2008.      5.      5.      9.     54.     58.25],24,B0005,262,5383,05383.csv,,0.05007996435013632,0.07547710929281527
discharge,[2008.     5.     5.    11.    41.    31.5],24,B0005,263,5384,05384.csv,1.5849430707374117,,
charge,[2008.       5.       5.      17.      40.      16.687],24,B0005,264,5385,05385.csv,,,
discharge,[2008.       5.       5.      20.      40.       8.562],24,B0005,265,5386,05386.csv,1.5955263892495937,,
impedance,[2008.      5.      5.     21.     33.     38.39],24,B0005,266,5387,05387.csv,,0.054692185026359336,0.07464599360022733
charge,[2008.     5.     5.    22.     5.    32.5],24,B0005,267,5388,05388.csv,,,
impedance,[2.0080e+03 5.0000e+00 6.0000e+00 1.0000e+00 6.0000e+00 5.2015e+01],24,B0005,268,5389,05389.csv,,0.05487320211540928,0.07934403644117197
discharge,[2.0080e+03 5.0000e+00 6.0000e+00 1.0000e+00 3.8000e+01 4.6265e+01],24,B0005,269,5390,05390.csv,1.5747301747801037,,
impedance,[2.0080e+03 5.0000e+00 6.0000e+00 2.0000e+00 3.1000e+01 5.9093e+01],24,B0005,270,5391,05391.csv,,0.05415675281078651,0.07505843667743599
charge,[2008.      5.      6.      3.      3.     53.39],24,B0005,271,5392,05392.csv,,,
impedance,[2008.       5.       6.       6.       5.      11.921],24,B0005,272,5393,05393.csv,,0.055240499862766274,0.08002359358228964
discharge,[2008.       5.       6.       6.      37.       6.296],24,B0005,273,5394,05394.csv,1.5649019950937946,,
impedance,[2008.       5.       6.       7.      30.      10.578],24,B0005,274,5395,05395.csv,,0.054542809780562286,0.07592379199991395
charge,[2.008e+03 5.000e+00 6.000e+00 8.000e+00 2.000e+00 5.062e+00],24,B0005,275,5396,05396.csv,,,
impedance,[2008.       5.       6.      10.      53.      26.531],24,B0005,276,5397,05397.csv,,0.055080368328742545,0.08045008161921993
discharge,[2008.       5.       6.      11.      25.      21.031],24,B0005,277,5398,05398.csv,1.5597659473370362,,
impedance,[2008.       5.       6.      12.      18.      26.171],24,B0005,278,5399,05399.csv,,0.053398671864258646,0.07562889610038578
charge,[2008.       5.       6.      12.      50.      20.781],24,B0005,279,5400,05400.csv,,,
impedance,[2008.       5.       6.      15.      51.      41.546],24,B0005,280,5401,05401.csv,,0.05484578494342528,0.08099527914390654
discharge,[2008.       5.       6.      16.      23.      36.296],24,B0005,281,5402,05402.csv,1.5594815668184234,,
impedance,[2008.       5.       6.      17.      16.      40.109],24,B0005,282,5403,05403.csv,,0.055453259476974714,0.0748392292244765
charge,[2008.       5.       6.      17.      48.      34.906],24,B0005,283,5404,05404.csv,,,
impedance,[2008.       5.       6.      20.      49.      54.421],24,B0005,284,5405,05405.csv,,0.05808949268604193,0.07900611376190819
discharge,[2008.       5.       6.      21.      21.      49.265],24,B0005,285,5406,05406.csv,1.55468935359061,,
impedance,[2008.       5.       6.      22.      14.      45.453],24,B0005,286,5407,05407.csv,,0.05703849864055661,0.07445419405660497
charge,[2008.       5.       6.      22.      46.      40.375],24,B0005,287,5408,05408.csv,,,
impedance,[2.0080e+03 5.0000e+00 7.0000e+00 1.0000e+00 4.5000e+01 3.0125e+01],24,B0005,288,5409,05409.csv,,0.05639999430512618,0.08181491967012575
discharge,[2.0080e+03 5.0000e+00 7.0000e+00 2.0000e+00 1.7000e+01 2.5156e+01],24,B0005,289,5410,05410.csv,1.5488741079890418,,
impedance,[2008.       5.       7.       3.      10.      20.671],24,B0005,290,5411,05411.csv,,0.056951772502699796,0.07706935596260868
charge,[2008.      5.      7.      3.     42.     15.75],24,B0005,291,5412,05412.csv,,,
impedance,[2008.       5.       7.       6.      32.       6.906],24,B0005,292,5413,05413.csv,,0.057159147914507935,0.08086696623694065
discharge,[2008.       5.       7.       7.       4.       2.109],24,B0005,293,5414,05414.csv,1.538236598942558,,
impedance,[2008.      5.      7.      7.     56.     39.25],24,B0005,294,5415,05415.csv,,0.05595864562729926,0.07609569637070202
charge,[2008.       5.       7.       8.      28.      34.453],24,B0005,295,5416,05416.csv,,,
impedance,[2008.       5.       7.      11.      29.      54.546],24,B0005,296,5417,05417.csv,,0.056998793862942924,0.08250100764416027
discharge,[2.0080e+03 5.0000e+00 7.0000e+00 1.2000e+01 1.0000e+00 4.9906e+01],24,B0005,297,5418,05418.csv,1.527914258251028,,
impedance,[2008.      5.      7.     12.     54.     18.25],24,B0005,298,5419,05419.csv,,0.05699010907560385,0.07648289029638874
charge,[2008.       5.       7.      13.      26.      13.671],24,B0005,299,5420,05420.csv,,,
impedance,[2008.       5.       7.      16.      27.      34.437],24,B0005,300,5421,05421.csv,,0.05791594677751306,0.08175057083151278
discharge,[2008.       5.       7.      16.      59.      29.937],24,B0005,301,5422,05422.csv,1.5285252629756445,,
impedance,[2008.       5.       7.      17.      51.      59.125],24,B0005,302,5423,05423.csv,,0.057000769180639774,0.07741124519885696
charge,[2008.       5.       7.      18.      23.      54.687],24,B0005,303,5424,05424.csv,,,
impedance,[2008    5    7   21   24   14],24,B0005,304,5425,05425.csv,,0.0585831887959693,0.08269416457353587
discharge,[2008.       5.       7.      21.      56.       9.656],24,B0005,305,5426,05426.csv,1.522647325284378,,
impedance,[2008.      5.      7.     22.     48.     38.75],24,B0005,306,5427,05427.csv,,0.05728256542976495,0.07692027721215688
charge,[2008.       5.       7.      23.      20.      34.515],24,B0005,307,5428,05428.csv,,,
impedance,[2.0080e+03 5.0000e+00 8.0000e+00 2.0000e+00 2.1000e+01 5.4109e+01],24,B0005,308,5429,05429.csv,,0.05684411239635824,0.082272625759776
discharge,[2.0080e+03 5.0000e+00 8.0000e+00 2.0000e+00 5.3000e+01 4.9937e+01],24,B0005,309,5430,05430.csv,1.5174859938489869,,
impedance,[2008.       5.       8.       3.      46.       9.968],24,B0005,310,5431,05431.csv,,0.0589529203196688,0.07735170203997428
impedance,[2008.       5.       9.      11.      53.      10.593],24,B0005,311,5432,05432.csv,,0.05667203462955093,0.08291573296417665
discharge,[2008    5    9   12   25    7],24,B0005,312,5433,05433.csv,1.605818899130659,,
impedance,[2008.       5.       9.      13.      19.      35.703],24,B0005,313,5434,05434.csv,,0.058223361510524915,0.07615092115486195
charge,[2008.       5.       9.      17.      26.      51.968],24,B0005,314,5435,05435.csv,,,
discharge,[2008.       5.       9.      20.      28.       9.734],24,B0005,315,5436,05436.csv,1.5638491446744425,,
impedance,[2008.       5.       9.      21.      21.       3.765],24,B0005,316,5437,05437.csv,,0.057798377106990255,0.07518971733166918
charge,[2.008e+03 5.000e+00 9.000e+00 2.100e+01 5.300e+01 2.810e-01],24,B0005,317,5438,05438.csv,,,
impedance,[2008.       5.      10.       0.      49.      59.984],24,B0005,318,5439,05439.csv,,0.05869361561103209,0.08099673983388944
discharge,[2.008e+03 5.000e+00 1.000e+01 1.000e+00 2.100e+01 5.650e+01],24,B0005,319,5440,05440.csv,1.5480915247767786,,
impedance,[2.0080e+03 5.0000e+00 1.0000e+01 2.0000e+00 1.4000e+01 4.2109e+01],24,B0005,320,5441,05441.csv,,0.0581005359089264,0.07604639902387582
charge,[2.0080e+03 5.0000e+00 1.0000e+01 2.0000e+00 4.6000e+01 3.8734e+01],24,B0005,321,5442,05442.csv,,,
impedance,[2008.       5.      10.       5.      46.      15.296],24,B0005,322,5443,05443.csv,,0.05687355099054793,0.08079234772463807
discharge,[2008    5   10    6   18   12],24,B0005,323,5444,05444.csv,1.5323755631868592,,
impedance,[2008.       5.      10.       7.      10.      49.593],24,B0005,324,5445,05445.csv,,0.057819391216989646,0.07620792252066097
charge,[2008.       5.      10.       7.      42.      46.312],24,B0005,325,5446,05446.csv,,,
impedance,[2008.       5.      10.      10.      44.       7.859],24,B0005,326,5447,05447.csv,,0.058401226760293384,0.0816166339541188
discharge,[2008.       5.      10.      11.      16.       4.843],24,B0005,327,5448,05448.csv,1.5269528268489705,,
impedance,[2008.       5.      10.      12.       8.      32.875],24,B0005,328,5449,05449.csv,,0.05729597585562558,0.07603115808018222
charge,[2008.      5.     10.     12.     40.     29.89],24,B0005,329,5450,05450.csv,,,
impedance,[2008.      5.     10.     15.     39.     59.14],24,B0005,330,5451,05451.csv,,0.05713926164978321,0.08203042743610463
discharge,[2008.       5.      10.      16.      11.      56.109],24,B0005,331,5452,05452.csv,1.5169573017136326,,
impedance,[2008.       5.      10.      17.       4.      16.015],24,B0005,332,5453,05453.csv,,0.057011915661303356,0.07793753101024108
charge,[2008.       5.      10.      17.      36.      13.062],24,B0005,333,5454,05454.csv,,,
impedance,[2008.       5.      10.      20.      35.      57.437],24,B0005,334,5455,05455.csv,,0.056846750542401,0.08430934905296765
discharge,[2008.       5.      10.      21.       7.      54.625],24,B0005,335,5456,05456.csv,1.5118975960142693,,
impedance,[2008.       5.      10.      22.       0.       5.781],24,B0005,336,5457,05457.csv,,0.05739160457574554,0.07732083011265528
charge,[2008.       5.      10.      22.      32.       2.937],24,B0005,337,5458,05458.csv,,,
impedance,[2.0080e+03 5.0000e+00 1.1000e+01 1.0000e+00 3.3000e+01 2.4437e+01],24,B0005,338,5459,05459.csv,,0.05971458306876328,0.08128077873787101
discharge,[2.0080e+03 5.0000e+00 1.1000e+01 2.0000e+00 5.0000e+00 2.1796e+01],24,B0005,339,5460,05460.csv,1.5065638960681105,,
impedance,[2.0080e+03 5.0000e+00 1.1000e+01 2.0000e+00 5.7000e+01 3.2984e+01],24,B0005,340,5461,05461.csv,,0.05669401159445664,0.07756322518442982
charge,[2008.       5.      11.       3.      29.      30.359],24,B0005,341,5462,05462.csv,,,
impedance,[2008.      5.     11.      6.     23.     30.25],24,B0005,342,5463,05463.csv,,0.057876489486257204,0.0827621596207595
discharge,[2008.       5.      11.       6.      55.      27.734],24,B0005,343,5464,05464.csv,1.5015453526671363,,
impedance,[2008.       5.      11.       7.      47.      30.468],24,B0005,344,5465,05465.csv,,0.05711363659055292,0.07889973426640497
charge,[2008.       5.      11.       8.      19.      27.953],24,B0005,345,5466,05466.csv,,,
impedance,[2008.       5.      11.      11.      20.      49.578],24,B0005,346,5467,05467.csv,,0.057106052592570886,0.08389339159553517
discharge,[2008.       5.      11.      11.      52.      47.187],24,B0005,347,5468,05468.csv,1.4908444050400238,,
impedance,[2008.       5.      11.      12.      44.      40.703],24,B0005,348,5469,05469.csv,,0.058410674041032944,0.07787942798165798
charge,[2008.      5.     11.     13.     16.     38.64],24,B0005,349,5470,05470.csv,,,
impedance,[2.008e+03 5.000e+00 1.100e+01 1.600e+01 1.800e+01 8.120e-01],24,B0005,350,5471,05471.csv,,0.05832440115222774,0.0823356083860003
discharge,[2008.       5.      11.      16.      49.      58.921],24,B0005,351,5472,05472.csv,1.485868384561201,,
impedance,[2008.       5.      11.      17.      41.      53.265],24,B0005,352,5473,05473.csv,,0.057206589538471034,0.07814181670188959
charge,[2008.       5.      11.      18.      13.      51.109],24,B0005,353,5474,05474.csv,,,
impedance,[2008.       5.      11.      21.      15.      14.843],24,B0005,354,5475,05475.csv,,0.05853988727737317,0.08259957408588693
discharge,[2008.       5.      11.      21.      47.      12.843],24,B0005,355,5476,05476.csv,1.480413677976106,,
impedance,[2008.       5.      11.      22.      38.      57.843],24,B0005,356,5477,05477.csv,,0.0568695950036647,0.07851971117292988
charge,[2008.       5.      11.      23.      10.      55.875],24,B0005,357,5478,05478.csv,,,
impedance,[2.008e+03 5.000e+00 1.200e+01 2.000e+00 5.000e+00 7.030e-01],24,B0005,358,5479,05479.csv,,0.057610002271573896,0.08361769407052744
discharge,[2.0080e+03 5.0000e+00 1.2000e+01 2.0000e+00 3.6000e+01 5.8921e+01],24,B0005,359,5480,05480.csv,1.4752095869031632,,
impedance,[2008.       5.      12.       3.      28.      34.484],24,B0005,360,5481,05481.csv,,0.05758927754908643,0.07858483851402417
charge,[2008.       5.      12.       4.       0.      32.718],24,B0005,361,5482,05482.csv,,,
impedance,[2008.       5.      12.      12.      24.      36.453],24,B0005,362,5483,05483.csv,,0.05687744083786221,0.08453629957179691
discharge,[2008.       5.      12.      12.      56.      34.781],24,B0005,363,5484,05484.csv,1.4859035988304024,,
impedance,[2008.      5.     12.     13.     48.     19.89],24,B0005,364,5485,05485.csv,,0.05841225795718409,0.07816622903600336
charge,[2008.      5.     12.     16.     11.     11.14],24,B0005,365,5486,05486.csv,,,
discharge,[2008.       5.      12.      18.      59.      59.453],24,B0005,366,5487,05487.csv,1.4960918298136696,,
impedance,[2008.       5.      12.      19.      51.      52.953],24,B0005,367,5488,05488.csv,,0.058982855797460765,0.07840869791471827
charge,[2008.       5.      12.      20.      23.      51.828],24,B0005,368,5489,05489.csv,,,
impedance,[2008.       5.      12.      23.      21.      19.078],24,B0005,369,5490,05490.csv,,0.06019789084807145,0.08377346645248043
discharge,[2008.       5.      12.      23.      53.      17.609],24,B0005,370,5491,05491.csv,1.4808005946928984,,
impedance,[2008.      5.     13.      0.     44.     53.25],24,B0005,371,5492,05492.csv,,0.05843281496253658,0.07878612106344238
charge,[2.0080e+03 5.0000e+00 1.3000e+01 1.0000e+00 1.6000e+01 5.1859e+01],24,B0005,372,5493,05493.csv,,,
impedance,[2008.      5.     13.      4.      3.     26.64],24,B0005,373,5494,05494.csv,,0.05988352416265757,0.08361156763608181
discharge,[2008.       5.      13.       4.      35.      25.359],24,B0005,374,5495,05495.csv,1.4697543268466824,,
impedance,[2008.       5.      13.       5.      26.      51.781],24,B0005,375,5496,05496.csv,,0.06081675929565647,0.08038388778322308
charge,[2008.       5.      13.       5.      58.      50.796],24,B0005,376,5497,05497.csv,,,
impedance,[2008.      5.     13.      8.     52.      5.89],24,B0005,377,5498,05498.csv,,0.058875120497055886,0.08370562422038381
discharge,[2008.       5.      13.       9.      24.       4.718],24,B0005,378,5499,05499.csv,1.4539012274845928,,
impedance,[2008.       5.      13.      10.      15.       2.906],24,B0005,379,5500,05500.csv,,0.058641305762534054,0.07856327599613487
charge,[2.008e+03 5.000e+00 1.300e+01 1.000e+01 4.700e+01 1.828e+00],24,B0005,380,5501,05501.csv,,,
impedance,[2008.       5.      13.      13.      48.      25.875],24,B0005,381,5502,05502.csv,,0.05844518592952695,0.0843513765148262
discharge,[2008.       5.      13.      14.      20.      24.937],24,B0005,382,5503,05503.csv,1.4541462067235693,,
impedance,[2008.       5.      13.      15.      11.      42.234],24,B0005,383,5504,05504.csv,,0.05925711282693887,0.08002743252583437
charge,[2008.       5.      13.      15.      43.      41.296],24,B0005,384,5505,05505.csv,,,
impedance,[2008.       5.      13.      18.      32.      21.281],24,B0005,385,5506,05506.csv,,0.06055121054997781,0.08328051476741821
discharge,[2008.       5.      13.      19.       4.      20.531],24,B0005,386,5507,05507.csv,1.455023751906683,,
impedance,[2008.       5.      13.      19.      55.      29.859],24,B0005,387,5508,05508.csv,,0.05877801771423867,0.07918337546950212
charge,[2008.       5.      13.      20.      27.      29.109],24,B0005,388,5509,05509.csv,,,
impedance,[2008.       5.      13.      23.      27.      26.625],24,B0005,389,5510,05510.csv,,0.05995025589217596,0.0831904359131708
discharge,[2008.       5.      13.      23.      59.      26.015],24,B0005,390,5511,05511.csv,1.449042163761236,,
impedance,[2008.      5.     14.      0.     50.     35.39],24,B0005,391,5512,05512.csv,,0.05835227769750316,0.07964710418735362
charge,[2.0080e+03 5.0000e+00 1.4000e+01 1.0000e+00 2.2000e+01 3.4765e+01],24,B0005,392,5513,05513.csv,,,
impedance,[2008.       5.      14.       4.      23.      57.968],24,B0005,393,5514,05514.csv,,0.05956501303684226,0.08487011380929321
discharge,[2008.       5.      14.       4.      55.      57.453],24,B0005,394,5515,05515.csv,1.4386709371480566,,
impedance,[2008.       5.      14.       5.      46.      58.078],24,B0005,395,5516,05516.csv,,0.058938187317504366,0.07953792065559018
charge,[2008.       5.      14.       6.      18.      57.625],24,B0005,396,5517,05517.csv,,,
impedance,[2008    5   14    9   20   22],24,B0005,397,5518,05518.csv,,0.059853349010250065,0.08473917663733575
discharge,[2008.       5.      14.       9.      52.      22.062],24,B0005,398,5519,05519.csv,1.433445432156979,,
impedance,[2008.       5.      14.      10.      43.      12.953],24,B0005,399,5520,05520.csv,,0.0584896827626018,0.07964370546866237
charge,[2008.       5.      14.      11.      15.      12.671],24,B0005,400,5521,05521.csv,,,
impedance,[2008.      5.     14.     14.      3.     22.75],24,B0005,401,5522,05522.csv,,0.05874548029308314,0.08711721350349075
discharge,[2008.       5.      14.      14.      35.      22.515],24,B0005,402,5523,05523.csv,1.4333958900838095,,
impedance,[2008.       5.      14.      15.      26.      13.546],24,B0005,403,5524,05524.csv,,0.06134060755888107,0.07733665024296885
charge,[2008.       5.      14.      15.      58.      13.406],24,B0005,404,5525,05525.csv,,,
impedance,[2008.      5.     14.     18.     59.     38.89],24,B0005,405,5526,05526.csv,,0.06083767084489383,0.08490902777488013
discharge,[2008.      5.     14.     19.     31.     39.39],24,B0005,406,5527,05527.csv,1.42806487344776,,
impedance,[2008.      5.     14.     20.     22.     30.64],24,B0005,407,5528,05528.csv,,0.05834271794334396,0.07994246159333938
charge,[2008.       5.      14.      20.      54.      30.671],24,B0005,408,5529,05529.csv,,,
impedance,[2008.       5.      14.      23.      55.      55.406],24,B0005,409,5530,05530.csv,,0.05993762786815949,0.08479950183605617
discharge,[2008.       5.      15.       0.      27.      55.625],24,B0005,410,5531,05531.csv,1.4229203181741186,,
impedance,[2.008e+03 5.000e+00 1.500e+01 1.000e+00 1.800e+01 3.789e+01],24,B0005,411,5532,05532.csv,,0.05979534226516758,0.07964682734703848
charge,[2.0080e+03 5.0000e+00 1.5000e+01 1.0000e+00 5.0000e+01 3.8062e+01],24,B0005,412,5533,05533.csv,,,
impedance,[2008.       5.      15.       4.      52.       4.609],24,B0005,413,5534,05534.csv,,0.05959588691816853,0.08518775171680287
discharge,[2008.      5.     15.      5.     24.      4.89],24,B0005,414,5535,05535.csv,1.417429032731308,,
impedance,[2008.       5.      15.       6.      14.      38.093],24,B0005,415,5536,05536.csv,,0.05920398197966059,0.08007181105183933
charge,[2008.     5.    15.     6.    46.    38.5],24,B0005,416,5537,05537.csv,,,
impedance,[2008.       5.      15.       9.      48.       3.453],24,B0005,417,5538,05538.csv,,0.058400743519397356,0.08632938236969102
discharge,[2008.       5.      15.      10.      20.       3.875],24,B0005,418,5539,05539.csv,1.412409228794446,,
impedance,[2008.       5.      15.      11.      10.      28.328],24,B0005,419,5540,05540.csv,,0.06134389439332634,0.07989290542746168
charge,[2008.       5.      15.      11.      42.      28.859],24,B0005,420,5541,05541.csv,,,
impedance,[2008.       5.      15.      14.      38.      58.781],24,B0005,421,5542,05542.csv,,0.06260506440345279,0.08502111899525971
discharge,[2008.       5.      15.      15.      10.      59.437],24,B0005,422,5543,05543.csv,1.412578792940193,,
impedance,[2.008e+03 5.000e+00 1.500e+01 1.600e+01 1.000e+00 2.339e+01],24,B0005,423,5544,05544.csv,,0.05881986188457543,0.07914854798469835
charge,[2008.       5.      15.      16.      33.      24.093],24,B0005,424,5545,05545.csv,,,
impedance,[2008.       5.      15.      19.      24.      46.593],24,B0005,425,5546,05546.csv,,0.06115195391732467,0.08485577620272611
discharge,[2008.      5.     15.     19.     56.     47.39],24,B0005,426,5547,05547.csv,1.4075983731469897,,
impedance,[2008.       5.      15.      20.      47.      12.406],24,B0005,427,5548,05548.csv,,0.060462461899175826,0.08092668356466791
charge,[2008.       5.      15.      21.      19.      13.234],24,B0005,428,5549,05549.csv,,,
impedance,[2008.       5.      16.       0.       9.      33.937],24,B0005,429,5550,05550.csv,,0.059630601199984506,0.0850345675980089
discharge,[2008.       5.      16.      16.      54.      59.812],24,B0005,430,5551,05551.csv,1.4333920485221476,,
charge,[2008.       5.      16.      18.      43.      58.906],24,B0005,431,5552,05552.csv,,,
discharge,[2008.       5.      16.      21.      37.      39.671],24,B0005,432,5553,05553.csv,1.4382550176792908,,
impedance,[2008.       5.      16.      22.      28.      31.078],24,B0005,433,5554,05554.csv,,0.06160738568225919,0.08020127504914304
charge,[2008.       5.      16.      23.       0.      32.515],24,B0005,434,5555,05555.csv,,,
impedance,[2.0080e+03 5.0000e+00 1.7000e+01 2.0000e+00 0.0000e+00 1.2656e+01],24,B0005,435,5556,05556.csv,,0.060986669920577066,0.08583976882422588
discharge,[2.0080e+03 5.0000e+00 1.7000e+01 2.0000e+00 3.2000e+01 1.3968e+01],24,B0005,436,5557,05557.csv,1.4173547174485526,,
impedance,[2008.       5.      17.       3.      22.      47.796],24,B0005,437,5558,05558.csv,,0.060802701783849895,0.08185255727094856
charge,[2008.       5.      17.       3.      54.      49.125],24,B0005,438,5559,05559.csv,,,
impedance,[2008.       5.      17.       6.      53.      18.328],24,B0005,439,5560,05560.csv,,0.06100425704109886,0.08588436114872877
discharge,[2008.       5.      17.       7.      25.      19.906],24,B0005,440,5561,05561.csv,1.406981663677643,,
impedance,[2008.       5.      17.       8.      15.      45.265],24,B0005,441,5562,05562.csv,,0.06147075614169803,0.08170752156365965
charge,[2008.       5.      17.       8.      47.      46.703],24,B0005,442,5563,05563.csv,,,
impedance,[2008.       5.      17.      11.      49.      14.296],24,B0005,443,5564,05564.csv,,0.06232914782727364,0.08822161138920462
discharge,[2008.      5.     17.     12.     21.     15.89],24,B0005,444,5565,05565.csv,1.4012037783587625,,
impedance,[2008.       5.      17.      13.      11.      30.687],24,B0005,445,5566,05566.csv,,0.062141039518508724,0.08177099146255969
charge,[2008.       5.      17.      13.      43.      32.281],24,B0005,446,5567,05567.csv,,,
impedance,[2008.       5.      17.      16.      43.      35.437],24,B0005,447,5568,05568.csv,,0.061502762788551504,0.0872699062901812
discharge,[2008.       5.      17.      17.      15.      37.281],24,B0005,448,5569,05569.csv,1.3967008232726328,,
impedance,[2008.       5.      17.      18.       5.      53.796],24,B0005,449,5570,05570.csv,,0.059631149799839814,0.08257600572707498
charge,[2008.       5.      17.      18.      37.      55.593],24,B0005,450,5571,05571.csv,,,
impedance,[2008.       5.      17.      21.      38.      49.296],24,B0005,451,5572,05572.csv,,0.06141907994833745,0.08720378292525818
discharge,[2008.       5.      17.      22.      10.      51.218],24,B0005,452,5573,05573.csv,1.391284788852726,,
impedance,[2008.       5.      17.      23.       0.      48.453],24,B0005,453,5574,05574.csv,,0.061083512551729904,0.08239994758407483
charge,[2008.       5.      17.      23.      32.      50.468],24,B0005,454,5575,05575.csv,,,
impedance,[2.0080e+03 5.0000e+00 1.8000e+01 2.0000e+00 3.3000e+01 1.7109e+01],24,B0005,455,5576,05576.csv,,0.06121665145307191,0.0872819262712242
discharge,[2008.       5.      18.       3.       5.      19.265],24,B0005,456,5577,05577.csv,1.3862287677978349,,
impedance,[2008.       5.      18.       3.      55.      17.546],24,B0005,457,5578,05578.csv,,0.06148387399714281,0.08269579716686087
charge,[2008.       5.      18.       4.      27.      19.656],24,B0005,458,5579,05579.csv,,,
impedance,[2008    5   18    7   28   48],24,B0005,459,5580,05580.csv,,0.062704070176938,0.08679111809854424
discharge,[2008.       5.      18.       8.       0.      50.421],24,B0005,460,5581,05581.csv,1.3804366761974138,,
impedance,[2008.       5.      18.       8.      50.      48.718],24,B0005,461,5582,05582.csv,,0.0617088861822979,0.08329169748855401
charge,[2008.       5.      18.       9.      22.      51.046],24,B0005,462,5583,05583.csv,,,
impedance,[2008    5   18   12   12   46],24,B0005,463,5584,05584.csv,,0.06172613583587411,0.0883779260119075
discharge,[2008.       5.      18.      12.      44.      48.437],24,B0005,464,5585,05585.csv,1.3752364150256224,,
impedance,[2008.       5.      18.      13.      34.      37.281],24,B0005,465,5586,05586.csv,,0.06088889899741356,0.08311038310685015
charge,[2008.       5.      18.      14.       6.      39.921],24,B0005,466,5587,05587.csv,,,
impedance,[2008.       5.      18.      17.       4.      27.234],24,B0005,467,5588,05588.csv,,0.06185223703499693,0.08697922184678317
discharge,[2008.       5.      18.      17.      36.      29.734],24,B0005,468,5589,05589.csv,1.3705128024895008,,
impedance,[2008.       5.      18.      18.      26.      10.015],24,B0005,469,5590,05590.csv,,0.06106743458543022,0.08375435203587812
charge,[2008.       5.      18.      18.      58.      12.609],24,B0005,470,5591,05591.csv,,,
impedance,[2008.       5.      18.      21.      59.      40.796],24,B0005,471,5592,05592.csv,,0.06310358102659182,0.08852234569242505
discharge,[2008.       5.      18.      22.      31.      45.515],24,B0005,472,5593,05593.csv,1.3705085566270399,,
impedance,[2008.       5.      18.      23.      21.      28.437],24,B0005,473,5594,05594.csv,,0.06084445004689351,0.08308225537417147
charge,[2008.       5.      18.      23.      53.      33.781],24,B0005,474,5595,05595.csv,,,
impedance,[2.008e+03 5.000e+00 1.900e+01 2.000e+00 5.500e+01 2.843e+00],24,B0005,475,5596,05596.csv,,0.06228746060457266,0.08923087570947913
discharge,[2008.       5.      19.       3.      27.       7.765],24,B0005,476,5597,05597.csv,1.3647355108681518,,
impedance,[2008.       5.      19.       4.      16.      50.453],24,B0005,477,5598,05598.csv,,0.06351594916063175,0.08411816433198452
charge,[2008.       5.      19.       4.      48.      55.437],24,B0005,478,5599,05599.csv,,,
impedance,[2008.       5.      19.       7.      49.      12.843],24,B0005,479,5600,05600.csv,,0.06270549893166993,0.08838724457648714
discharge,[2008.       5.      19.      15.      34.      33.625],24,B0005,480,5601,05601.csv,1.375392016895762,,
charge,[2008.       5.      19.      17.      58.      12.687],24,B0005,481,5602,05602.csv,,,
discharge,[2008.       5.      19.      20.      59.      48.437],24,B0005,482,5603,05603.csv,1.3861115151535393,,
charge,[2008.      5.     19.     22.      8.     37.25],24,B0005,483,5604,05604.csv,,,
discharge,[2.0080e+03 5.0000e+00 2.0000e+01 1.0000e+00 1.6000e+01 4.2609e+01],24,B0005,484,5605,05605.csv,1.3698500035838939,,
impedance,[2.0080e+03 5.0000e+00 2.0000e+01 2.0000e+00 6.0000e+00 3.2234e+01],24,B0005,485,5606,05606.csv,,0.05609876336075707,0.0751803131352498
charge,[2.0080e+03 5.0000e+00 2.0000e+01 2.0000e+00 3.8000e+01 3.5343e+01],24,B0005,486,5607,05607.csv,,,
impedance,[2008    5   20    5   40    3],24,B0005,487,5608,05608.csv,,0.053286381622558374,0.08156856568421471
discharge,[2008.       5.      20.       6.      12.       6.265],24,B0005,488,5609,05609.csv,1.3647827949260758,,
impedance,[2.008e+03 5.000e+00 2.000e+01 7.000e+00 1.000e+00 4.739e+01],24,B0005,489,5610,05610.csv,,0.05438777538615831,0.07604192318654494
charge,[2008.       5.      20.       7.      33.      50.828],24,B0005,490,5611,05611.csv,,,
impedance,[2008.       5.      20.      10.      35.      19.875],24,B0005,491,5612,05612.csv,,0.05293147474045376,0.08275693411495888
discharge,[2008.       5.      20.      11.       7.      23.453],24,B0005,492,5613,05613.csv,1.3543220466259964,,
impedance,[2008.       5.      20.      11.      56.      55.343],24,B0005,493,5614,05614.csv,,0.054476476622608364,0.07673140547029404
charge,[2008.       5.      20.      12.      28.      58.687],24,B0005,494,5615,05615.csv,,,
impedance,[2008.       5.      20.      15.      25.      23.625],24,B0005,495,5616,05616.csv,,0.05588929297745871,0.08226321054006082
discharge,[2008.       5.      20.      15.      57.      27.312],24,B0005,496,5617,05617.csv,1.3546417018378962,,
impedance,[2008.       5.      20.      16.      46.      59.765],24,B0005,497,5618,05618.csv,,0.05599607903184257,0.07651440849093617
charge,[2008.       5.      20.      17.      19.       3.375],24,B0005,498,5619,05619.csv,,,
impedance,[2008.       5.      20.      20.      18.      35.187],24,B0005,499,5620,05620.csv,,0.05841778368115902,0.08029809490533976
discharge,[2008.       5.      20.      20.      50.      39.015],24,B0005,500,5621,05621.csv,1.3547039213192407,,
impedance,[2008.       5.      20.      21.      40.      11.843],24,B0005,501,5622,05622.csv,,0.052279965818119264,0.07486615123258515
charge,[2008.       5.      20.      22.      12.      15.984],24,B0005,502,5623,05623.csv,,,
impedance,[2.008e+03 5.000e+00 2.100e+01 1.000e+00 7.000e+00 3.514e+01],24,B0005,503,5624,05624.csv,,0.056411433170262516,0.0819223123309917
discharge,[2.0080e+03 5.0000e+00 2.1000e+01 1.0000e+00 3.9000e+01 3.8968e+01],24,B0005,504,5625,05625.csv,1.349314997503458,,
impedance,[2.008e+03 5.000e+00 2.100e+01 2.000e+00 2.900e+01 2.656e+00],24,B0005,505,5626,05626.csv,,0.05350804531294866,0.07610419438082021
charge,[2.008e+03 5.000e+00 2.100e+01 3.000e+00 1.000e+00 6.687e+00],24,B0005,506,5627,05627.csv,,,
impedance,[2008    5   21    5   52   23],24,B0005,507,5628,05628.csv,,0.05568015964086863,0.08177399086572994
discharge,[2008.       5.      21.       6.      24.      27.281],24,B0005,508,5629,05629.csv,1.3441891937970554,,
impedance,[2008.      5.     21.      7.     13.     41.25],24,B0005,509,5630,05630.csv,,0.053892806183993766,0.07778309560578801
charge,[2008.       5.      21.       7.      45.      45.343],24,B0005,510,5631,05631.csv,,,
impedance,[2.008e+03 5.000e+00 2.100e+01 1.000e+01 4.600e+01 1.953e+00],24,B0005,511,5632,05632.csv,,0.056210257603528525,0.08328067168438782
discharge,[2008.       5.      21.      11.      18.       6.015],24,B0005,512,5633,05633.csv,1.3389913790695755,,
impedance,[2008.       5.      21.      12.       7.      20.984],24,B0005,513,5634,05634.csv,,0.05500261254176024,0.0770552542641119
charge,[2008.       5.      21.      12.      39.      25.421],24,B0005,514,5635,05635.csv,,,
impedance,[2008.       5.      21.      15.      38.      16.546],24,B0005,515,5636,05636.csv,,0.05579452141186236,0.0829501208969064
discharge,[2008.       5.      21.      16.      10.      21.203],24,B0005,516,5637,05637.csv,1.3389145230206971,,
impedance,[2008.      5.     21.     16.     59.     36.14],24,B0005,517,5638,05638.csv,,0.055477936916064945,0.07700167355105111
charge,[2008.       5.      21.      17.      31.      40.671],24,B0005,518,5639,05639.csv,,,
impedance,[2008.       5.      21.      20.      30.       5.343],24,B0005,519,5640,05640.csv,,0.057799714665998925,0.08190303229216056
discharge,[2.008e+03 5.000e+00 2.100e+01 2.100e+01 2.000e+00 9.781e+00],24,B0005,520,5641,05641.csv,1.3340066759761655,,
impedance,[2008.       5.      21.      21.      51.      16.781],24,B0005,521,5642,05642.csv,,0.055131598162180676,0.07705565644815345
charge,[2008.       5.      21.      22.      23.      21.421],24,B0005,522,5643,05643.csv,,,
impedance,[2.0080e+03 5.0000e+00 2.2000e+01 1.0000e+00 1.0000e+01 5.4593e+01],24,B0005,523,5644,05644.csv,,0.05577529472858128,0.08294674118422612
discharge,[2.0080e+03 5.0000e+00 2.2000e+01 1.0000e+00 4.2000e+01 5.9218e+01],24,B0005,524,5645,05645.csv,1.3286444309174914,,
impedance,[2.008e+03 5.000e+00 2.200e+01 2.000e+00 3.200e+01 6.250e+00],24,B0005,525,5646,05646.csv,,0.05581143896033036,0.07655193817591452
charge,[2008.       5.      22.       3.       4.      11.015],24,B0005,526,5647,05647.csv,,,
impedance,[2008.       5.      22.       6.       0.      35.953],24,B0005,527,5648,05648.csv,,0.056559391313402284,0.08237490117893426
discharge,[2008.       5.      22.       6.      32.      40.921],24,B0005,528,5649,05649.csv,1.3231708992276219,,
impedance,[2008.       5.      22.       7.      21.      37.921],24,B0005,529,5650,05650.csv,,0.05517339070760031,0.07730223904611441
charge,[2008.       5.      22.       7.      53.      42.703],24,B0005,530,5651,05651.csv,,,
impedance,[2008.       5.      22.      10.      51.      17.265],24,B0005,531,5652,05652.csv,,0.05334424687864744,0.08448562230827522
discharge,[2008.       5.      22.      11.      23.      22.187],24,B0005,532,5653,05653.csv,1.3181691588445197,,
impedance,[2008.       5.      22.      12.      12.      19.453],24,B0005,533,5654,05654.csv,,0.05620338276580351,0.07843574895859332
charge,[2008.       5.      22.      12.      44.      24.687],24,B0005,534,5655,05655.csv,,,
impedance,[2008.       5.      22.      15.      45.      53.515],24,B0005,535,5656,05656.csv,,0.056262478978249195,0.0830662312193171
discharge,[2008.      5.     22.     16.     17.     58.89],24,B0005,536,5657,05657.csv,1.3184664436640334,,
impedance,[2008.       5.      22.      17.       6.      57.515],24,B0005,537,5658,05658.csv,,0.054122848764169285,0.07853439066990606
charge,[2008.       5.      22.      17.      39.       2.953],24,B0005,538,5659,05659.csv,,,
impedance,[2008.       5.      22.      20.      27.      44.765],24,B0005,539,5660,05660.csv,,0.05339424998746291,0.08335635527903888
discharge,[2008.       5.      22.      20.      59.      50.203],24,B0005,540,5661,05661.csv,1.318293040102702,,
impedance,[2008.       5.      22.      21.      48.      39.015],24,B0005,541,5662,05662.csv,,0.05545823824882687,0.07866069372174239
charge,[2008.      5.     22.     22.     20.     44.39],24,B0005,542,5663,05663.csv,,,
impedance,[2008.       5.      23.      11.      41.      10.187],24,B0005,543,5664,05664.csv,,0.05854525235071128,0.08836885185980756
discharge,[2008.       5.      23.      12.      13.      16.359],24,B0005,544,5665,05665.csv,1.323872422244268,,
impedance,[2.0080e+03 5.0000e+00 2.3000e+01 1.3000e+01 2.0000e+00 1.5484e+01],24,B0005,545,5666,05666.csv,,0.057849417299627566,0.08078773867849699
charge,[2008.       5.      23.      17.      12.      57.796],24,B0005,546,5667,05667.csv,,,
discharge,[2008.       5.      23.      20.      14.      29.875],24,B0005,547,5668,05668.csv,1.3601216766554785,,
impedance,[2008.       5.      23.      21.       3.      54.921],24,B0005,548,5669,05669.csv,,0.05861499608457943,0.0815465143150512
charge,[2.008e+03 5.000e+00 2.300e+01 2.100e+01 3.600e+01 7.500e-01],24,B0005,549,5670,05670.csv,,,
impedance,[2008.       5.      24.       0.      37.      15.656],24,B0005,550,5671,05671.csv,,0.06142385686894261,0.08496390395839584
discharge,[2.0080e+03 5.0000e+00 2.4000e+01 1.0000e+00 9.0000e+00 2.1562e+01],24,B0005,551,5672,05672.csv,1.3395306867947354,,
impedance,[2.0080e+03 5.0000e+00 2.4000e+01 1.0000e+00 5.8000e+01 2.8718e+01],24,B0005,552,5673,05673.csv,,0.05514590684509453,0.08131922130895523
charge,[2.0080e+03 5.0000e+00 2.4000e+01 2.0000e+00 3.0000e+01 3.4593e+01],24,B0005,553,5674,05674.csv,,,
impedance,[2008.       5.      24.       5.      28.      14.078],24,B0005,554,5675,05675.csv,,0.05952338030179974,0.08720833121299235
discharge,[2008.       5.      24.       6.       0.      20.156],24,B0005,555,5676,05676.csv,1.3290286565120697,,
impedance,[2008.       5.      24.       6.      49.      19.062],24,B0005,556,5677,05677.csv,,0.060395218506932496,0.08118649064632041
charge,[2008.      5.     24.      7.     21.     25.14],24,B0005,557,5678,05678.csv,,,
impedance,[2008.       5.      24.      10.      10.      44.312],24,B0005,558,5679,05679.csv,,0.05926159085880675,0.08777868669454861
discharge,[2008.       5.      24.      10.      42.      50.484],24,B0005,559,5680,05680.csv,1.3236741274998955,,
impedance,[2008.       5.      24.      11.      31.      49.718],24,B0005,560,5681,05681.csv,,0.05837332151817875,0.08168688613354813
charge,[2008.       5.      24.      12.       3.      55.937],24,B0005,561,5682,05682.csv,,,
impedance,[2008.       5.      24.      14.      59.       4.171],24,B0005,562,5683,05683.csv,,0.05952378458944331,0.08843007755224046
discharge,[2008.       5.      24.      15.      31.      10.593],24,B0005,563,5684,05684.csv,1.318633896753293,,
impedance,[2.008e+03 5.000e+00 2.400e+01 1.600e+01 2.000e+01 1.515e+00],24,B0005,564,5685,05685.csv,,0.058915317530095296,0.08242888973447615
charge,[2008.       5.      24.      16.      52.       7.875],24,B0005,565,5686,05686.csv,,,
impedance,[2008.       5.      24.      19.      49.       7.109],24,B0005,566,5687,05687.csv,,0.05967664811705819,0.08584374973711092
discharge,[2008.       5.      24.      20.      21.      13.437],24,B0005,567,5688,05688.csv,1.3134751321324272,,
impedance,[2008.       5.      24.      21.      10.       4.265],24,B0005,568,5689,05689.csv,,0.05679308055986898,0.08277241951062583
charge,[2008.      5.     24.     21.     42.     10.75],24,B0005,569,5690,05690.csv,,,
impedance,[2008.      5.     25.      0.     34.     43.14],24,B0005,570,5691,05691.csv,,0.05975988463048883,0.08662483639594361
discharge,[2.0080e+03 5.0000e+00 2.5000e+01 1.0000e+00 6.0000e+00 4.9828e+01],24,B0005,571,5692,05692.csv,1.3132020634442203,,
impedance,[2.0080e+03 5.0000e+00 2.5000e+01 1.0000e+00 5.5000e+01 3.0531e+01],24,B0005,572,5693,05693.csv,,0.061548802456462645,0.08166650115809095
charge,[2.008e+03 5.000e+00 2.500e+01 2.000e+00 2.700e+01 3.725e+01],24,B0005,573,5694,05694.csv,,,
impedance,[2008.       5.      25.       5.      25.      11.093],24,B0005,574,5695,05695.csv,,0.05950259165745283,0.08636882918668189
discharge,[2008.      5.     25.      5.     57.     17.89],24,B0005,575,5696,05696.csv,1.3077959946944353,,
impedance,[2008.       5.      25.       6.      45.      59.203],24,B0005,576,5697,05697.csv,,0.05815785715365463,0.08076638409033879
charge,[2008.       5.      25.       7.      18.       6.015],24,B0005,577,5698,05698.csv,,,
impedance,[2008.       5.      25.      10.      19.      30.093],24,B0005,578,5699,05699.csv,,0.05955598055289399,0.08821831541627395
discharge,[2008.       5.      25.      10.      51.      37.015],24,B0005,579,5700,05700.csv,1.3030329186405918,,
impedance,[2008.       5.      25.      11.      40.       9.609],24,B0005,580,5701,05701.csv,,0.05998242374388253,0.08040837607181418
charge,[2008.       5.      25.      12.      12.      16.578],24,B0005,581,5702,05702.csv,,,
impedance,[2.008e+03 5.000e+00 2.500e+01 1.500e+01 5.000e+00 1.687e+00],24,B0005,582,5703,05703.csv,,0.05949136479118529,0.08873029794077426
discharge,[2008.      5.     25.     15.     37.      8.89],24,B0005,583,5704,05704.csv,1.3033573559038205,,
impedance,[2008.      5.     25.     16.     25.     42.25],24,B0005,584,5705,05705.csv,,0.06032121649663735,0.080340961111739
charge,[2008.       5.      25.      16.      57.      49.359],24,B0005,585,5706,05706.csv,,,
impedance,[2008.       5.      25.      19.      50.      54.953],24,B0005,586,5707,05707.csv,,0.06052114924707915,0.08753623977970666
discharge,[2008.       5.      25.      20.      23.       4.453],24,B0005,587,5708,05708.csv,1.3034100438655642,,
impedance,[2008.       5.      25.      21.      11.      31.515],24,B0005,588,5709,05709.csv,,0.05960681398165175,0.08219508357127864
charge,[2008.       5.      25.      21.      43.      40.953],24,B0005,589,5710,05710.csv,,,
impedance,[2008.       5.      26.       0.      40.      52.859],24,B0005,590,5711,05711.csv,,0.05982677899726283,0.08853801860235527
discharge,[2.008e+03 5.000e+00 2.600e+01 1.000e+00 1.300e+01 2.796e+00],24,B0005,591,5712,05712.csv,1.2978870806495706,,
impedance,[2.0080e+03 5.0000e+00 2.6000e+01 2.0000e+00 1.0000e+00 2.9328e+01],24,B0005,592,5713,05713.csv,,0.061154671315268125,0.0812995137183745
charge,[2.0080e+03 5.0000e+00 2.6000e+01 2.0000e+00 3.3000e+01 3.9031e+01],24,B0005,593,5714,05714.csv,,,
impedance,[2008.       5.      26.       5.      28.      58.109],24,B0005,594,5715,05715.csv,,0.057944393691446945,0.08890519876854222
discharge,[2.008e+03 5.000e+00 2.600e+01 6.000e+00 1.000e+00 8.171e+00],24,B0005,595,5716,05716.csv,1.2980735056918902,,
impedance,[2008.       5.      26.       6.      49.      35.046],24,B0005,596,5717,05717.csv,,0.05499483450370441,0.08325251281361706
charge,[2008.       5.      26.       7.      21.      44.953],24,B0005,597,5718,05718.csv,,,
impedance,[2008.       5.      26.      10.      12.      28.125],24,B0005,598,5719,05719.csv,,0.06175931225184275,0.0847212726764891
discharge,[2008.       5.      26.      10.      44.      38.468],24,B0005,599,5720,05720.csv,1.293463613844243,,
impedance,[2008.       5.      26.      11.      32.      56.968],24,B0005,600,5721,05721.csv,,0.058456129317427746,0.08270193673891646
charge,[2008.       5.      26.      12.       5.       7.078],24,B0005,601,5722,05722.csv,,,
impedance,[2008.       5.      26.      14.      58.      33.218],24,B0005,602,5723,05723.csv,,0.05898908039586478,0.08573621892771217
discharge,[2008.       5.      26.      15.      30.      43.968],24,B0005,603,5724,05724.csv,1.288003392619118,,
impedance,[2008.       5.      26.      16.      19.       2.828],24,B0005,604,5725,05725.csv,,0.05880084419395591,0.08236983437565949
charge,[2008.       5.      26.      16.      51.      13.375],24,B0005,605,5726,05726.csv,,,
impedance,[2008.       5.      26.      19.      48.      54.421],24,B0005,606,5727,05727.csv,,0.05763029720163586,0.08742389347930328
discharge,[2008.       5.      26.      20.      21.       4.921],24,B0005,607,5728,05728.csv,1.2874525221379407,,
impedance,[2008.      5.     26.     21.      9.     22.89],24,B0005,608,5729,05729.csv,,0.05898388938334406,0.08252211755101288
charge,[2008.       5.      26.      21.      41.      33.468],24,B0005,609,5730,05730.csv,,,
impedance,[2008.       5.      27.       0.      27.      55.562],24,B0005,610,5731,05731.csv,,0.057823749393303175,0.08975687046479841
discharge,[2008.       5.      27.      15.      52.      41.359],24,B0005,611,5732,05732.csv,1.3090153642307354,,
charge,[2008.       5.      27.      17.      53.      59.765],24,B0005,612,5733,05733.csv,,,
discharge,[2008.       5.      27.      20.      45.      42.125],24,B0005,613,5734,05734.csv,1.3250793286429356,,
impedance,[2008.      5.     27.     21.     34.     28.64],24,B0005,614,5735,05735.csv,,0.05003573195803179,0.07479234613687553
charge,[2008.       5.      28.      11.       9.      42.046],24,B0005,615,5736,05736.csv,,,
charge,[2.0080e+03 4.0000e+00 2.0000e+00 1.3000e+01 8.0000e+00 1.7921e+01],24,B0006,0,4505,04505.csv,,,
discharge,[2.0080e+03 4.0000e+00 2.0000e+00 1.5000e+01 2.5000e+01 4.1593e+01],24,B0006,1,4506,04506.csv,2.035337591005598,,
charge,[2.0080e+03 4.0000e+00 2.0000e+00 1.6000e+01 3.7000e+01 5.1984e+01],24,B0006,2,4507,04507.csv,,,
discharge,[2.0080e+03 4.0000e+00 2.0000e+00 1.9000e+01 4.3000e+01 4.8406e+01],24,B0006,3,4508,04508.csv,2.0251402460314116,,
charge,[2.0080e+03 4.0000e+00 2.0000e+00 2.0000e+01 5.5000e+01 4.0812e+01],24,B0006,4,4509,04509.csv,,,
discharge,[2.008e+03 4.000e+00 3.000e+00 0.000e+00 1.000e+00 6.687e+00],24,B0006,5,4510,04510.csv,2.013326371345464,,
charge,[2.0080e+03 4.0000e+00 3.0000e+00 1.0000e+00 1.2000e+01 3.8671e+01],24,B0006,6,4511,04511.csv,,,
discharge,[2008.       4.       3.       4.      16.      37.375],24,B0006,7,4512,04512.csv,2.0132846655407413,,
charge,[2008.       4.       3.       5.      27.      49.125],24,B0006,8,4513,04513.csv,,,
discharge,[2008.       4.       3.       8.      33.      25.703],24,B0006,9,4514,04514.csv,2.000528337624771,,
charge,[2008.       4.       3.       9.      44.      35.078],24,B0006,10,4515,04515.csv,,,
discharge,[2008.       4.       3.      12.      55.      10.687],24,B0006,11,4516,04516.csv,2.0138990759931645,,
charge,[2008.       4.       3.      14.       6.      43.234],24,B0006,12,4517,04517.csv,,,
discharge,[2008.       4.       3.      17.      17.      16.015],24,B0006,13,4518,04518.csv,2.013101105626967,,
charge,[2008.       4.       3.      18.      28.      47.125],24,B0006,14,4519,04519.csv,,,
discharge,[2008.       4.       3.      21.      28.      14.718],24,B0006,15,4520,04520.csv,1.9687898262728398,,
charge,[2008.       4.       3.      22.      38.      27.453],24,B0006,16,4521,04521.csv,,,
discharge,[2.0080e+03 4.0000e+00 4.0000e+00 1.0000e+00 3.8000e+01 1.5218e+01],24,B0006,17,4522,04522.csv,1.9681661764334244,,
charge,[2.008e+03 4.000e+00 4.000e+00 2.000e+00 4.800e+01 6.156e+00],24,B0006,18,4523,04523.csv,,,
discharge,[2008.       4.       4.       5.      48.       8.609],24,B0006,19,4524,04524.csv,1.9572307917560536,,
charge,[2.008e+03 4.000e+00 4.000e+00 6.000e+00 5.800e+01 2.960e-01],24,B0006,20,4525,04525.csv,,,
discharge,[2008.       4.       4.       9.      57.      19.765],24,B0006,21,4526,04526.csv,1.9455991514129352,,
charge,[2008.       4.       4.      11.       6.      50.375],24,B0006,22,4527,04527.csv,,,
charge,[2008.       4.       4.      15.       5.      59.906],24,B0006,23,4528,04528.csv,,,
discharge,[2008.       4.       4.      17.      56.      27.609],24,B0006,24,4529,04529.csv,1.9347505044841131,,
charge,[2008.       4.       4.      19.       5.      19.234],24,B0006,25,4530,04530.csv,,,
discharge,[2.0080e+03 4.0000e+00 4.0000e+00 2.2000e+01 1.0000e+00 5.4671e+01],24,B0006,26,4531,04531.csv,1.9232799539368028,,
charge,[2008.       4.       4.      23.      10.      25.421],24,B0006,27,4532,04532.csv,,,
discharge,[2.0080e+03 4.0000e+00 5.0000e+00 2.0000e+00 2.0000e+01 2.6703e+01],24,B0006,28,4533,04533.csv,1.911889930948487,,
charge,[2008.       4.       5.       3.      28.      57.234],24,B0006,29,4534,04534.csv,,,
discharge,[2.008e+03 4.000e+00 5.000e+00 6.000e+00 2.500e+01 1.890e+00],24,B0006,30,4535,04535.csv,1.9010667141979305,,
charge,[2008.       4.       5.       7.      33.      12.734],24,B0006,31,4536,04536.csv,,,
discharge,[2008.       4.       5.      10.      30.      32.312],24,B0006,32,4537,04537.csv,1.8891989948061458,,
charge,[2008.      4.      5.     11.     38.     22.14],24,B0006,33,4538,04538.csv,,,
discharge,[2008.       4.       5.      14.      34.      41.468],24,B0006,34,4539,04539.csv,1.878278372248849,,
charge,[2008.       4.       5.      15.      42.      11.531],24,B0006,35,4540,04540.csv,,,
discharge,[2008.       4.       5.      18.      39.      25.218],24,B0006,36,4541,04541.csv,1.8675697161520206,,
charge,[2008.       4.       5.      19.      46.      36.125],24,B0006,37,4542,04542.csv,,,
discharge,[2008.       4.       5.      22.      46.      35.484],24,B0006,38,4543,04543.csv,1.8675892574453767,,
charge,[2008.      4.     18.     17.     34.     22.89],24,B0006,39,4544,04544.csv,,,
impedance,[2008.       4.      18.      20.      55.      29.859],24,B0006,40,4545,04545.csv,,0.06123359021000344,0.0785415394665875
discharge,[2008.       4.      18.      21.      10.      19.796],24,B0006,41,4546,04546.csv,1.979626548250818,,
impedance,[2008.       4.      18.      22.      39.      16.312],24,B0006,42,4547,04547.csv,,0.06561684946388616,0.0886832084583472
charge,[2008.       4.      18.      22.      53.      58.343],24,B0006,43,4548,04548.csv,,,
impedance,[2.0080e+03 4.0000e+00 1.9000e+01 2.0000e+00 1.4000e+01 2.7015e+01],24,B0006,44,4549,04549.csv,,0.06062991544979002,0.07802409378290423
discharge,[2008    4   19    2   29    9],24,B0006,45,4550,04550.csv,1.9575499080884022,,
impedance,[2008.       4.      19.       3.      57.      24.187],24,B0006,46,4551,04551.csv,,0.0626250732462495,0.08533725531470857
charge,[2008.       4.      19.       4.      12.       6.343],24,B0006,47,4552,04552.csv,,,
impedance,[2008.       4.      19.       7.      32.      33.656],24,B0006,48,4553,04553.csv,,0.0608598716542857,0.07840240203025303
discharge,[2008.       4.      19.       7.      47.      15.703],24,B0006,49,4554,04554.csv,1.9458150170787551,,
impedance,[2008.       4.      19.       9.      15.      10.453],24,B0006,50,4555,04555.csv,,0.062249571082343746,0.08440849663820382
charge,[2008.       4.      19.       9.      29.      52.703],24,B0006,51,4556,04556.csv,,,
impedance,[2.008e+03 4.000e+00 1.900e+01 1.200e+01 4.700e+01 4.210e-01],24,B0006,52,4557,04557.csv,,0.06006450818180178,0.07807093382204865
discharge,[2.0080e+03 4.0000e+00 1.9000e+01 1.3000e+01 1.0000e+00 4.2562e+01],24,B0006,53,4558,04558.csv,1.9242461121680094,,
impedance,[2008.       4.      19.      14.      28.      58.984],24,B0006,54,4559,04559.csv,,0.062201023860373954,0.08437084638397113
charge,[2008.       4.      19.      14.      43.      41.265],24,B0006,55,4560,04560.csv,,,
impedance,[2008.       4.      19.      18.      12.      47.531],24,B0006,56,4561,04561.csv,,0.05913130853407464,0.07795570757873038
discharge,[2008.       4.      19.      18.      27.      29.828],24,B0006,57,4562,04562.csv,1.9459811331421641,,
impedance,[2008.       4.      19.      19.      55.       5.296],24,B0006,58,4563,04563.csv,,0.06207350175489952,0.0838418603746595
charge,[2008.      4.     19.     20.      9.     47.75],24,B0006,59,4564,04564.csv,,,
impedance,[2008.       4.      19.      23.      27.      13.343],24,B0006,60,4565,04565.csv,,0.06059698754511872,0.07938182566133384
discharge,[2008.       4.      19.      23.      41.      55.687],24,B0006,61,4566,04566.csv,1.901407930553079,,
impedance,[2.0080e+03 4.0000e+00 2.0000e+01 1.0000e+00 8.0000e+00 1.1406e+01],24,B0006,62,4567,04567.csv,,0.06200595535926761,0.08243346882486241
charge,[2.0080e+03 4.0000e+00 2.0000e+01 1.0000e+00 2.2000e+01 5.3953e+01],24,B0006,63,4568,04568.csv,,,
impedance,[2008.       4.      20.       4.      39.      59.296],24,B0006,64,4569,04569.csv,,0.0604355089729667,0.07949409294266127
discharge,[2008.       4.      20.       4.      54.      41.734],24,B0006,65,4570,04570.csv,1.878674213680085,,
impedance,[2008.       4.      20.       6.      20.      57.125],24,B0006,66,4571,04571.csv,,0.06251817310661875,0.08413790663872997
charge,[2008.       4.      20.       6.      35.      39.765],24,B0006,67,4572,04572.csv,,,
impedance,[2.0080e+03 4.0000e+00 2.0000e+01 1.0000e+01 1.0000e+00 4.6156e+01],24,B0006,68,4573,04573.csv,,0.0598822703747387,0.07871218357298479
discharge,[2008.       4.      20.      10.      16.      28.859],24,B0006,69,4574,04574.csv,1.8683061328264219,,
impedance,[2008.       4.      20.      11.      42.      26.062],24,B0006,70,4575,04575.csv,,0.060953270532872306,0.08269288603896705
charge,[2008.       4.      20.      11.      57.       8.765],24,B0006,71,4576,04576.csv,,,
impedance,[2008.      4.     20.     15.     22.     22.64],24,B0006,72,4577,04577.csv,,0.06058721482266893,0.07989533922911993
discharge,[2008.       4.      20.      15.      37.       5.281],24,B0006,73,4578,04578.csv,1.8560244070082998,,
impedance,[2.008e+03 4.000e+00 2.000e+01 1.700e+01 3.000e+00 1.140e+00],24,B0006,74,4579,04579.csv,,0.06236564071812447,0.08389054593182355
charge,[2008.       4.      20.      17.      17.      44.031],24,B0006,75,4580,04580.csv,,,
impedance,[2008.       4.      20.      20.      35.      56.187],24,B0006,76,4581,04581.csv,,0.06090836519034555,0.0797490751361702
discharge,[2008.       4.      20.      20.      50.      38.921],24,B0006,77,4582,04582.csv,1.8451997961855777,,
impedance,[2008.       4.      20.      22.      16.      35.078],24,B0006,78,4583,04583.csv,,0.0623876560738503,0.08427447476572261
charge,[2008.       4.      20.      22.      31.      18.046],24,B0006,79,4584,04584.csv,,,
impedance,[2.0080e+03 4.0000e+00 2.1000e+01 2.0000e+00 0.0000e+00 1.9968e+01],24,B0006,80,4585,04585.csv,,0.060369152473069135,0.08014506815871338
discharge,[2.008e+03 4.000e+00 2.100e+01 2.000e+00 1.500e+01 2.921e+00],24,B0006,81,4586,04586.csv,1.857228890885317,,
impedance,[2008.       4.      21.       3.      26.      58.453],24,B0006,82,4587,04587.csv,,0.06209144685667864,0.08164302964777198
charge,[2008.       4.      21.      17.      51.      26.312],24,B0006,83,4588,04588.csv,,,
charge,[2008.       4.      22.      14.      15.      41.187],24,B0006,84,4589,04589.csv,,,
discharge,[2008.       4.      22.      15.      33.      49.875],24,B0006,85,4590,04590.csv,1.9247760889090635,,
impedance,[2008.       4.      22.      16.      33.       3.953],24,B0006,86,4591,04591.csv,,0.06356536156604609,0.08150834385680611
charge,[2008.       4.      22.      17.       4.      53.218],24,B0006,87,4592,04592.csv,,,
impedance,[2008.       4.      22.      19.      54.      32.265],24,B0006,88,4593,04593.csv,,0.06232003183337441,0.08021169162372531
discharge,[2008.       4.      22.      20.      26.      18.921],24,B0006,89,4594,04594.csv,1.8822317526092551,,
impedance,[2008.       4.      22.      21.      24.      34.484],24,B0006,90,4595,04595.csv,,0.06294168193775251,0.08199172562670037
charge,[2008.       4.      22.      21.      56.      21.406],24,B0006,91,4596,04596.csv,,,
impedance,[2008.       4.      23.       0.      46.      24.921],24,B0006,92,4597,04597.csv,,0.06189122330035962,0.08120805787615462
discharge,[2.0080e+03 4.0000e+00 2.3000e+01 1.0000e+00 1.8000e+01 1.1796e+01],24,B0006,93,4598,04598.csv,1.855276687885587,,
impedance,[2.008e+03 4.000e+00 2.300e+01 2.000e+00 1.600e+01 8.578e+00],24,B0006,94,4599,04599.csv,,0.0628654066217946,0.08144682676052387
charge,[2.0080e+03 4.0000e+00 2.3000e+01 2.0000e+00 4.7000e+01 5.5453e+01],24,B0006,95,4600,04600.csv,,,
impedance,[2008.      4.     23.      5.     46.     32.89],24,B0006,96,4601,04601.csv,,0.06171642129064926,0.08150165216580176
discharge,[2008.       4.      23.       6.      18.      19.921],24,B0006,97,4602,04602.csv,1.8392508917181876,,
impedance,[2008.       4.      23.       7.      16.       7.671],24,B0006,98,4603,04603.csv,,0.06291524637705144,0.08277116642147596
charge,[2008.       4.      23.       7.      47.      54.718],24,B0006,99,4604,04604.csv,,,
impedance,[2008.       4.      23.      10.      36.      13.156],24,B0006,100,4605,04605.csv,,0.06199878481176484,0.08138761044036787
discharge,[2.008e+03 4.000e+00 2.300e+01 1.100e+01 8.000e+00 3.120e-01],24,B0006,101,4606,04606.csv,1.8185396073994429,,
impedance,[2008.       4.      23.      12.       5.      30.437],24,B0006,102,4607,04607.csv,,0.06307762333013402,0.08287146905081498
charge,[2008.       4.      23.      12.      37.      17.515],24,B0006,103,4608,04608.csv,,,
impedance,[2008.       4.      23.      15.      34.      37.843],24,B0006,104,4609,04609.csv,,0.06250406054880163,0.08169124692338582
discharge,[2008.       4.      23.      16.       6.      25.171],24,B0006,105,4610,04610.csv,1.8134770059567056,,
impedance,[2008.       4.      23.      17.       3.      55.484],24,B0006,106,4611,04611.csv,,0.0627995855607608,0.0818468337271938
charge,[2008.       4.      23.      17.      35.      42.828],24,B0006,107,4612,04612.csv,,,
impedance,[2008.      4.     23.     20.     31.     10.75],24,B0006,108,4613,04613.csv,,0.06201388686472383,0.08131610081343171
discharge,[2.0080e+03 4.0000e+00 2.3000e+01 2.1000e+01 2.0000e+00 5.8296e+01],24,B0006,109,4614,04614.csv,1.7971018450305436,,
impedance,[2008.       4.      23.      22.       0.      19.218],24,B0006,110,4615,04615.csv,,0.06308360062643197,0.08264257683503572
charge,[2008.       4.      23.      22.      32.       6.671],24,B0006,111,4616,04616.csv,,,
impedance,[2.0080e+03 4.0000e+00 2.4000e+01 1.0000e+00 1.9000e+01 4.6171e+01],24,B0006,112,4617,04617.csv,,0.06183019217410585,0.08120435160553863
discharge,[2.008e+03 4.000e+00 2.400e+01 1.000e+00 5.100e+01 3.389e+01],24,B0006,113,4618,04618.csv,1.7810046294120476,,
impedance,[2.0080e+03 4.0000e+00 2.4000e+01 2.0000e+00 4.8000e+01 3.5687e+01],24,B0006,114,4619,04619.csv,,0.06313290641362876,0.0837217579093773
charge,[2008.       4.      24.       3.      20.      23.359],24,B0006,115,4620,04620.csv,,,
impedance,[2008.       4.      24.       6.      18.      12.171],24,B0006,116,4621,04621.csv,,0.06282694657880761,0.08347157844651079
discharge,[2.008e+03 4.000e+00 2.400e+01 6.000e+00 5.000e+01 3.100e-02],24,B0006,117,4622,04622.csv,1.7710130422682329,,
impedance,[2008.       4.      24.       7.      46.      53.906],24,B0006,118,4623,04623.csv,,0.06336352421336121,0.0837975537463188
charge,[2008.       4.      24.       8.      18.      41.703],24,B0006,119,4624,04624.csv,,,
impedance,[2008.       4.      24.      11.      17.      36.359],24,B0006,120,4625,04625.csv,,0.06349817571333986,0.08385488671663242
discharge,[2008.       4.      24.      11.      49.      24.281],24,B0006,121,4626,04626.csv,1.7604712448170943,,
impedance,[2008.       4.      24.      12.      46.       8.171],24,B0006,122,4627,04627.csv,,0.06264078681571249,0.08299028292337617
charge,[2008.      4.     24.     13.     17.     56.25],24,B0006,123,4628,04628.csv,,,
impedance,[2008.       4.      24.      16.      14.       7.906],24,B0006,124,4629,04629.csv,,0.060945139936148515,0.082015904986437
discharge,[2008.       4.      24.      16.      45.      56.015],24,B0006,125,4630,04630.csv,1.7502913788006587,,
impedance,[2008.       4.      24.      17.      42.      40.796],24,B0006,126,4631,04631.csv,,0.06395085325023771,0.0832684036551876
charge,[2008.       4.      24.      18.      14.      28.937],24,B0006,127,4632,04632.csv,,,
impedance,[2008.       4.      24.      21.       6.      22.828],24,B0006,128,4633,04633.csv,,0.0639175801612165,0.08216571708748939
discharge,[2008.       4.      24.      21.      38.      11.078],24,B0006,129,4634,04634.csv,1.7394925037732578,,
impedance,[2008.       4.      24.      22.      34.      45.921],24,B0006,130,4635,04635.csv,,0.061914442984428886,0.0827944269463386
charge,[2008.       4.      24.      23.       6.      34.156],24,B0006,131,4636,04636.csv,,,
impedance,[2.008e+03 4.000e+00 2.500e+01 1.000e+00 5.700e+01 7.593e+00],24,B0006,132,4637,04637.csv,,0.06223664045181756,0.08227519539898062
discharge,[2008.       4.      25.      12.       3.      44.093],24,B0006,133,4638,04638.csv,1.7546766553637203,,
charge,[2.0080e+03 4.0000e+00 2.5000e+01 1.7000e+01 2.0000e+00 3.5703e+01],24,B0006,134,4639,04639.csv,,,
discharge,[2008.       4.      25.      20.       3.      55.921],24,B0006,135,4640,04640.csv,1.7659390941842175,,
impedance,[2008.       4.      25.      21.       0.      31.421],24,B0006,136,4641,04641.csv,,0.06368589032225634,0.08410980261203092
charge,[2008.       4.      25.      21.      32.      20.468],24,B0006,137,4642,04642.csv,,,
impedance,[2008.       4.      26.       0.      32.      46.968],24,B0006,138,4643,04643.csv,,0.06203106446308808,0.08319177703888532
discharge,[2.0080e+03 4.0000e+00 2.6000e+01 1.0000e+00 4.0000e+00 3.5718e+01],24,B0006,139,4644,04644.csv,1.7337887419624838,,
impedance,[2.0080e+03 4.0000e+00 2.6000e+01 2.0000e+00 0.0000e+00 5.2359e+01],24,B0006,140,4645,04645.csv,,0.06394139531038306,0.08439590554803003
charge,[2.0080e+03 4.0000e+00 2.6000e+01 2.0000e+00 3.2000e+01 4.1093e+01],24,B0006,141,4646,04646.csv,,,
impedance,[2008.       4.      26.       5.      25.      46.234],24,B0006,142,4647,04647.csv,,0.06250649038034015,0.08426848073493345
discharge,[2008.      4.     26.      5.     57.     35.14],24,B0006,143,4648,04648.csv,1.713325912040734,,
impedance,[2008.       4.      26.       6.      53.      34.171],24,B0006,144,4649,04649.csv,,0.06334074841835481,0.08443325960211569
charge,[2008.       4.      26.       7.      25.      23.031],24,B0006,145,4650,04650.csv,,,
impedance,[2008.       4.      26.      10.      26.      36.718],24,B0006,146,4651,04651.csv,,0.06261533272747599,0.0839721783477321
discharge,[2008.       4.      26.      10.      58.      25.843],24,B0006,147,4652,04652.csv,1.7024077813673466,,
charge,[2008.       4.      28.      17.      20.      47.859],24,B0006,148,4653,04653.csv,,,
discharge,[2008.       4.      29.      12.      15.      56.953],24,B0006,149,4654,04654.csv,1.82371946178183,,
impedance,[2008.       4.      29.      13.      12.      54.375],24,B0006,150,4655,04655.csv,,0.0659851482712769,0.08205908433058269
charge,[2008.       4.      29.      13.      44.      46.546],24,B0006,151,4656,04656.csv,,,
impedance,[2008.       4.      29.      16.      33.      38.281],24,B0006,152,4657,04657.csv,,0.0645724621588098,0.08034229300933068
discharge,[2008.       4.      29.      17.       5.      27.781],24,B0006,153,4658,04658.csv,1.8081284050314708,,
impedance,[2.0080e+03 4.0000e+00 2.9000e+01 1.8000e+01 2.0000e+00 2.1296e+01],24,B0006,154,4659,04659.csv,,0.06584265367322818,0.08228467898593818
charge,[2008.       4.      29.      18.      34.      10.656],24,B0006,155,4660,04660.csv,,,
impedance,[2008.      4.     29.     21.     28.     15.14],24,B0006,156,4661,04661.csv,,0.06368615846693702,0.08236363977175419
discharge,[2008.      4.     29.     22.      0.      4.75],24,B0006,157,4662,04662.csv,1.7757610945034283,,
impedance,[2008.       4.      29.      22.      56.      30.656],24,B0006,158,4663,04663.csv,,0.06586299475840429,0.08404816384807184
charge,[2008.       4.      29.      23.      28.      20.218],24,B0006,159,4664,04664.csv,,,
impedance,[2.008e+03 4.000e+00 3.000e+01 2.000e+00 1.200e+01 5.609e+00],24,B0006,160,4665,04665.csv,,0.06291209789909709,0.08214102281998399
discharge,[2.0080e+03 4.0000e+00 3.0000e+01 2.0000e+00 4.3000e+01 5.5312e+01],24,B0006,161,4666,04666.csv,1.7447409841836798,,
impedance,[2008.      4.     30.      3.     40.      3.39],24,B0006,162,4667,04667.csv,,0.06445446289569287,0.08372729247372598
charge,[2008.       4.      30.       4.      11.      53.078],24,B0006,163,4668,04668.csv,,,
impedance,[2008.       4.      30.       7.       9.      52.656],24,B0006,164,4669,04669.csv,,0.06366741172107057,0.08296956725555057
discharge,[2008.       4.      30.       7.      41.      42.578],24,B0006,165,4670,04670.csv,1.729207034132373,,
impedance,[2008.       4.      30.       8.      37.      42.406],24,B0006,166,4671,04671.csv,,0.06449971024722613,0.08439116060930645
charge,[2008.       4.      30.       9.       9.      32.281],24,B0006,167,4672,04672.csv,,,
impedance,[2008.       4.      30.      11.      56.      59.203],24,B0006,168,4673,04673.csv,,0.06454586928056331,0.08390558187210605
discharge,[2008.       4.      30.      12.      28.      49.265],24,B0006,169,4674,04674.csv,1.7081086552553244,,
impedance,[2008.       4.      30.      13.      24.      39.734],24,B0006,170,4675,04675.csv,,0.06462222077599941,0.08347874261289515
charge,[2008.       4.      30.      13.      56.      29.843],24,B0006,171,4676,04676.csv,,,
impedance,[2008.       4.      30.      16.      48.      25.875],24,B0006,172,4677,04677.csv,,0.06441730776729335,0.08332080296168762
discharge,[2008.      4.     30.     17.     20.     16.14],24,B0006,173,4678,04678.csv,1.6975954237461768,,
impedance,[2008.      4.     30.     18.     16.      7.25],24,B0006,174,4679,04679.csv,,0.06535744633615422,0.08372284778321133
charge,[2008.      4.     30.     18.     47.     57.39],24,B0006,175,4680,04680.csv,,,
impedance,[2008.       4.      30.      21.      43.       3.656],24,B0006,176,4681,04681.csv,,0.06517362934686399,0.08478155339352322
discharge,[2008.       4.      30.      22.      14.      54.062],24,B0006,177,4682,04682.csv,1.6820634524029463,,
impedance,[2008.       4.      30.      23.      10.      36.859],24,B0006,178,4683,04683.csv,,0.0657374096950185,0.08640081854624075
charge,[2008.      4.     30.     23.     42.     27.25],24,B0006,179,4684,04684.csv,,,
impedance,[2.0080e+03 5.0000e+00 1.0000e+00 2.0000e+00 4.3000e+01 4.2562e+01],24,B0006,180,4685,04685.csv,,0.06359515956336817,0.08418492196132377
discharge,[2.008e+03 5.000e+00 1.000e+00 3.000e+00 1.500e+01 3.314e+01],24,B0006,181,4686,04686.csv,1.6714768322295086,,
impedance,[2.008e+03 5.000e+00 1.000e+00 4.000e+00 1.100e+01 7.078e+00],24,B0006,182,4687,04687.csv,,0.06569551042223239,0.08528415424415496
charge,[2.0080e+03 5.0000e+00 1.0000e+00 4.0000e+00 4.2000e+01 5.7703e+01],24,B0006,183,4688,04688.csv,,,
impedance,[2.0080e+03 5.0000e+00 1.0000e+00 7.0000e+00 4.4000e+01 1.2656e+01],24,B0006,184,4689,04689.csv,,0.06528547500729169,0.08605041403439097
discharge,[2.008e+03 5.000e+00 1.000e+00 8.000e+00 1.600e+01 3.343e+00],24,B0006,185,4690,04690.csv,1.6607591387047655,,
impedance,[2.0080e+03 5.0000e+00 1.0000e+00 9.0000e+00 1.1000e+01 2.7593e+01],24,B0006,186,4691,04691.csv,,0.06608858001407364,0.08697381626854853
charge,[2.0080e+03 5.0000e+00 1.0000e+00 9.0000e+00 4.3000e+01 1.8359e+01],24,B0006,187,4692,04692.csv,,,
impedance,[2.0080e+03 5.0000e+00 1.0000e+00 1.2000e+01 4.2000e+01 3.4015e+01],24,B0006,188,4693,04693.csv,,0.06653396257005847,0.08674821993371198
discharge,[2.0080e+03 5.0000e+00 1.0000e+00 1.3000e+01 1.4000e+01 2.4875e+01],24,B0006,189,4694,04694.csv,1.651121015038069,,
impedance,[2.008e+03 5.000e+00 1.000e+00 1.400e+01 9.000e+00 5.064e+01],24,B0006,190,4695,04695.csv,,0.0673918549622027,0.0861118887620564
charge,[2.0080e+03 5.0000e+00 1.0000e+00 1.4000e+01 4.1000e+01 4.1578e+01],24,B0006,191,4696,04696.csv,,,
impedance,[2.0080e+03 5.0000e+00 1.0000e+00 1.7000e+01 3.9000e+01 2.0015e+01],24,B0006,192,4697,04697.csv,,0.06634112534272091,0.08720558299891104
discharge,[2.0080e+03 5.0000e+00 1.0000e+00 1.8000e+01 1.1000e+01 1.0984e+01],24,B0006,193,4698,04698.csv,1.6401349256190927,,
impedance,[2.0080e+03 5.0000e+00 1.0000e+00 1.9000e+01 6.0000e+00 2.6859e+01],24,B0006,194,4699,04699.csv,,0.0671457542138853,0.08632770749811566
charge,[2.0080e+03 5.0000e+00 1.0000e+00 1.9000e+01 3.8000e+01 1.7968e+01],24,B0006,195,4700,04700.csv,,,
impedance,[2.0080e+03 5.0000e+00 1.0000e+00 2.2000e+01 3.8000e+01 2.4062e+01],24,B0006,196,4701,04701.csv,,0.06590996191117977,0.08712834097374948
discharge,[2.0080e+03 5.0000e+00 1.0000e+00 2.3000e+01 1.0000e+01 1.5265e+01],24,B0006,197,4702,04702.csv,1.6291999416165441,,
impedance,[2.0080e+03 5.0000e+00 2.0000e+00 0.0000e+00 5.0000e+00 3.1015e+01],24,B0006,198,4703,04703.csv,,0.06656218407046685,0.0876302548566821
charge,[2.0080e+03 5.0000e+00 2.0000e+00 0.0000e+00 3.7000e+01 2.2234e+01],24,B0006,199,4704,04704.csv,,,
impedance,[2.0080e+03 5.0000e+00 2.0000e+00 3.0000e+00 2.1000e+01 4.3218e+01],24,B0006,200,4705,04705.csv,,0.06605623626692969,0.08756285633165226
discharge,[2.0080e+03 5.0000e+00 2.0000e+00 3.0000e+00 5.3000e+01 3.4765e+01],24,B0006,201,4706,04706.csv,1.6088496302961666,,
impedance,[2.0080e+03 5.0000e+00 2.0000e+00 4.0000e+00 4.8000e+01 3.3343e+01],24,B0006,202,4707,04707.csv,,0.06683041793365703,0.0881304972895854
charge,[2.0080e+03 5.0000e+00 2.0000e+00 5.0000e+00 2.0000e+01 2.4687e+01],24,B0006,203,4708,04708.csv,,,
impedance,[2.0080e+03 5.0000e+00 2.0000e+00 8.0000e+00 1.2000e+01 4.9328e+01],24,B0006,204,4709,04709.csv,,0.06590274256382748,0.08820859113319164
discharge,[2.0080e+03 5.0000e+00 2.0000e+00 8.0000e+00 4.4000e+01 4.0859e+01],24,B0006,205,4710,04710.csv,1.6035244898969248,,
impedance,[2.0080e+03 5.0000e+00 2.0000e+00 9.0000e+00 3.9000e+01 4.0343e+01],24,B0006,206,4711,04711.csv,,0.0671228648017542,0.08952481378716437
charge,[2.0080e+03 5.0000e+00 2.0000e+00 1.0000e+01 1.1000e+01 3.1921e+01],24,B0006,207,4712,04712.csv,,,
impedance,[2.0080e+03 5.0000e+00 2.0000e+00 1.3000e+01 1.1000e+01 1.3468e+01],24,B0006,208,4713,04713.csv,,0.06791172070092616,0.08831509615303365
discharge,[2.008e+03 5.000e+00 2.000e+00 1.300e+01 4.300e+01 5.093e+00],24,B0006,209,4714,04714.csv,1.5989712144027983,,
impedance,[2.0080e+03 5.0000e+00 2.0000e+00 1.4000e+01 3.7000e+01 5.5109e+01],24,B0006,210,4715,04715.csv,,0.06804767963498151,0.08818918574404519
charge,[2.0080e+03 5.0000e+00 2.0000e+00 1.5000e+01 9.0000e+00 4.6812e+01],24,B0006,211,4716,04716.csv,,,
impedance,[2.008e+03 5.000e+00 2.000e+00 1.800e+01 1.100e+01 3.593e+00],24,B0006,212,4717,04717.csv,,0.06674377333784236,0.08857968181390717
discharge,[2.0080e+03 5.0000e+00 2.0000e+00 1.9000e+01 7.0000e+00 4.8359e+01],24,B0006,213,4718,04718.csv,1.5876273123575604,,
charge,[2.0080e+03 5.0000e+00 2.0000e+00 2.0000e+01 2.8000e+01 2.5781e+01],24,B0006,214,4719,04719.csv,,,
discharge,[2.0080e+03 5.0000e+00 2.0000e+00 2.3000e+01 2.4000e+01 1.7687e+01],24,B0006,215,4720,04720.csv,1.5829719744686166,,
impedance,[2008.       5.       3.       0.      18.      59.734],24,B0006,216,4721,04721.csv,,0.06787371479427354,0.08934891169767059
charge,[2008.       5.       3.       0.      50.      52.187],24,B0006,217,4722,04722.csv,,,
impedance,[2008.       5.       3.       3.      41.      16.453],24,B0006,218,4723,04723.csv,,0.06641297510611752,0.0895032370200492
discharge,[2008.       5.       3.       4.      13.       8.609],24,B0006,219,4724,04724.csv,1.567137636713563,,
impedance,[2008.       5.       3.       5.       7.      41.812],24,B0006,220,4725,04725.csv,,0.06842378612071928,0.0901555365219136
charge,[2008.       5.       3.       5.      39.      33.921],24,B0006,221,4726,04726.csv,,,
impedance,[2008.       5.       3.       8.      38.      27.484],24,B0006,222,4727,04727.csv,,0.06686868471567307,0.08981021390663306
discharge,[2008.       5.       3.       9.      10.      19.812],24,B0006,223,4728,04728.csv,1.5613446139713882,,
impedance,[2008.       5.       3.      10.       4.      43.296],24,B0006,224,4729,04729.csv,,0.06826417312265938,0.09040770934408239
charge,[2008.       5.       3.      10.      36.      35.781],24,B0006,225,4730,04730.csv,,,
impedance,[2008.       5.       3.      13.      32.      41.671],24,B0006,226,4731,04731.csv,,0.0675638979208385,0.09093282660720825
discharge,[2008.       5.       3.      14.       4.      34.187],24,B0006,227,4732,04732.csv,1.5511711892790419,,
impedance,[2008.       5.       3.      14.      58.      49.093],24,B0006,228,4733,04733.csv,,0.06774703943897442,0.0901563443871731
charge,[2008.      5.      3.     15.     30.     41.64],24,B0006,229,4734,04734.csv,,,
impedance,[2008.       5.       3.      18.      26.      20.765],24,B0006,230,4735,04735.csv,,0.06767916633501396,0.09097518732194294
discharge,[2008.       5.       3.      18.      58.      13.468],24,B0006,231,4736,04736.csv,1.5406741606295171,,
impedance,[2008.       5.       3.      19.      52.      28.578],24,B0006,232,4737,04737.csv,,0.06860934588238804,0.09068687374298401
charge,[2008.       5.       3.      20.      24.      21.312],24,B0006,233,4738,04738.csv,,,
impedance,[2008.      5.      3.     23.     10.     37.25],24,B0006,234,4739,04739.csv,,0.0679726933427561,0.09232410955240872
discharge,[2008.       5.       3.      23.      42.      30.093],24,B0006,235,4740,04740.csv,1.5253138744624433,,
impedance,[2008.       5.       4.       0.      36.      36.703],24,B0006,236,4741,04741.csv,,0.06856628257658516,0.09028017093370612
charge,[2.0080e+03 5.0000e+00 4.0000e+00 1.0000e+00 8.0000e+00 2.9578e+01],24,B0006,237,4742,04742.csv,,,
impedance,[2008.       5.       4.       4.       9.      47.078],24,B0006,238,4743,04743.csv,,0.06833354741887734,0.09201668954083403
discharge,[2008    5    4    4   41   40],24,B0006,239,4744,04744.csv,1.5301570318067428,,
impedance,[2008.       5.       4.       5.      35.      36.578],24,B0006,240,4745,04745.csv,,0.06838165618496082,0.09097113788599188
charge,[2008.       5.       4.       6.       7.      29.546],24,B0006,241,4746,04746.csv,,,
impedance,[2008.       5.       4.       9.       8.      18.734],24,B0006,242,4747,04747.csv,,0.06885136093381199,0.0925822548520223
discharge,[2008.       5.       4.       9.      40.      11.906],24,B0006,243,4748,04748.csv,1.5246566834474087,,
impedance,[2008.       5.       4.      10.      34.       8.906],24,B0006,244,4749,04749.csv,,0.06936455209326015,0.09111307751610045
charge,[2008.       5.       4.      11.       6.       2.078],24,B0006,245,4750,04750.csv,,,
impedance,[2008.       5.       4.      14.       6.      20.031],24,B0006,246,4751,04751.csv,,0.06906646906873301,0.0934909607320899
discharge,[2008.       5.       4.      14.      38.      13.359],24,B0006,247,4752,04752.csv,1.5145492986655427,,
impedance,[2.008e+03 5.000e+00 4.000e+00 1.500e+01 3.200e+01 1.953e+00],24,B0006,248,4753,04753.csv,,0.06981284024900297,0.09154323806605419
charge,[2008.       5.       4.      16.       3.      55.281],24,B0006,249,4754,04754.csv,,,
impedance,[2008.       5.       4.      19.       5.      14.343],24,B0006,250,4755,04755.csv,,0.06870914709601504,0.09387730518518865
discharge,[2008.      5.      4.     19.     37.      7.89],24,B0006,251,4756,04756.csv,1.509391504602082,,
impedance,[2008.       5.       4.      20.      30.      47.687],24,B0006,252,4757,04757.csv,,0.06972534834514055,0.09161565328372992
charge,[2.0080e+03 5.0000e+00 4.0000e+00 2.1000e+01 2.0000e+00 4.1203e+01],24,B0006,253,4758,04758.csv,,,
impedance,[2.008e+03 5.000e+00 5.000e+00 0.000e+00 4.000e+00 2.500e-01],24,B0006,254,4759,04759.csv,,0.06952595566680789,0.09418623001298362
discharge,[2008.       5.       5.       0.      35.      53.968],24,B0006,255,4760,04760.csv,1.5039974333050705,,
impedance,[2.0080e+03 5.0000e+00 5.0000e+00 1.0000e+00 2.9000e+01 2.4203e+01],24,B0006,256,4761,04761.csv,,0.06923026401542158,0.09233738103251986
charge,[2.008e+03 5.000e+00 5.000e+00 2.000e+00 1.000e+00 1.789e+01],24,B0006,257,4762,04762.csv,,,
impedance,[2008    5    5    4   56   20],24,B0006,258,4763,04763.csv,,0.06825231466048369,0.09343980119280403
discharge,[2008.       5.       5.       5.      28.      13.937],24,B0006,259,4764,04764.csv,1.4935201918040188,,
impedance,[2008.       5.       5.       6.      21.      44.546],24,B0006,260,4765,04765.csv,,0.06891786116947377,0.09149357719093887
charge,[2008.       5.       5.       6.      53.      38.406],24,B0006,261,4766,04766.csv,,,
impedance,[2008.      5.      5.      9.     54.     58.25],24,B0006,262,4767,04767.csv,,0.06960330384223117,0.09561343002331575
discharge,[2008.     5.     5.    11.    41.    31.5],24,B0006,263,4768,04768.csv,1.4876323024497422,,
charge,[2008.       5.       5.      17.      40.      16.687],24,B0006,264,4769,04769.csv,,,
discharge,[2008.       5.       5.      20.      40.       8.562],24,B0006,265,4770,04770.csv,1.5302876214401704,,
impedance,[2008.      5.      5.     21.     33.     38.39],24,B0006,266,4771,04771.csv,,0.07057714520177544,0.0924269028093456
charge,[2008.     5.     5.    22.     5.    32.5],24,B0006,267,4772,04772.csv,,,
impedance,[2.0080e+03 5.0000e+00 6.0000e+00 1.0000e+00 6.0000e+00 5.2015e+01],24,B0006,268,4773,04773.csv,,0.06944383967261045,0.09508674404018921
discharge,[2.0080e+03 5.0000e+00 6.0000e+00 1.0000e+00 3.8000e+01 4.6265e+01],24,B0006,269,4774,04774.csv,1.5040760088360112,,
impedance,[2.0080e+03 5.0000e+00 6.0000e+00 2.0000e+00 3.1000e+01 5.9093e+01],24,B0006,270,4775,04775.csv,,0.06983595497026351,0.09248565148585214
charge,[2008.      5.      6.      3.      3.     53.39],24,B0006,271,4776,04776.csv,,,
impedance,[2008.       5.       6.       6.       5.      11.921],24,B0006,272,4777,04777.csv,,0.0692409257238966,0.09541147475162996
discharge,[2008.       5.       6.       6.      37.       6.296],24,B0006,273,4778,04778.csv,1.4887593608730894,,
impedance,[2008.       5.       6.       7.      30.      10.578],24,B0006,274,4779,04779.csv,,0.06990013486335687,0.09343565348198297
charge,[2.008e+03 5.000e+00 6.000e+00 8.000e+00 2.000e+00 5.062e+00],24,B0006,275,4780,04780.csv,,,
impedance,[2008.       5.       6.      10.      53.      26.531],24,B0006,276,4781,04781.csv,,0.07018023704211739,0.09580053634249773
discharge,[2008.       5.       6.      11.      25.      21.031],24,B0006,277,4782,04782.csv,1.4782779285546637,,
impedance,[2008.       5.       6.      12.      18.      26.171],24,B0006,278,4783,04783.csv,,0.07073773149658581,0.09452066543188685
charge,[2008.       5.       6.      12.      50.      20.781],24,B0006,279,4784,04784.csv,,,
impedance,[2008.       5.       6.      15.      51.      41.546],24,B0006,280,4785,04785.csv,,0.07032112501568692,0.09530176637205882
discharge,[2008.       5.       6.      16.      23.      36.296],24,B0006,281,4786,04786.csv,1.478459982215684,,
impedance,[2008.       5.       6.      17.      16.      40.109],24,B0006,282,4787,04787.csv,,0.07084182825182998,0.09379226536803063
charge,[2008.       5.       6.      17.      48.      34.906],24,B0006,283,4788,04788.csv,,,
impedance,[2008.       5.       6.      20.      49.      54.421],24,B0006,284,4789,04789.csv,,0.06930780981897802,0.09454813120638911
discharge,[2008.       5.       6.      21.      21.      49.265],24,B0006,285,4790,04790.csv,1.473214844899973,,
impedance,[2008.       5.       6.      22.      14.      45.453],24,B0006,286,4791,04791.csv,,0.07177894475349142,0.09233933765862073
charge,[2008.       5.       6.      22.      46.      40.375],24,B0006,287,4792,04792.csv,,,
impedance,[2.0080e+03 5.0000e+00 7.0000e+00 1.0000e+00 4.5000e+01 3.0125e+01],24,B0006,288,4793,04793.csv,,0.07066012489753228,0.09558033908197718
discharge,[2.0080e+03 5.0000e+00 7.0000e+00 2.0000e+00 1.7000e+01 2.5156e+01],24,B0006,289,4794,04794.csv,1.4675164935067897,,
impedance,[2008.       5.       7.       3.      10.      20.671],24,B0006,290,4795,04795.csv,,0.07090729696873323,0.0926979751716576
charge,[2008.      5.      7.      3.     42.     15.75],24,B0006,291,4796,04796.csv,,,
impedance,[2008.       5.       7.       6.      32.       6.906],24,B0006,292,4797,04797.csv,,0.07048796563268331,0.09637484690828765
discharge,[2008.       5.       7.       7.       4.       2.109],24,B0006,293,4798,04798.csv,1.4516292657521335,,
impedance,[2008.      5.      7.      7.     56.     39.25],24,B0006,294,4799,04799.csv,,0.07018463941503206,0.09351139693183291
charge,[2008.       5.       7.       8.      28.      34.453],24,B0006,295,4800,04800.csv,,,
impedance,[2008.       5.       7.      11.      29.      54.546],24,B0006,296,4801,04801.csv,,0.071253157527167,0.09693308592499948
discharge,[2.0080e+03 5.0000e+00 7.0000e+00 1.2000e+01 1.0000e+00 4.9906e+01],24,B0006,297,4802,04802.csv,1.4519237720967177,,
impedance,[2008.      5.      7.     12.     54.     18.25],24,B0006,298,4803,04803.csv,,0.07186743983607999,0.09465159812302526
charge,[2008.       5.       7.      13.      26.      13.671],24,B0006,299,4804,04804.csv,,,
impedance,[2008.       5.       7.      16.      27.      34.437],24,B0006,300,4805,04805.csv,,0.07290881656804299,0.0968587759009549
discharge,[2008.       5.       7.      16.      59.      29.937],24,B0006,301,4806,04806.csv,1.4471484694777745,,
impedance,[2008.       5.       7.      17.      51.      59.125],24,B0006,302,4807,04807.csv,,0.07182020327017155,0.09406289629370085
charge,[2008.       5.       7.      18.      23.      54.687],24,B0006,303,4808,04808.csv,,,
impedance,[2008    5    7   21   24   14],24,B0006,304,4809,04809.csv,,0.0725103674563298,0.09660159139822988
discharge,[2008.       5.       7.      21.      56.       9.656],24,B0006,305,4810,04810.csv,1.4468538105659885,,
impedance,[2008.      5.      7.     22.     48.     38.75],24,B0006,306,4811,04811.csv,,0.07177478049617578,0.09532003488084542
charge,[2008.       5.       7.      23.      20.      34.515],24,B0006,307,4812,04812.csv,,,
impedance,[2.0080e+03 5.0000e+00 8.0000e+00 2.0000e+00 2.1000e+01 5.4109e+01],24,B0006,308,4813,04813.csv,,0.07088794010729621,0.09740741420439394
discharge,[2.0080e+03 5.0000e+00 8.0000e+00 2.0000e+00 5.3000e+01 4.9937e+01],24,B0006,309,4814,04814.csv,1.4416741930284678,,
impedance,[2008.       5.       8.       3.      46.       9.968],24,B0006,310,4815,04815.csv,,0.07036836968833657,0.09274330283644272
impedance,[2008.       5.       9.      11.      53.      10.593],24,B0006,311,4816,04816.csv,,0.07141473238066469,0.09614920599785416
discharge,[2008    5    9   12   25    7],24,B0006,312,4817,04817.csv,1.5935866593100128,,
impedance,[2008.       5.       9.      13.      19.      35.703],24,B0006,313,4818,04818.csv,,0.07075152805097641,0.09048196250260114
charge,[2008.       5.       9.      17.      26.      51.968],24,B0006,314,4819,04819.csv,,,
discharge,[2008.       5.       9.      20.      28.       9.734],24,B0006,315,4820,04820.csv,1.5463902376915637,,
impedance,[2008.       5.       9.      21.      21.       3.765],24,B0006,316,4821,04821.csv,,0.07083150479026026,0.09066604075689752
charge,[2.008e+03 5.000e+00 9.000e+00 2.100e+01 5.300e+01 2.810e-01],24,B0006,317,4822,04822.csv,,,
impedance,[2008.       5.      10.       0.      49.      59.984],24,B0006,318,4823,04823.csv,,0.07030413873328058,0.0930529362512398
discharge,[2.008e+03 5.000e+00 1.000e+01 1.000e+00 2.100e+01 5.650e+01],24,B0006,319,4824,04824.csv,1.51470559175661,,
impedance,[2.0080e+03 5.0000e+00 1.0000e+01 2.0000e+00 1.4000e+01 4.2109e+01],24,B0006,320,4825,04825.csv,,0.07118362015441645,0.0928235588614077
charge,[2.0080e+03 5.0000e+00 1.0000e+01 2.0000e+00 4.6000e+01 3.8734e+01],24,B0006,321,4826,04826.csv,,,
impedance,[2008.       5.      10.       5.      46.      15.296],24,B0006,322,4827,04827.csv,,0.07156671814928477,0.09367023927457886
discharge,[2008    5   10    6   18   12],24,B0006,323,4828,04828.csv,1.4989786083335404,,
impedance,[2008.       5.      10.       7.      10.      49.593],24,B0006,324,4829,04829.csv,,0.07131586967408446,0.09263070337895823
charge,[2008.       5.      10.       7.      42.      46.312],24,B0006,325,4830,04830.csv,,,
impedance,[2008.       5.      10.      10.      44.       7.859],24,B0006,326,4831,04831.csv,,0.07235057565104601,0.09440345976365576
discharge,[2008.       5.      10.      11.      16.       4.843],24,B0006,327,4832,04832.csv,1.4831110745410492,,
impedance,[2008.       5.      10.      12.       8.      32.875],24,B0006,328,4833,04833.csv,,0.07082699476931537,0.09249135121320001
charge,[2008.      5.     10.     12.     40.     29.89],24,B0006,329,4834,04834.csv,,,
impedance,[2008.      5.     10.     15.     39.     59.14],24,B0006,330,4835,04835.csv,,0.07033788263426383,0.09507092273616935
discharge,[2008.       5.      10.      16.      11.      56.109],24,B0006,331,4836,04836.csv,1.4729664825468278,,
impedance,[2008.       5.      10.      17.       4.      16.015],24,B0006,332,4837,04837.csv,,0.0712990567757895,0.09306498833833467
charge,[2008.       5.      10.      17.      36.      13.062],24,B0006,333,4838,04838.csv,,,
impedance,[2008.       5.      10.      20.      35.      57.437],24,B0006,334,4839,04839.csv,,0.07148316063857231,0.09546831610525248
discharge,[2008.       5.      10.      21.       7.      54.625],24,B0006,335,4840,04840.csv,1.4627604396099307,,
impedance,[2008.       5.      10.      22.       0.       5.781],24,B0006,336,4841,04841.csv,,0.07153178049404317,0.09395541657590765
charge,[2008.       5.      10.      22.      32.       2.937],24,B0006,337,4842,04842.csv,,,
impedance,[2.0080e+03 5.0000e+00 1.1000e+01 1.0000e+00 3.3000e+01 2.4437e+01],24,B0006,338,4843,04843.csv,,0.07177878179971342,0.09678915937102545
discharge,[2.0080e+03 5.0000e+00 1.1000e+01 2.0000e+00 5.0000e+00 2.1796e+01],24,B0006,339,4844,04844.csv,1.4518364681062514,,
impedance,[2.0080e+03 5.0000e+00 1.1000e+01 2.0000e+00 5.7000e+01 3.2984e+01],24,B0006,340,4845,04845.csv,,0.07210470131692288,0.09426903728901763
charge,[2008.       5.      11.       3.      29.      30.359],24,B0006,341,4846,04846.csv,,,
impedance,[2008.      5.     11.      6.     23.     30.25],24,B0006,342,4847,04847.csv,,0.07217659052012376,0.09731548106056298
discharge,[2008.       5.      11.       6.      55.      27.734],24,B0006,343,4848,04848.csv,1.4468670644030392,,
impedance,[2008.       5.      11.       7.      47.      30.468],24,B0006,344,4849,04849.csv,,0.07254046891986726,0.09511625677952429
charge,[2008.       5.      11.       8.      19.      27.953],24,B0006,345,4850,04850.csv,,,
impedance,[2008.       5.      11.      11.      20.      49.578],24,B0006,346,4851,04851.csv,,0.07275773932145782,0.09742370041141407
discharge,[2008.       5.      11.      11.      52.      47.187],24,B0006,347,4852,04852.csv,1.441380399427779,,
impedance,[2008.       5.      11.      12.      44.      40.703],24,B0006,348,4853,04853.csv,,0.07242420049463154,0.09419821095899443
charge,[2008.      5.     11.     13.     16.     38.64],24,B0006,349,4854,04854.csv,,,
impedance,[2.008e+03 5.000e+00 1.100e+01 1.600e+01 1.800e+01 8.120e-01],24,B0006,350,4855,04855.csv,,0.07161196696477634,0.09618267512171286
discharge,[2008.       5.      11.      16.      49.      58.921],24,B0006,351,4856,04856.csv,1.431210744960774,,
impedance,[2008.       5.      11.      17.      41.      53.265],24,B0006,352,4857,04857.csv,,0.07177274897642728,0.09431269324325077
charge,[2008.       5.      11.      18.      13.      51.109],24,B0006,353,4858,04858.csv,,,
impedance,[2008.       5.      11.      21.      15.      14.843],24,B0006,354,4859,04859.csv,,0.07236285655797875,0.09800608224040097
discharge,[2008.       5.      11.      21.      47.      12.843],24,B0006,355,4860,04860.csv,1.4260247179525716,,
impedance,[2008.       5.      11.      22.      38.      57.843],24,B0006,356,4861,04861.csv,,0.07197325031942853,0.09403994753481937
charge,[2008.       5.      11.      23.      10.      55.875],24,B0006,357,4862,04862.csv,,,
impedance,[2.008e+03 5.000e+00 1.200e+01 2.000e+00 5.000e+00 7.030e-01],24,B0006,358,4863,04863.csv,,0.07217187946582546,0.09754420653220938
discharge,[2.0080e+03 5.0000e+00 1.2000e+01 2.0000e+00 3.6000e+01 5.8921e+01],24,B0006,359,4864,04864.csv,1.420487649966195,,
impedance,[2008.       5.      12.       3.      28.      34.484],24,B0006,360,4865,04865.csv,,0.07218496036569667,0.09436432368311946
charge,[2008.       5.      12.       4.       0.      32.718],24,B0006,361,4866,04866.csv,,,
impedance,[2008.       5.      12.      12.      24.      36.453],24,B0006,362,4867,04867.csv,,0.07327514105662862,0.09816756377374604
discharge,[2008.       5.      12.      12.      56.      34.781],24,B0006,363,4868,04868.csv,1.4207006230355006,,
impedance,[2008.      5.     12.     13.     48.     19.89],24,B0006,364,4869,04869.csv,,0.07255344400984245,0.09400039614590885
charge,[2008.      5.     12.     16.     11.     11.14],24,B0006,365,4870,04870.csv,,,
discharge,[2008.       5.      12.      18.      59.      59.453],24,B0006,366,4871,04871.csv,1.452255804330839,,
impedance,[2008.       5.      12.      19.      51.      52.953],24,B0006,367,4872,04872.csv,,0.07279898453381024,0.0935192293551594
charge,[2008.       5.      12.      20.      23.      51.828],24,B0006,368,4873,04873.csv,,,
impedance,[2008.       5.      12.      23.      21.      19.078],24,B0006,369,4874,04874.csv,,0.0737422116355231,0.09682011701371697
discharge,[2008.       5.      12.      23.      53.      17.609],24,B0006,370,4875,04875.csv,1.431557632772571,,
impedance,[2008.      5.     13.      0.     44.     53.25],24,B0006,371,4876,04876.csv,,0.07230626414964644,0.09373318368991343
charge,[2.0080e+03 5.0000e+00 1.3000e+01 1.0000e+00 1.6000e+01 5.1859e+01],24,B0006,372,4877,04877.csv,,,
impedance,[2008.      5.     13.      4.      3.     26.64],24,B0006,373,4878,04878.csv,,0.07351181896001253,0.09784840606777727
discharge,[2008.       5.      13.       4.      35.      25.359],24,B0006,374,4879,04879.csv,1.415015751158943,,
impedance,[2008.       5.      13.       5.      26.      51.781],24,B0006,375,4880,04880.csv,,0.0731481609531371,0.09450117088751923
charge,[2008.       5.      13.       5.      58.      50.796],24,B0006,376,4881,04881.csv,,,
impedance,[2008.      5.     13.      8.     52.      5.89],24,B0006,377,4882,04882.csv,,0.07363095072187217,0.09872074778143794
discharge,[2008.       5.      13.       9.      24.       4.718],24,B0006,378,4883,04883.csv,1.4097311506517451,,
impedance,[2008.       5.      13.      10.      15.       2.906],24,B0006,379,4884,04884.csv,,0.07258698856788243,0.0942767204381327
charge,[2.008e+03 5.000e+00 1.300e+01 1.000e+01 4.700e+01 1.828e+00],24,B0006,380,4885,04885.csv,,,
impedance,[2008.       5.      13.      13.      48.      25.875],24,B0006,381,4886,04886.csv,,0.07483720295528123,0.09855595497783809
discharge,[2008.       5.      13.      14.      20.      24.937],24,B0006,382,4887,04887.csv,1.404917318129309,,
impedance,[2008.       5.      13.      15.      11.      42.234],24,B0006,383,4888,04888.csv,,0.07231062653103708,0.09437378694839117
charge,[2008.       5.      13.      15.      43.      41.296],24,B0006,384,4889,04889.csv,,,
impedance,[2008.       5.      13.      18.      32.      21.281],24,B0006,385,4890,04890.csv,,0.07422880685868813,0.09794583413307753
discharge,[2008.       5.      13.      19.       4.      20.531],24,B0006,386,4891,04891.csv,1.395164296571563,,
impedance,[2008.       5.      13.      19.      55.      29.859],24,B0006,387,4892,04892.csv,,0.07185660712942502,0.09376323440193435
charge,[2008.       5.      13.      20.      27.      29.109],24,B0006,388,4893,04893.csv,,,
impedance,[2008.       5.      13.      23.      27.      26.625],24,B0006,389,4894,04894.csv,,0.07359262883289279,0.09794263420249376
discharge,[2008.       5.      13.      23.      59.      26.015],24,B0006,390,4895,04895.csv,1.3945343832614077,,
impedance,[2008.      5.     14.      0.     50.     35.39],24,B0006,391,4896,04896.csv,,0.07355530338796804,0.09481493549893713
charge,[2.0080e+03 5.0000e+00 1.4000e+01 1.0000e+00 2.2000e+01 3.4765e+01],24,B0006,392,4897,04897.csv,,,
impedance,[2008.       5.      14.       4.      23.      57.968],24,B0006,393,4898,04898.csv,,0.07428961541366103,0.09782803971993742
discharge,[2008.       5.      14.       4.      55.      57.453],24,B0006,394,4899,04899.csv,1.3893171179312644,,
impedance,[2008.       5.      14.       5.      46.      58.078],24,B0006,395,4900,04900.csv,,0.07377742233884306,0.09550761968799028
charge,[2008.       5.      14.       6.      18.      57.625],24,B0006,396,4901,04901.csv,,,
impedance,[2008    5   14    9   20   22],24,B0006,397,4902,04902.csv,,0.07436247289279864,0.100297485432866
discharge,[2008.       5.      14.       9.      52.      22.062],24,B0006,398,4903,04903.csv,1.3838379472327809,,
impedance,[2008.       5.      14.      10.      43.      12.953],24,B0006,399,4904,04904.csv,,0.07280893667527459,0.09466825353513973
charge,[2008.       5.      14.      11.      15.      12.671],24,B0006,400,4905,04905.csv,,,
impedance,[2008.      5.     14.     14.      3.     22.75],24,B0006,401,4906,04906.csv,,0.07308819155500623,0.10028552688952369
discharge,[2008.       5.      14.      14.      35.      22.515],24,B0006,402,4907,04907.csv,1.3736814238195123,,
impedance,[2008.       5.      14.      15.      26.      13.546],24,B0006,403,4908,04908.csv,,0.07423988397360735,0.09455851844360653
charge,[2008.       5.      14.      15.      58.      13.406],24,B0006,404,4909,04909.csv,,,
impedance,[2008.      5.     14.     18.     59.     38.89],24,B0006,405,4910,04910.csv,,0.07390565956199621,0.10034826354300655
discharge,[2008.      5.     14.     19.     31.     39.39],24,B0006,406,4911,04911.csv,1.3786059891863676,,
impedance,[2008.      5.     14.     20.     22.     30.64],24,B0006,407,4912,04912.csv,,0.07351251053388887,0.09455928328741696
charge,[2008.       5.      14.      20.      54.      30.671],24,B0006,408,4913,04913.csv,,,
impedance,[2008.       5.      14.      23.      55.      55.406],24,B0006,409,4914,04914.csv,,0.07406486350284623,0.09903658397481056
discharge,[2008.       5.      15.       0.      27.      55.625],24,B0006,410,4915,04915.csv,1.3737600299108574,,
impedance,[2.008e+03 5.000e+00 1.500e+01 1.000e+00 1.800e+01 3.789e+01],24,B0006,411,4916,04916.csv,,0.07290767778143425,0.09500166880506605
charge,[2.0080e+03 5.0000e+00 1.5000e+01 1.0000e+00 5.0000e+01 3.8062e+01],24,B0006,412,4917,04917.csv,,,
impedance,[2008.       5.      15.       4.      52.       4.609],24,B0006,413,4918,04918.csv,,0.07434066648007011,0.10067908230747398
discharge,[2008.      5.     15.      5.     24.      4.89],24,B0006,414,4919,04919.csv,1.3682580583942712,,
impedance,[2008.       5.      15.       6.      14.      38.093],24,B0006,415,4920,04920.csv,,0.07276351441984508,0.0952721862664049
charge,[2008.     5.    15.     6.    46.    38.5],24,B0006,416,4921,04921.csv,,,
impedance,[2008.       5.      15.       9.      48.       3.453],24,B0006,417,4922,04922.csv,,0.0749835856113319,0.1003809603504959
discharge,[2008.       5.      15.      10.      20.       3.875],24,B0006,418,4923,04923.csv,1.3633024037317505,,
impedance,[2008.       5.      15.      11.      10.      28.328],24,B0006,419,4924,04924.csv,,0.07280904458053215,0.09417469896249388
charge,[2008.       5.      15.      11.      42.      28.859],24,B0006,420,4925,04925.csv,,,
impedance,[2008.       5.      15.      14.      38.      58.781],24,B0006,421,4926,04926.csv,,0.07363422580248341,0.10034341350119641
discharge,[2008.       5.      15.      15.      10.      59.437],24,B0006,422,4927,04927.csv,1.3580966140172601,,
impedance,[2.008e+03 5.000e+00 1.500e+01 1.600e+01 1.000e+00 2.339e+01],24,B0006,423,4928,04928.csv,,0.07366216781831048,0.09401252729903897
charge,[2008.       5.      15.      16.      33.      24.093],24,B0006,424,4929,04929.csv,,,
impedance,[2008.       5.      15.      19.      24.      46.593],24,B0006,425,4930,04930.csv,,0.07495654638579109,0.0986748779007716
discharge,[2008.      5.     15.     19.     56.     47.39],24,B0006,426,4931,04931.csv,1.353269090999531,,
impedance,[2008.       5.      15.      20.      47.      12.406],24,B0006,427,4932,04932.csv,,0.07300473215689747,0.09488419183565079
charge,[2008.       5.      15.      21.      19.      13.234],24,B0006,428,4933,04933.csv,,,
impedance,[2008.       5.      16.       0.       9.      33.937],24,B0006,429,4934,04934.csv,,0.075132937700244,0.09988518450397564
discharge,[2008.       5.      16.      16.      54.      59.812],24,B0006,430,4935,04935.csv,1.3841605738237488,,
charge,[2008.       5.      16.      18.      43.      58.906],24,B0006,431,4936,04936.csv,,,
discharge,[2008.       5.      16.      21.      37.      39.671],24,B0006,432,4937,04937.csv,1.4051467790651473,,
impedance,[2008.       5.      16.      22.      28.      31.078],24,B0006,433,4938,04938.csv,,0.07456415358800406,0.09465513038241297
charge,[2008.       5.      16.      23.       0.      32.515],24,B0006,434,4939,04939.csv,,,
impedance,[2.0080e+03 5.0000e+00 1.7000e+01 2.0000e+00 0.0000e+00 1.2656e+01],24,B0006,435,4940,04940.csv,,0.07592804413673004,0.10032970664387303
discharge,[2.0080e+03 5.0000e+00 1.7000e+01 2.0000e+00 3.2000e+01 1.3968e+01],24,B0006,436,4941,04941.csv,1.378719022627353,,
impedance,[2008.       5.      17.       3.      22.      47.796],24,B0006,437,4942,04942.csv,,0.07343307367232554,0.09496461248763269
charge,[2008.       5.      17.       3.      54.      49.125],24,B0006,438,4943,04943.csv,,,
impedance,[2008.       5.      17.       6.      53.      18.328],24,B0006,439,4944,04944.csv,,0.07550871785129283,0.10116073256897913
discharge,[2008.       5.      17.       7.      25.      19.906],24,B0006,440,4945,04945.csv,1.3682657783199066,,
impedance,[2008.       5.      17.       8.      15.      45.265],24,B0006,441,4946,04946.csv,,0.07401683695868191,0.09598514883171738
charge,[2008.       5.      17.       8.      47.      46.703],24,B0006,442,4947,04947.csv,,,
impedance,[2008.       5.      17.      11.      49.      14.296],24,B0006,443,4948,04948.csv,,0.07460959963253604,0.10145892418195081
discharge,[2008.      5.     17.     12.     21.     15.89],24,B0006,444,4949,04949.csv,1.3573151296618016,,
impedance,[2008.       5.      17.      13.      11.      30.687],24,B0006,445,4950,04950.csv,,0.07392462060613289,0.09596990760137802
charge,[2008.       5.      17.      13.      43.      32.281],24,B0006,446,4951,04951.csv,,,
impedance,[2008.       5.      17.      16.      43.      35.437],24,B0006,447,4952,04952.csv,,0.07487960335651152,0.10060335245891304
discharge,[2008.       5.      17.      17.      15.      37.281],24,B0006,448,4953,04953.csv,1.3524934638801596,,
impedance,[2008.       5.      17.      18.       5.      53.796],24,B0006,449,4954,04954.csv,,0.07350439612412557,0.09612015257573586
charge,[2008.       5.      17.      18.      37.      55.593],24,B0006,450,4955,04955.csv,,,
impedance,[2008.       5.      17.      21.      38.      49.296],24,B0006,451,4956,04956.csv,,0.07528060880004324,0.10254518763662164
discharge,[2008.       5.      17.      22.      10.      51.218],24,B0006,452,4957,04957.csv,1.3474099151661236,,
impedance,[2008.       5.      17.      23.       0.      48.453],24,B0006,453,4958,04958.csv,,0.07264208276353092,0.09534113281992042
charge,[2008.       5.      17.      23.      32.      50.468],24,B0006,454,4959,04959.csv,,,
impedance,[2.0080e+03 5.0000e+00 1.8000e+01 2.0000e+00 3.3000e+01 1.7109e+01],24,B0006,455,4960,04960.csv,,0.07499556374166019,0.10138737916427212
discharge,[2008.       5.      18.       3.       5.      19.265],24,B0006,456,4961,04961.csv,1.3370075130842318,,
impedance,[2008.       5.      18.       3.      55.      17.546],24,B0006,457,4962,04962.csv,,0.07311999977664198,0.09592311750334574
charge,[2008.       5.      18.       4.      27.      19.656],24,B0006,458,4963,04963.csv,,,
impedance,[2008    5   18    7   28   48],24,B0006,459,4964,04964.csv,,0.07635857115497807,0.1014317733775896
discharge,[2008.       5.      18.       8.       0.      50.421],24,B0006,460,4965,04965.csv,1.3312352966718526,,
impedance,[2008.       5.      18.       8.      50.      48.718],24,B0006,461,4966,04966.csv,,0.07352773427813793,0.09722971147738375
charge,[2008.       5.      18.       9.      22.      51.046],24,B0006,462,4967,04967.csv,,,
impedance,[2008    5   18   12   12   46],24,B0006,463,4968,04968.csv,,0.07477686532784665,0.10280887562042597
discharge,[2008.       5.      18.      12.      44.      48.437],24,B0006,464,4969,04969.csv,1.3259303781727643,,
impedance,[2008.       5.      18.      13.      34.      37.281],24,B0006,465,4970,04970.csv,,0.07365221366344325,0.09623949046601309
charge,[2008.       5.      18.      14.       6.      39.921],24,B0006,466,4971,04971.csv,,,
impedance,[2008.       5.      18.      17.       4.      27.234],24,B0006,467,4972,04972.csv,,0.07601129120974016,0.10207495349364025
discharge,[2008.       5.      18.      17.      36.      29.734],24,B0006,468,4973,04973.csv,1.321578743867529,,
impedance,[2008.       5.      18.      18.      26.      10.015],24,B0006,469,4974,04974.csv,,0.0738708282490051,0.09642311008921206
charge,[2008.       5.      18.      18.      58.      12.609],24,B0006,470,4975,04975.csv,,,
impedance,[2008.       5.      18.      21.      59.      40.796],24,B0006,471,4976,04976.csv,,0.07632337493459862,0.1024320211016061
discharge,[2008.       5.      18.      22.      31.      45.515],24,B0006,472,4977,04977.csv,1.321225074066109,,
impedance,[2008.       5.      18.      23.      21.      28.437],24,B0006,473,4978,04978.csv,,0.07357181902429763,0.09759059351551938
charge,[2008.       5.      18.      23.      53.      33.781],24,B0006,474,4979,04979.csv,,,
impedance,[2.008e+03 5.000e+00 1.900e+01 2.000e+00 5.500e+01 2.843e+00],24,B0006,475,4980,04980.csv,,0.0749954456773232,0.10259630569279
discharge,[2008.       5.      19.       3.      27.       7.765],24,B0006,476,4981,04981.csv,1.3156485301862682,,
impedance,[2008.       5.      19.       4.      16.      50.453],24,B0006,477,4982,04982.csv,,0.07457692199537422,0.098332863281485
charge,[2008.       5.      19.       4.      48.      55.437],24,B0006,478,4983,04983.csv,,,
impedance,[2008.       5.      19.       7.      49.      12.843],24,B0006,479,4984,04984.csv,,0.07655910700249269,0.10301800475787612
discharge,[2008.       5.      19.      15.      34.      33.625],24,B0006,480,4985,04985.csv,1.3209025697502388,,
charge,[2008.       5.      19.      17.      58.      12.687],24,B0006,481,4986,04986.csv,,,
discharge,[2008.       5.      19.      20.      59.      48.437],24,B0006,482,4987,04987.csv,1.3474328767273906,,
charge,[2008.      5.     19.     22.      8.     37.25],24,B0006,483,4988,04988.csv,,,
discharge,[2.0080e+03 5.0000e+00 2.0000e+01 1.0000e+00 1.6000e+01 4.2609e+01],24,B0006,484,4989,04989.csv,1.3260128072353616,,
impedance,[2.0080e+03 5.0000e+00 2.0000e+01 2.0000e+00 6.0000e+00 3.2234e+01],24,B0006,485,4990,04990.csv,,0.07348534244575625,0.09721507881558597
charge,[2.0080e+03 5.0000e+00 2.0000e+01 2.0000e+00 3.8000e+01 3.5343e+01],24,B0006,486,4991,04991.csv,,,
impedance,[2008    5   20    5   40    3],24,B0006,487,4992,04992.csv,,0.07627816468715698,0.10209285250394709
discharge,[2008.       5.      20.       6.      12.       6.265],24,B0006,488,4993,04993.csv,1.3101186784831063,,
impedance,[2.008e+03 5.000e+00 2.000e+01 7.000e+00 1.000e+00 4.739e+01],24,B0006,489,4994,04994.csv,,0.07200798231511968,0.09467221621756744
charge,[2008.       5.      20.       7.      33.      50.828],24,B0006,490,4995,04995.csv,,,
impedance,[2008.       5.      20.      10.      35.      19.875],24,B0006,491,4996,04996.csv,,0.07628105077777647,0.10123049924820199
discharge,[2008.       5.      20.      11.       7.      23.453],24,B0006,492,4997,04997.csv,1.30521620229393,,
impedance,[2008.       5.      20.      11.      56.      55.343],24,B0006,493,4998,04998.csv,,0.07340853801638215,0.09646817904064085
charge,[2008.       5.      20.      12.      28.      58.687],24,B0006,494,4999,04999.csv,,,
impedance,[2008.       5.      20.      15.      25.      23.625],24,B0006,495,5000,05000.csv,,0.07559149558239868,0.10170048160813132
discharge,[2008.       5.      20.      15.      57.      27.312],24,B0006,496,5001,05001.csv,1.3004061951355774,,
impedance,[2008.       5.      20.      16.      46.      59.765],24,B0006,497,5002,05002.csv,,0.07368975629679228,0.09703678483745568
charge,[2008.       5.      20.      17.      19.       3.375],24,B0006,498,5003,05003.csv,,,
impedance,[2008.       5.      20.      20.      18.      35.187],24,B0006,499,5004,05004.csv,,0.07436926956755013,0.10195116957544287
discharge,[2008.       5.      20.      20.      50.      39.015],24,B0006,500,5005,05005.csv,1.300235735841116,,
impedance,[2008.       5.      20.      21.      40.      11.843],24,B0006,501,5006,05006.csv,,0.07251824118465043,0.09465591179063428
charge,[2008.       5.      20.      22.      12.      15.984],24,B0006,502,5007,05007.csv,,,
impedance,[2.008e+03 5.000e+00 2.100e+01 1.000e+00 7.000e+00 3.514e+01],24,B0006,503,5008,05008.csv,,0.07554946383264172,0.1033905552179119
discharge,[2.0080e+03 5.0000e+00 2.1000e+01 1.0000e+00 3.9000e+01 3.8968e+01],24,B0006,504,5009,05009.csv,1.2895066722480755,,
impedance,[2.008e+03 5.000e+00 2.100e+01 2.000e+00 2.900e+01 2.656e+00],24,B0006,505,5010,05010.csv,,0.07383014762823663,0.09770882689347758
charge,[2.008e+03 5.000e+00 2.100e+01 3.000e+00 1.000e+00 6.687e+00],24,B0006,506,5011,05011.csv,,,
impedance,[2008    5   21    5   52   23],24,B0006,507,5012,05012.csv,,0.07543780913259987,0.10190222500615645
discharge,[2008.       5.      21.       6.      24.      27.281],24,B0006,508,5013,05013.csv,1.279253057384795,,
impedance,[2008.      5.     21.      7.     13.     41.25],24,B0006,509,5014,05014.csv,,0.07329562021253073,0.09701097507123445
charge,[2008.       5.      21.       7.      45.      45.343],24,B0006,510,5015,05015.csv,,,
impedance,[2.008e+03 5.000e+00 2.100e+01 1.000e+01 4.600e+01 1.953e+00],24,B0006,511,5016,05016.csv,,0.0752830478385875,0.10212799871439257
discharge,[2008.       5.      21.      11.      18.       6.015],24,B0006,512,5017,05017.csv,1.2792078171714618,,
impedance,[2008.       5.      21.      12.       7.      20.984],24,B0006,513,5018,05018.csv,,0.07358700423436104,0.0984700686918705
charge,[2008.       5.      21.      12.      39.      25.421],24,B0006,514,5019,05019.csv,,,
impedance,[2008.       5.      21.      15.      38.      16.546],24,B0006,515,5020,05020.csv,,0.07504265846305132,0.10234809729911541
discharge,[2008.       5.      21.      16.      10.      21.203],24,B0006,516,5021,05021.csv,1.274036760902923,,
impedance,[2008.      5.     21.     16.     59.     36.14],24,B0006,517,5022,05022.csv,,0.07299830246064513,0.09674804588399895
charge,[2008.       5.      21.      17.      31.      40.671],24,B0006,518,5023,05023.csv,,,
impedance,[2008.       5.      21.      20.      30.       5.343],24,B0006,519,5024,05024.csv,,0.07493083270026814,0.10316530446995302
discharge,[2.008e+03 5.000e+00 2.100e+01 2.100e+01 2.000e+00 9.781e+00],24,B0006,520,5025,05025.csv,1.2741273923001468,,
impedance,[2008.       5.      21.      21.      51.      16.781],24,B0006,521,5026,05026.csv,,0.07317671448765889,0.09789006335131165
charge,[2008.       5.      21.      22.      23.      21.421],24,B0006,522,5027,05027.csv,,,
impedance,[2.0080e+03 5.0000e+00 2.2000e+01 1.0000e+00 1.0000e+01 5.4593e+01],24,B0006,523,5028,05028.csv,,0.07555918138378297,0.10171557782292613
discharge,[2.0080e+03 5.0000e+00 2.2000e+01 1.0000e+00 4.2000e+01 5.9218e+01],24,B0006,524,5029,05029.csv,1.2637639426440779,,
impedance,[2.008e+03 5.000e+00 2.200e+01 2.000e+00 3.200e+01 6.250e+00],24,B0006,525,5030,05030.csv,,0.07330671757566318,0.09867203700323107
charge,[2008.       5.      22.       3.       4.      11.015],24,B0006,526,5031,05031.csv,,,
impedance,[2008.       5.      22.       6.       0.      35.953],24,B0006,527,5032,05032.csv,,0.07529135855581007,0.10399050592213124
discharge,[2008.       5.      22.       6.      32.      40.921],24,B0006,528,5033,05033.csv,1.2581373688955233,,
impedance,[2008.       5.      22.       7.      21.      37.921],24,B0006,529,5034,05034.csv,,0.07381497446326195,0.09966717133921947
charge,[2008.       5.      22.       7.      53.      42.703],24,B0006,530,5035,05035.csv,,,
impedance,[2008.       5.      22.      10.      51.      17.265],24,B0006,531,5036,05036.csv,,0.07695888745317593,0.10278141799912464
discharge,[2008.       5.      22.      11.      23.      22.187],24,B0006,532,5037,05037.csv,1.253259864055301,,
impedance,[2008.       5.      22.      12.      12.      19.453],24,B0006,533,5038,05038.csv,,0.0749168340838373,0.09740913121594287
charge,[2008.       5.      22.      12.      44.      24.687],24,B0006,534,5039,05039.csv,,,
impedance,[2008.       5.      22.      15.      45.      53.515],24,B0006,535,5040,05040.csv,,0.07582454225155175,0.10410637069985224
discharge,[2008.      5.     22.     16.     17.     58.89],24,B0006,536,5041,05041.csv,1.2532313315493426,,
impedance,[2008.       5.      22.      17.       6.      57.515],24,B0006,537,5042,05042.csv,,0.07319733067893863,0.0986378767270153
charge,[2008.       5.      22.      17.      39.       2.953],24,B0006,538,5043,05043.csv,,,
impedance,[2008.       5.      22.      20.      27.      44.765],24,B0006,539,5044,05044.csv,,0.07591191584477391,0.10494385154400138
discharge,[2008.       5.      22.      20.      59.      50.203],24,B0006,540,5045,05045.csv,1.2480874960313577,,
impedance,[2008.       5.      22.      21.      48.      39.015],24,B0006,541,5046,05046.csv,,0.07412387969571942,0.09846760988701693
charge,[2008.      5.     22.     22.     20.     44.39],24,B0006,542,5047,05047.csv,,,
impedance,[2008.       5.      23.      11.      41.      10.187],24,B0006,543,5048,05048.csv,,0.07629297155319334,0.10647126315333194
discharge,[2008.       5.      23.      12.      13.      16.359],24,B0006,544,5049,05049.csv,1.2534354284944844,,
impedance,[2.0080e+03 5.0000e+00 2.3000e+01 1.3000e+01 2.0000e+00 1.5484e+01],24,B0006,545,5050,05050.csv,,0.07444944766297028,0.09763490351376954
charge,[2008.       5.      23.      17.      12.      57.796],24,B0006,546,5051,05051.csv,,,
discharge,[2008.       5.      23.      20.      14.      29.875],24,B0006,547,5052,05052.csv,1.2898048773266901,,
impedance,[2008.       5.      23.      21.       3.      54.921],24,B0006,548,5053,05053.csv,,0.07429801976099379,0.09727249699620968
charge,[2.008e+03 5.000e+00 2.300e+01 2.100e+01 3.600e+01 7.500e-01],24,B0006,549,5054,05054.csv,,,
impedance,[2008.       5.      24.       0.      37.      15.656],24,B0006,550,5055,05055.csv,,0.0752876188558989,0.10131281846755223
discharge,[2.0080e+03 5.0000e+00 2.4000e+01 1.0000e+00 9.0000e+00 2.1562e+01],24,B0006,551,5056,05056.csv,1.2635402021758835,,
impedance,[2.0080e+03 5.0000e+00 2.4000e+01 1.0000e+00 5.8000e+01 2.8718e+01],24,B0006,552,5057,05057.csv,,0.0732641449429155,0.09485788030578557
charge,[2.0080e+03 5.0000e+00 2.4000e+01 2.0000e+00 3.0000e+01 3.4593e+01],24,B0006,553,5058,05058.csv,,,
impedance,[2008.       5.      24.       5.      28.      14.078],24,B0006,554,5059,05059.csv,,0.07525091465096566,0.10263114150619053
discharge,[2008.       5.      24.       6.       0.      20.156],24,B0006,555,5060,05060.csv,1.2479761706842853,,
impedance,[2008.       5.      24.       6.      49.      19.062],24,B0006,556,5061,05061.csv,,0.07295338594839133,0.09709171535624934
charge,[2008.      5.     24.      7.     21.     25.14],24,B0006,557,5062,05062.csv,,,
impedance,[2008.       5.      24.      10.      10.      44.312],24,B0006,558,5063,05063.csv,,0.07579555842218386,0.10337622430701954
discharge,[2008.       5.      24.      10.      42.      50.484],24,B0006,559,5064,05064.csv,1.2321202877943334,,
impedance,[2008.       5.      24.      11.      31.      49.718],24,B0006,560,5065,05065.csv,,0.07229989931673016,0.09726851617156725
charge,[2008.       5.      24.      12.       3.      55.937],24,B0006,561,5066,05066.csv,,,
impedance,[2008.       5.      24.      14.      59.       4.171],24,B0006,562,5067,05067.csv,,0.07634314633390711,0.10459379391771405
discharge,[2008.       5.      24.      15.      31.      10.593],24,B0006,563,5068,05068.csv,1.2271137666213534,,
impedance,[2.008e+03 5.000e+00 2.400e+01 1.600e+01 2.000e+01 1.515e+00],24,B0006,564,5069,05069.csv,,0.07208193445058439,0.09632752730869723
charge,[2008.       5.      24.      16.      52.       7.875],24,B0006,565,5070,05070.csv,,,
impedance,[2008.       5.      24.      19.      49.       7.109],24,B0006,566,5071,05071.csv,,0.07548574752727838,0.10415670198896312
discharge,[2008.       5.      24.      20.      21.      13.437],24,B0006,567,5072,05072.csv,1.2217397581377356,,
impedance,[2008.       5.      24.      21.      10.       4.265],24,B0006,568,5073,05073.csv,,0.074020498261262,0.09921529436633025
charge,[2008.      5.     24.     21.     42.     10.75],24,B0006,569,5074,05074.csv,,,
impedance,[2008.      5.     25.      0.     34.     43.14],24,B0006,570,5075,05075.csv,,0.075678173941146,0.10498941605859084
discharge,[2.0080e+03 5.0000e+00 2.5000e+01 1.0000e+00 6.0000e+00 4.9828e+01],24,B0006,571,5076,05076.csv,1.211102678915174,,
impedance,[2.0080e+03 5.0000e+00 2.5000e+01 1.0000e+00 5.5000e+01 3.0531e+01],24,B0006,572,5077,05077.csv,,0.07451902070420802,0.09722241475542803
charge,[2.008e+03 5.000e+00 2.500e+01 2.000e+00 2.700e+01 3.725e+01],24,B0006,573,5078,05078.csv,,,
impedance,[2008.       5.      25.       5.      25.      11.093],24,B0006,574,5079,05079.csv,,0.07639730618221811,0.10625558495145841
discharge,[2008.      5.     25.      5.     57.     17.89],24,B0006,575,5080,05080.csv,1.2056159765131735,,
impedance,[2008.       5.      25.       6.      45.      59.203],24,B0006,576,5081,05081.csv,,0.07424018982352315,0.09804575972887292
charge,[2008.       5.      25.       7.      18.       6.015],24,B0006,577,5082,05082.csv,,,
impedance,[2008.       5.      25.      10.      19.      30.093],24,B0006,578,5083,05083.csv,,0.07554089552390525,0.10325199429925233
discharge,[2008.       5.      25.      10.      51.      37.015],24,B0006,579,5084,05084.csv,1.2008936262717274,,
impedance,[2008.       5.      25.      11.      40.       9.609],24,B0006,580,5085,05085.csv,,0.0751269930267548,0.0976015207267083
charge,[2008.       5.      25.      12.      12.      16.578],24,B0006,581,5086,05086.csv,,,
impedance,[2.008e+03 5.000e+00 2.500e+01 1.500e+01 5.000e+00 1.687e+00],24,B0006,582,5087,05087.csv,,0.07758555911246837,0.10473113760753461
discharge,[2008.      5.     25.     15.     37.      8.89],24,B0006,583,5088,05088.csv,1.1905903985558335,,
impedance,[2008.      5.     25.     16.     25.     42.25],24,B0006,584,5089,05089.csv,,0.07300304718574424,0.09986121453402325
charge,[2008.       5.      25.      16.      57.      49.359],24,B0006,585,5090,05090.csv,,,
impedance,[2008.       5.      25.      19.      50.      54.953],24,B0006,586,5091,05091.csv,,0.07914099539982122,0.10410597469599145
discharge,[2008.       5.      25.      20.      23.       4.453],24,B0006,587,5092,05092.csv,1.185179251041941,,
impedance,[2008.       5.      25.      21.      11.      31.515],24,B0006,588,5093,05093.csv,,0.0733791162898153,0.10012439870046425
charge,[2008.       5.      25.      21.      43.      40.953],24,B0006,589,5094,05094.csv,,,
impedance,[2008.       5.      26.       0.      40.      52.859],24,B0006,590,5095,05095.csv,,0.07703480377026387,0.1043025357256912
discharge,[2.008e+03 5.000e+00 2.600e+01 1.000e+00 1.300e+01 2.796e+00],24,B0006,591,5096,05096.csv,1.1796706818144624,,
impedance,[2.0080e+03 5.0000e+00 2.6000e+01 2.0000e+00 1.0000e+00 2.9328e+01],24,B0006,592,5097,05097.csv,,0.07400638737748559,0.10058214210272005
charge,[2.0080e+03 5.0000e+00 2.6000e+01 2.0000e+00 3.3000e+01 3.9031e+01],24,B0006,593,5098,05098.csv,,,
impedance,[2008.       5.      26.       5.      28.      58.109],24,B0006,594,5099,05099.csv,,0.07558657312230183,0.10545022867710716
discharge,[2.008e+03 5.000e+00 2.600e+01 6.000e+00 1.000e+00 8.171e+00],24,B0006,595,5100,05100.csv,1.1745952836753915,,
impedance,[2008.       5.      26.       6.      49.      35.046],24,B0006,596,5101,05101.csv,,0.07445731304872845,0.09771765292275987
charge,[2008.       5.      26.       7.      21.      44.953],24,B0006,597,5102,05102.csv,,,
impedance,[2008.       5.      26.      10.      12.      28.125],24,B0006,598,5103,05103.csv,,0.07680024027253078,0.10505838895245793
discharge,[2008.       5.      26.      10.      44.      38.468],24,B0006,599,5104,05104.csv,1.15381833159625,,
impedance,[2008.       5.      26.      11.      32.      56.968],24,B0006,600,5105,05105.csv,,0.07404961895766839,0.10004265315557904
charge,[2008.       5.      26.      12.       5.       7.078],24,B0006,601,5106,05106.csv,,,
impedance,[2008.       5.      26.      14.      58.      33.218],24,B0006,602,5107,05107.csv,,0.07773379473968531,0.1055258410926404
discharge,[2008.       5.      26.      15.      30.      43.968],24,B0006,603,5108,05108.csv,1.1644009557372264,,
impedance,[2008.       5.      26.      16.      19.       2.828],24,B0006,604,5109,05109.csv,,0.07345356672681479,0.09958433419834246
charge,[2008.       5.      26.      16.      51.      13.375],24,B0006,605,5110,05110.csv,,,
impedance,[2008.       5.      26.      19.      48.      54.421],24,B0006,606,5111,05111.csv,,0.07649758460967311,0.10668360253694291
discharge,[2008.       5.      26.      20.      21.       4.921],24,B0006,607,5112,05112.csv,1.1587974947916069,,
impedance,[2008.      5.     26.     21.      9.     22.89],24,B0006,608,5113,05113.csv,,0.07429181207917376,0.10145770673563659
charge,[2008.       5.      26.      21.      41.      33.468],24,B0006,609,5114,05114.csv,,,
impedance,[2008.       5.      27.       0.      27.      55.562],24,B0006,610,5115,05115.csv,,0.07693445086160708,0.10589812281309796
discharge,[2008.       5.      27.      15.      52.      41.359],24,B0006,611,5116,05116.csv,1.1749748834769171,,
charge,[2008.       5.      27.      17.      53.      59.765],24,B0006,612,5117,05117.csv,,,
discharge,[2008.       5.      27.      20.      45.      42.125],24,B0006,613,5118,05118.csv,1.1856752327929356,,
impedance,[2008.      5.     27.     21.     34.     28.64],24,B0006,614,5119,05119.csv,,0.07358936787982846,0.09999474026181411
charge,[2008.       5.      28.      11.       9.      42.046],24,B0006,615,5120,05120.csv,,,
charge,[2.0080e+03 4.0000e+00 2.0000e+00 1.3000e+01 8.0000e+00 1.7921e+01],24,B0007,0,5737,05737.csv,,,
discharge,[2.0080e+03 4.0000e+00 2.0000e+00 1.5000e+01 2.5000e+01 4.1593e+01],24,B0007,1,5738,05738.csv,1.89105229539079,,
charge,[2.0080e+03 4.0000e+00 2.0000e+00 1.6000e+01 3.7000e+01 5.1984e+01],24,B0007,2,5739,05739.csv,,,
discharge,[2.0080e+03 4.0000e+00 2.0000e+00 1.9000e+01 4.3000e+01 4.8406e+01],24,B0007,3,5740,05740.csv,1.880637027686859,,
charge,[2.0080e+03 4.0000e+00 2.0000e+00 2.0000e+01 5.5000e+01 4.0812e+01],24,B0007,4,5741,05741.csv,,,
discharge,[2.008e+03 4.000e+00 3.000e+00 0.000e+00 1.000e+00 6.687e+00],24,B0007,5,5742,05742.csv,1.8806626717011388,,
charge,[2.0080e+03 4.0000e+00 3.0000e+00 1.0000e+00 1.2000e+01 3.8671e+01],24,B0007,6,5743,05743.csv,,,
discharge,[2008.       4.       3.       4.      16.      37.375],24,B0007,7,5744,05744.csv,1.8807709009833444,,
charge,[2008.       4.       3.       5.      27.      49.125],24,B0007,8,5745,05745.csv,,,
discharge,[2008.       4.       3.       8.      33.      25.703],24,B0007,9,5746,05746.csv,1.8794508728285058,,
charge,[2008.       4.       3.       9.      44.      35.078],24,B0007,10,5747,05747.csv,,,
discharge,[2008.       4.       3.      12.      55.      10.687],24,B0007,11,5748,05748.csv,1.8807003517117404,,
charge,[2008.       4.       3.      14.       6.      43.234],24,B0007,12,5749,05749.csv,,,
discharge,[2008.       4.       3.      17.      17.      16.015],24,B0007,13,5750,05750.csv,1.8799352523566075,,
charge,[2008.       4.       3.      18.      28.      47.125],24,B0007,14,5751,05751.csv,,,
discharge,[2008.       4.       3.      21.      28.      14.718],24,B0007,15,5752,05752.csv,1.8815088124038797,,
charge,[2008.       4.       3.      22.      38.      27.453],24,B0007,16,5753,05753.csv,,,
discharge,[2.0080e+03 4.0000e+00 4.0000e+00 1.0000e+00 3.8000e+01 1.5218e+01],24,B0007,17,5754,05754.csv,1.8696907870385844,,
charge,[2.008e+03 4.000e+00 4.000e+00 2.000e+00 4.800e+01 6.156e+00],24,B0007,18,5755,05755.csv,,,
discharge,[2008.       4.       4.       5.      48.       8.609],24,B0007,19,5756,05756.csv,1.870052380139199,,
charge,[2.008e+03 4.000e+00 4.000e+00 6.000e+00 5.800e+01 2.960e-01],24,B0007,20,5757,05757.csv,,,
discharge,[2008.       4.       4.       9.      57.      19.765],24,B0007,21,5758,05758.csv,1.8700442394188577,,
charge,[2008.       4.       4.      11.       6.      50.375],24,B0007,22,5759,05759.csv,,,
charge,[2008.       4.       4.      15.       5.      59.906],24,B0007,23,5760,05760.csv,,,
discharge,[2008.       4.       4.      17.      56.      27.609],24,B0007,24,5761,05761.csv,1.8596518987766364,,
charge,[2008.       4.       4.      19.       5.      19.234],24,B0007,25,5762,05762.csv,,,
discharge,[2.0080e+03 4.0000e+00 4.0000e+00 2.2000e+01 1.0000e+00 5.4671e+01],24,B0007,26,5763,05763.csv,1.8590746560862206,,
charge,[2008.       4.       4.      23.      10.      25.421],24,B0007,27,5764,05764.csv,,,
discharge,[2.0080e+03 4.0000e+00 5.0000e+00 2.0000e+00 2.0000e+01 2.6703e+01],24,B0007,28,5765,05765.csv,1.8590084577709232,,
charge,[2008.       4.       5.       3.      28.      57.234],24,B0007,29,5766,05766.csv,,,
discharge,[2.008e+03 4.000e+00 5.000e+00 6.000e+00 2.500e+01 1.890e+00],24,B0007,30,5767,05767.csv,1.8593622586957048,,
charge,[2008.       4.       5.       7.      33.      12.734],24,B0007,31,5768,05768.csv,,,
discharge,[2008.       4.       5.      10.      30.      32.312],24,B0007,32,5769,05769.csv,1.8587355450601035,,
charge,[2008.      4.      5.     11.     38.     22.14],24,B0007,33,5770,05770.csv,,,
discharge,[2008.       4.       5.      14.      34.      41.468],24,B0007,34,5771,05771.csv,1.847817291322145,,
charge,[2008.       4.       5.      15.      42.      11.531],24,B0007,35,5772,05772.csv,,,
discharge,[2008.       4.       5.      18.      39.      25.218],24,B0007,36,5773,05773.csv,1.8485252916137047,,
charge,[2008.       4.       5.      19.      46.      36.125],24,B0007,37,5774,05774.csv,,,
discharge,[2008.       4.       5.      22.      46.      35.484],24,B0007,38,5775,05775.csv,1.848378951850034,,
charge,[2008.      4.     18.     17.     34.     22.89],24,B0007,39,5776,05776.csv,,,
impedance,[2008.       4.      18.      20.      55.      29.859],24,B0007,40,5777,05777.csv,,0.03816813609946085,0.06158094574229446
discharge,[2008.       4.      18.      21.      10.      19.796],24,B0007,41,5778,05778.csv,1.8807805437609766,,
impedance,[2008.       4.      18.      22.      39.      16.312],24,B0007,42,5779,05779.csv,,0.042352200255114755,0.07946205744298855
charge,[2008.       4.      18.      22.      53.      58.343],24,B0007,43,5780,05780.csv,,,
impedance,[2.0080e+03 4.0000e+00 1.9000e+01 2.0000e+00 1.4000e+01 2.7015e+01],24,B0007,44,5781,05781.csv,,0.03971312292013592,0.06180654339682964
discharge,[2008    4   19    2   29    9],24,B0007,45,5782,05782.csv,1.8814721597443598,,
impedance,[2008.       4.      19.       3.      57.      24.187],24,B0007,46,5783,05783.csv,,0.04171928239305599,0.08085099253522705
charge,[2008.       4.      19.       4.      12.       6.343],24,B0007,47,5784,05784.csv,,,
impedance,[2008.       4.      19.       7.      32.      33.656],24,B0007,48,5785,05785.csv,,0.03840146399106517,0.06100130384680727
discharge,[2008.       4.      19.       7.      47.      15.703],24,B0007,49,5786,05786.csv,1.8810954313244785,,
impedance,[2008.       4.      19.       9.      15.      10.453],24,B0007,50,5787,05787.csv,,0.041725543288745344,0.07324252372827775
charge,[2008.       4.      19.       9.      29.      52.703],24,B0007,51,5788,05788.csv,,,
impedance,[2.008e+03 4.000e+00 1.900e+01 1.200e+01 4.700e+01 4.210e-01],24,B0007,52,5789,05789.csv,,0.0371051772037323,0.06007565108189894
discharge,[2.0080e+03 4.0000e+00 1.9000e+01 1.3000e+01 1.0000e+00 4.2562e+01],24,B0007,53,5790,05790.csv,1.8710089649779995,,
impedance,[2008.       4.      19.      14.      28.      58.984],24,B0007,54,5791,05791.csv,,0.039929523505293565,0.07752548996987343
charge,[2008.       4.      19.      14.      43.      41.265],24,B0007,55,5792,05792.csv,,,
impedance,[2008.       4.      19.      18.      12.      47.531],24,B0007,56,5793,05793.csv,,0.037833946033938984,0.061293760421866045
discharge,[2008.       4.      19.      18.      27.      29.828],24,B0007,57,5794,05794.csv,1.8701995151941375,,
impedance,[2008.       4.      19.      19.      55.       5.296],24,B0007,58,5795,05795.csv,,0.040868280768717374,0.07683869552898764
charge,[2008.      4.     19.     20.      9.     47.75],24,B0007,59,5796,05796.csv,,,
impedance,[2008.       4.      19.      23.      27.      13.343],24,B0007,60,5797,05797.csv,,0.037520425405365855,0.060073134186248135
discharge,[2008.       4.      19.      23.      41.      55.687],24,B0007,61,5798,05798.csv,1.8706715362800985,,
impedance,[2.0080e+03 4.0000e+00 2.0000e+01 1.0000e+00 8.0000e+00 1.1406e+01],24,B0007,62,5799,05799.csv,,0.04169865656080958,0.0720729677827527
charge,[2.0080e+03 4.0000e+00 2.0000e+01 1.0000e+00 2.2000e+01 5.3953e+01],24,B0007,63,5800,05800.csv,,,
impedance,[2008.       4.      20.       4.      39.      59.296],24,B0007,64,5801,05801.csv,,0.03739727137150672,0.0612330724542185
discharge,[2008.       4.      20.       4.      54.      41.734],24,B0007,65,5802,05802.csv,1.8596124644020169,,
impedance,[2008.       4.      20.       6.      20.      57.125],24,B0007,66,5803,05803.csv,,0.03998676920342006,0.07363674363826805
charge,[2008.       4.      20.       6.      35.      39.765],24,B0007,67,5804,05804.csv,,,
impedance,[2.0080e+03 4.0000e+00 2.0000e+01 1.0000e+01 1.0000e+00 4.6156e+01],24,B0007,68,5805,05805.csv,,0.03591968009886427,0.06057069111701671
discharge,[2008.       4.      20.      10.      16.      28.859],24,B0007,69,5806,05806.csv,1.860033909718346,,
impedance,[2008.       4.      20.      11.      42.      26.062],24,B0007,70,5807,05807.csv,,0.04146824914736063,0.06954303801749961
charge,[2008.       4.      20.      11.      57.       8.765],24,B0007,71,5808,05808.csv,,,
impedance,[2008.      4.     20.     15.     22.     22.64],24,B0007,72,5809,05809.csv,,0.03738579892114978,0.06131737602920535
discharge,[2008.       4.      20.      15.      37.       5.281],24,B0007,73,5810,05810.csv,1.8591653109160768,,
impedance,[2.008e+03 4.000e+00 2.000e+01 1.700e+01 3.000e+00 1.140e+00],24,B0007,74,5811,05811.csv,,0.040910536950841486,0.06973813181143433
charge,[2008.       4.      20.      17.      17.      44.031],24,B0007,75,5812,05812.csv,,,
impedance,[2008.       4.      20.      20.      35.      56.187],24,B0007,76,5813,05813.csv,,0.03789058841967389,0.06032875855026001
discharge,[2008.       4.      20.      20.      50.      38.921],24,B0007,77,5814,05814.csv,1.8481398178778288,,
impedance,[2008.       4.      20.      22.      16.      35.078],24,B0007,78,5815,05815.csv,,0.040097248859574955,0.07288145197811349
charge,[2008.       4.      20.      22.      31.      18.046],24,B0007,79,5816,05816.csv,,,
impedance,[2.0080e+03 4.0000e+00 2.1000e+01 2.0000e+00 0.0000e+00 1.9968e+01],24,B0007,80,5817,05817.csv,,0.03715722957533256,0.06103479269674707
discharge,[2.008e+03 4.000e+00 2.100e+01 2.000e+00 1.500e+01 2.921e+00],24,B0007,81,5818,05818.csv,1.849201702126164,,
impedance,[2008.       4.      21.       3.      26.      58.453],24,B0007,82,5819,05819.csv,,0.04119201955867326,0.06848356653346994
charge,[2008.       4.      21.      17.      51.      26.312],24,B0007,83,5820,05820.csv,,,
charge,[2008.       4.      22.      14.      15.      41.187],24,B0007,84,5821,05821.csv,,,
discharge,[2008.       4.      22.      15.      33.      49.875],24,B0007,85,5822,05822.csv,1.8834677437950846,,
impedance,[2008.       4.      22.      16.      33.       3.953],24,B0007,86,5823,05823.csv,,0.04105669646645134,0.07065997133250308
charge,[2008.       4.      22.      17.       4.      53.218],24,B0007,87,5824,05824.csv,,,
impedance,[2008.       4.      22.      19.      54.      32.265],24,B0007,88,5825,05825.csv,,0.041759405414555945,0.06445608820977453
discharge,[2008.       4.      22.      20.      26.      18.921],24,B0007,89,5826,05826.csv,1.8628211117905844,,
impedance,[2008.       4.      22.      21.      24.      34.484],24,B0007,90,5827,05827.csv,,0.04119459773687198,0.07022095542831697
charge,[2008.       4.      22.      21.      56.      21.406],24,B0007,91,5828,05828.csv,,,
impedance,[2008.       4.      23.       0.      46.      24.921],24,B0007,92,5829,05829.csv,,0.04232704798626884,0.06414150947613172
discharge,[2.0080e+03 4.0000e+00 2.3000e+01 1.0000e+00 1.8000e+01 1.1796e+01],24,B0007,93,5830,05830.csv,1.852085039652352,,
impedance,[2.008e+03 4.000e+00 2.300e+01 2.000e+00 1.600e+01 8.578e+00],24,B0007,94,5831,05831.csv,,0.03996874022966617,0.06812474119697177
charge,[2.0080e+03 4.0000e+00 2.3000e+01 2.0000e+00 4.7000e+01 5.5453e+01],24,B0007,95,5832,05832.csv,,,
impedance,[2008.      4.     23.      5.     46.     32.89],24,B0007,96,5833,05833.csv,,0.03967286398299121,0.06333755034552216
discharge,[2008.       4.      23.       6.      18.      19.921],24,B0007,97,5834,05834.csv,1.8469504648208708,,
impedance,[2008.       4.      23.       7.      16.       7.671],24,B0007,98,5835,05835.csv,,0.03979410788978178,0.06877945536158117
charge,[2008.       4.      23.       7.      47.      54.718],24,B0007,99,5836,05836.csv,,,
impedance,[2008.       4.      23.      10.      36.      13.156],24,B0007,100,5837,05837.csv,,0.04046536725285732,0.06397225205950727
discharge,[2.008e+03 4.000e+00 2.300e+01 1.100e+01 8.000e+00 3.120e-01],24,B0007,101,5838,05838.csv,1.836828431169018,,
impedance,[2008.       4.      23.      12.       5.      30.437],24,B0007,102,5839,05839.csv,,0.04093901824195282,0.06675223084774302
charge,[2008.       4.      23.      12.      37.      17.515],24,B0007,103,5840,05840.csv,,,
impedance,[2008.       4.      23.      15.      34.      37.843],24,B0007,104,5841,05841.csv,,0.04083099544598788,0.06292223531520325
discharge,[2008.       4.      23.      16.       6.      25.171],24,B0007,105,5842,05842.csv,1.8371619619672275,,
impedance,[2008.       4.      23.      17.       3.      55.484],24,B0007,106,5843,05843.csv,,0.041067363565729334,0.0662850303940424
charge,[2008.       4.      23.      17.      35.      42.828],24,B0007,107,5844,05844.csv,,,
impedance,[2008.      4.     23.     20.     31.     10.75],24,B0007,108,5845,05845.csv,,0.04078701229987664,0.06338858492819599
discharge,[2.0080e+03 4.0000e+00 2.3000e+01 2.1000e+01 2.0000e+00 5.8296e+01],24,B0007,109,5846,05846.csv,1.8316722583718854,,
impedance,[2008.       4.      23.      22.       0.      19.218],24,B0007,110,5847,05847.csv,,0.041661708894818184,0.06816357758679417
charge,[2008.       4.      23.      22.      32.       6.671],24,B0007,111,5848,05848.csv,,,
impedance,[2.0080e+03 4.0000e+00 2.4000e+01 1.0000e+00 1.9000e+01 4.6171e+01],24,B0007,112,5849,05849.csv,,0.03981735939635393,0.06446689612483536
discharge,[2.008e+03 4.000e+00 2.400e+01 1.000e+00 5.100e+01 3.389e+01],24,B0007,113,5850,05850.csv,1.8211470951317783,,
impedance,[2.0080e+03 4.0000e+00 2.4000e+01 2.0000e+00 4.8000e+01 3.5687e+01],24,B0007,114,5851,05851.csv,,0.040333531003242,0.06552022262244311
charge,[2008.       4.      24.       3.      20.      23.359],24,B0007,115,5852,05852.csv,,,
impedance,[2008.       4.      24.       6.      18.      12.171],24,B0007,116,5853,05853.csv,,0.03879098770177327,0.06280987925671022
discharge,[2.008e+03 4.000e+00 2.400e+01 6.000e+00 5.000e+01 3.100e-02],24,B0007,117,5854,05854.csv,1.816506091511515,,
impedance,[2008.       4.      24.       7.      46.      53.906],24,B0007,118,5855,05855.csv,,0.039800320946257906,0.06501329487260551
charge,[2008.       4.      24.       8.      18.      41.703],24,B0007,119,5856,05856.csv,,,
impedance,[2008.       4.      24.      11.      17.      36.359],24,B0007,120,5857,05857.csv,,0.04135849902166442,0.06409309629130175
discharge,[2008.       4.      24.      11.      49.      24.281],24,B0007,121,5858,05858.csv,1.8113815601504555,,
impedance,[2008.       4.      24.      12.      46.       8.171],24,B0007,122,5859,05859.csv,,0.04068161380288319,0.06480202845662458
charge,[2008.      4.     24.     13.     17.     56.25],24,B0007,123,5860,05860.csv,,,
impedance,[2008.       4.      24.      16.      14.       7.906],24,B0007,124,5861,05861.csv,,0.04198813216408782,0.06290743673977844
discharge,[2008.       4.      24.      16.      45.      56.015],24,B0007,125,5862,05862.csv,1.8116056333939583,,
impedance,[2008.       4.      24.      17.      42.      40.796],24,B0007,126,5863,05863.csv,,0.04069176276675313,0.06403224799847893
charge,[2008.       4.      24.      18.      14.      28.937],24,B0007,127,5864,05864.csv,,,
impedance,[2008.       4.      24.      21.       6.      22.828],24,B0007,128,5865,05865.csv,,0.0410635565050997,0.06183018814159419
discharge,[2008.       4.      24.      21.      38.      11.078],24,B0007,129,5866,05866.csv,1.8060548955557403,,
impedance,[2008.       4.      24.      22.      34.      45.921],24,B0007,130,5867,05867.csv,,0.04036112042873984,0.06359181730010477
charge,[2008.       4.      24.      23.       6.      34.156],24,B0007,131,5868,05868.csv,,,
impedance,[2.008e+03 4.000e+00 2.500e+01 1.000e+00 5.700e+01 7.593e+00],24,B0007,132,5869,05869.csv,,0.0397095688006817,0.06308316873083149
discharge,[2008.       4.      25.      12.       3.      44.093],24,B0007,133,5870,05870.csv,1.8132041826994056,,
charge,[2.0080e+03 4.0000e+00 2.5000e+01 1.7000e+01 2.0000e+00 3.5703e+01],24,B0007,134,5871,05871.csv,,,
discharge,[2008.       4.      25.      20.       3.      55.921],24,B0007,135,5872,05872.csv,1.8062641938283535,,
impedance,[2008.       4.      25.      21.       0.      31.421],24,B0007,136,5873,05873.csv,,0.04725020480421689,0.07272586091049475
charge,[2008.       4.      25.      21.      32.      20.468],24,B0007,137,5874,05874.csv,,,
impedance,[2008.       4.      26.       0.      32.      46.968],24,B0007,138,5875,05875.csv,,0.04658869845988432,0.06938696400889426
discharge,[2.0080e+03 4.0000e+00 2.6000e+01 1.0000e+00 4.0000e+00 3.5718e+01],24,B0007,139,5876,05876.csv,1.7958310249900458,,
impedance,[2.0080e+03 4.0000e+00 2.6000e+01 2.0000e+00 0.0000e+00 5.2359e+01],24,B0007,140,5877,05877.csv,,0.046165351746082724,0.07140516250476096
charge,[2.0080e+03 4.0000e+00 2.6000e+01 2.0000e+00 3.2000e+01 4.1093e+01],24,B0007,141,5878,05878.csv,,,
impedance,[2008.       4.      26.       5.      25.      46.234],24,B0007,142,5879,05879.csv,,0.045058966847244336,0.06928051739204368
discharge,[2008.      4.     26.      5.     57.     35.14],24,B0007,143,5880,05880.csv,1.7858852600390451,,
impedance,[2008.       4.      26.       6.      53.      34.171],24,B0007,144,5881,05881.csv,,0.04588397322290627,0.06926007196689592
charge,[2008.       4.      26.       7.      25.      23.031],24,B0007,145,5882,05882.csv,,,
impedance,[2008.       4.      26.      10.      26.      36.718],24,B0007,146,5883,05883.csv,,0.04581384765227875,0.06966533025568689
discharge,[2008.       4.      26.      10.      58.      25.843],24,B0007,147,5884,05884.csv,1.7803268604502753,,
charge,[2008.       4.      28.      17.      20.      47.859],24,B0007,148,5885,05885.csv,,,
discharge,[2008.       4.      29.      12.      15.      56.953],24,B0007,149,5886,05886.csv,1.8150756899575577,,
impedance,[2008.       4.      29.      13.      12.      54.375],24,B0007,150,5887,05887.csv,,0.04922145778943997,0.07134263821575189
charge,[2008.       4.      29.      13.      44.      46.546],24,B0007,151,5888,05888.csv,,,
impedance,[2008.       4.      29.      16.      33.      38.281],24,B0007,152,5889,05889.csv,,0.04888655382152031,0.06968514370622465
discharge,[2008.       4.      29.      17.       5.      27.781],24,B0007,153,5890,05890.csv,1.8157025154845838,,
impedance,[2.0080e+03 4.0000e+00 2.9000e+01 1.8000e+01 2.0000e+00 2.1296e+01],24,B0007,154,5891,05891.csv,,0.0483951365393567,0.07135159504195451
charge,[2008.       4.      29.      18.      34.      10.656],24,B0007,155,5892,05892.csv,,,
impedance,[2008.      4.     29.     21.     28.     15.14],24,B0007,156,5893,05893.csv,,0.04805522182634865,0.06988641944387855
discharge,[2008.      4.     29.     22.      0.      4.75],24,B0007,157,5894,05894.csv,1.8002432178056673,,
impedance,[2008.       4.      29.      22.      56.      30.656],24,B0007,158,5895,05895.csv,,0.04880060650708679,0.07055158255812932
charge,[2008.       4.      29.      23.      28.      20.218],24,B0007,159,5896,05896.csv,,,
impedance,[2.008e+03 4.000e+00 3.000e+01 2.000e+00 1.200e+01 5.609e+00],24,B0007,160,5897,05897.csv,,0.047509200748586077,0.07037254012210739
discharge,[2.0080e+03 4.0000e+00 3.0000e+01 2.0000e+00 4.3000e+01 5.5312e+01],24,B0007,161,5898,05898.csv,1.7904476205609308,,
impedance,[2008.      4.     30.      3.     40.      3.39],24,B0007,162,5899,05899.csv,,0.047771007804623865,0.07071182578495028
charge,[2008.       4.      30.       4.      11.      53.078],24,B0007,163,5900,05900.csv,,,
impedance,[2008.       4.      30.       7.       9.      52.656],24,B0007,164,5901,05901.csv,,0.048179914298366426,0.07048007986898036
discharge,[2008.       4.      30.       7.      41.      42.578],24,B0007,165,5902,05902.csv,1.780343032300132,,
impedance,[2008.       4.      30.       8.      37.      42.406],24,B0007,166,5903,05903.csv,,0.04807094716422849,0.07168496170621791
charge,[2008.       4.      30.       9.       9.      32.281],24,B0007,167,5904,05904.csv,,,
impedance,[2008.       4.      30.      11.      56.      59.203],24,B0007,168,5905,05905.csv,,0.04853240735824653,0.07034952369656776
discharge,[2008.       4.      30.      12.      28.      49.265],24,B0007,169,5906,05906.csv,1.775328769596812,,
impedance,[2008.       4.      30.      13.      24.      39.734],24,B0007,170,5907,05907.csv,,0.04812925712317766,0.07103622899681207
charge,[2008.       4.      30.      13.      56.      29.843],24,B0007,171,5908,05908.csv,,,
impedance,[2008.       4.      30.      16.      48.      25.875],24,B0007,172,5909,05909.csv,,0.04974625536405859,0.07095960275807538
discharge,[2008.      4.     30.     17.     20.     16.14],24,B0007,173,5910,05910.csv,1.7702629734732853,,
impedance,[2008.      4.     30.     18.     16.      7.25],24,B0007,174,5911,05911.csv,,0.04905350092860657,0.0716505512430741
charge,[2008.      4.     30.     18.     47.     57.39],24,B0007,175,5912,05912.csv,,,
impedance,[2008.       4.      30.      21.      43.       3.656],24,B0007,176,5913,05913.csv,,0.04989362821249148,0.06988750479775756
discharge,[2008.       4.      30.      22.      14.      54.062],24,B0007,177,5914,05914.csv,1.760081061854204,,
impedance,[2008.       4.      30.      23.      10.      36.859],24,B0007,178,5915,05915.csv,,0.047713850867314125,0.07104861014688077
charge,[2008.      4.     30.     23.     42.     27.25],24,B0007,179,5916,05916.csv,,,
impedance,[2.0080e+03 5.0000e+00 1.0000e+00 2.0000e+00 4.3000e+01 4.2562e+01],24,B0007,180,5917,05917.csv,,0.04762093306188868,0.06959637470924757
discharge,[2.008e+03 5.000e+00 1.000e+00 3.000e+00 1.500e+01 3.314e+01],24,B0007,181,5918,05918.csv,1.749647593537689,,
impedance,[2.008e+03 5.000e+00 1.000e+00 4.000e+00 1.100e+01 7.078e+00],24,B0007,182,5919,05919.csv,,0.04799398254598553,0.07155340020297168
charge,[2.0080e+03 5.0000e+00 1.0000e+00 4.0000e+00 4.2000e+01 5.7703e+01],24,B0007,183,5920,05920.csv,,,
impedance,[2.0080e+03 5.0000e+00 1.0000e+00 7.0000e+00 4.4000e+01 1.2656e+01],24,B0007,184,5921,05921.csv,,0.04647996212810349,0.07109805169409975
discharge,[2.008e+03 5.000e+00 1.000e+00 8.000e+00 1.600e+01 3.343e+00],24,B0007,185,5922,05922.csv,1.749650075059311,,
impedance,[2.0080e+03 5.0000e+00 1.0000e+00 9.0000e+00 1.1000e+01 2.7593e+01],24,B0007,186,5923,05923.csv,,0.04743838010781302,0.07011601815239543
charge,[2.0080e+03 5.0000e+00 1.0000e+00 9.0000e+00 4.3000e+01 1.8359e+01],24,B0007,187,5924,05924.csv,,,
impedance,[2.0080e+03 5.0000e+00 1.0000e+00 1.2000e+01 4.2000e+01 3.4015e+01],24,B0007,188,5925,05925.csv,,0.04796925031131609,0.07089251138004057
discharge,[2.0080e+03 5.0000e+00 1.0000e+00 1.3000e+01 1.4000e+01 2.4875e+01],24,B0007,189,5926,05926.csv,1.745028739214683,,
impedance,[2.008e+03 5.000e+00 1.000e+00 1.400e+01 9.000e+00 5.064e+01],24,B0007,190,5927,05927.csv,,0.048992220667641126,0.07040814900058472
charge,[2.0080e+03 5.0000e+00 1.0000e+00 1.4000e+01 4.1000e+01 4.1578e+01],24,B0007,191,5928,05928.csv,,,
impedance,[2.0080e+03 5.0000e+00 1.0000e+00 1.7000e+01 3.9000e+01 2.0015e+01],24,B0007,192,5929,05929.csv,,0.04822541815588505,0.07097691576307026
discharge,[2.0080e+03 5.0000e+00 1.0000e+00 1.8000e+01 1.1000e+01 1.0984e+01],24,B0007,193,5930,05930.csv,1.7396457455286727,,
impedance,[2.0080e+03 5.0000e+00 1.0000e+00 1.9000e+01 6.0000e+00 2.6859e+01],24,B0007,194,5931,05931.csv,,0.04821470056663109,0.06961687203754899
charge,[2.0080e+03 5.0000e+00 1.0000e+00 1.9000e+01 3.8000e+01 1.7968e+01],24,B0007,195,5932,05932.csv,,,
impedance,[2.0080e+03 5.0000e+00 1.0000e+00 2.2000e+01 3.8000e+01 2.4062e+01],24,B0007,196,5933,05933.csv,,0.04908955036286932,0.07022873713037443
discharge,[2.0080e+03 5.0000e+00 1.0000e+00 2.3000e+01 1.0000e+01 1.5265e+01],24,B0007,197,5934,05934.csv,1.7285642277717963,,
impedance,[2.0080e+03 5.0000e+00 2.0000e+00 0.0000e+00 5.0000e+00 3.1015e+01],24,B0007,198,5935,05935.csv,,0.047912972518477946,0.06948120171428374
charge,[2.0080e+03 5.0000e+00 2.0000e+00 0.0000e+00 3.7000e+01 2.2234e+01],24,B0007,199,5936,05936.csv,,,
impedance,[2.0080e+03 5.0000e+00 2.0000e+00 3.0000e+00 2.1000e+01 4.3218e+01],24,B0007,200,5937,05937.csv,,0.048817413924019566,0.07189407403925935
discharge,[2.0080e+03 5.0000e+00 2.0000e+00 3.0000e+00 5.3000e+01 3.4765e+01],24,B0007,201,5938,05938.csv,1.723900324588418,,
impedance,[2.0080e+03 5.0000e+00 2.0000e+00 4.0000e+00 4.8000e+01 3.3343e+01],24,B0007,202,5939,05939.csv,,0.04761040788727024,0.0703612147830665
charge,[2.0080e+03 5.0000e+00 2.0000e+00 5.0000e+00 2.0000e+01 2.4687e+01],24,B0007,203,5940,05940.csv,,,
impedance,[2.0080e+03 5.0000e+00 2.0000e+00 8.0000e+00 1.2000e+01 4.9328e+01],24,B0007,204,5941,05941.csv,,0.04889219507251717,0.07012605128802055
discharge,[2.0080e+03 5.0000e+00 2.0000e+00 8.0000e+00 4.4000e+01 4.0859e+01],24,B0007,205,5942,05942.csv,1.7139788776485192,,
impedance,[2.0080e+03 5.0000e+00 2.0000e+00 9.0000e+00 3.9000e+01 4.0343e+01],24,B0007,206,5943,05943.csv,,0.048347237713963785,0.07029953014036178
charge,[2.0080e+03 5.0000e+00 2.0000e+00 1.0000e+01 1.1000e+01 3.1921e+01],24,B0007,207,5944,05944.csv,,,
impedance,[2.0080e+03 5.0000e+00 2.0000e+00 1.3000e+01 1.1000e+01 1.3468e+01],24,B0007,208,5945,05945.csv,,0.04742321873077289,0.06907761875176498
discharge,[2.008e+03 5.000e+00 2.000e+00 1.300e+01 4.300e+01 5.093e+00],24,B0007,209,5946,05946.csv,1.7139701997004613,,
impedance,[2.0080e+03 5.0000e+00 2.0000e+00 1.4000e+01 3.7000e+01 5.5109e+01],24,B0007,210,5947,05947.csv,,0.050111225517516046,0.06960073254899966
charge,[2.0080e+03 5.0000e+00 2.0000e+00 1.5000e+01 9.0000e+00 4.6812e+01],24,B0007,211,5948,05948.csv,,,
impedance,[2.008e+03 5.000e+00 2.000e+00 1.800e+01 1.100e+01 3.593e+00],24,B0007,212,5949,05949.csv,,0.048460437754935325,0.0708375336017697
discharge,[2.0080e+03 5.0000e+00 2.0000e+00 1.9000e+01 7.0000e+00 4.8359e+01],24,B0007,213,5950,05950.csv,1.7036521173638766,,
charge,[2.0080e+03 5.0000e+00 2.0000e+00 2.0000e+01 2.8000e+01 2.5781e+01],24,B0007,214,5951,05951.csv,,,
discharge,[2.0080e+03 5.0000e+00 2.0000e+00 2.3000e+01 2.4000e+01 1.7687e+01],24,B0007,215,5952,05952.csv,1.7040137474382486,,
impedance,[2008.       5.       3.       0.      18.      59.734],24,B0007,216,5953,05953.csv,,0.04874528416849275,0.07248947480976828
charge,[2008.       5.       3.       0.      50.      52.187],24,B0007,217,5954,05954.csv,,,
impedance,[2008.       5.       3.       3.      41.      16.453],24,B0007,218,5955,05955.csv,,0.04890922045962195,0.07224375321168745
discharge,[2008.       5.       3.       4.      13.       8.609],24,B0007,219,5956,05956.csv,1.6935716157343033,,
impedance,[2008.       5.       3.       5.       7.      41.812],24,B0007,220,5957,05957.csv,,0.04834801429353973,0.07007227991852431
charge,[2008.       5.       3.       5.      39.      33.921],24,B0007,221,5958,05958.csv,,,
impedance,[2008.       5.       3.       8.      38.      27.484],24,B0007,222,5959,05959.csv,,0.05049341528042814,0.0714779278737494
discharge,[2008.       5.       3.       9.      10.      19.812],24,B0007,223,5960,05960.csv,1.6876577363877656,,
impedance,[2008.       5.       3.      10.       4.      43.296],24,B0007,224,5961,05961.csv,,0.04790614551385609,0.07076656687245311
charge,[2008.       5.       3.      10.      36.      35.781],24,B0007,225,5962,05962.csv,,,
impedance,[2008.       5.       3.      13.      32.      41.671],24,B0007,226,5963,05963.csv,,0.049653807534869046,0.07281511275371025
discharge,[2008.       5.       3.      14.       4.      34.187],24,B0007,227,5964,05964.csv,1.6830744356583152,,
impedance,[2008.       5.       3.      14.      58.      49.093],24,B0007,228,5965,05965.csv,,0.04815631252607322,0.07031487671206166
charge,[2008.      5.      3.     15.     30.     41.64],24,B0007,229,5966,05966.csv,,,
impedance,[2008.       5.       3.      18.      26.      20.765],24,B0007,230,5967,05967.csv,,0.049804698569480284,0.07183693248710026
discharge,[2008.       5.       3.      18.      58.      13.468],24,B0007,231,5968,05968.csv,1.6779270142025482,,
impedance,[2008.       5.       3.      19.      52.      28.578],24,B0007,232,5969,05969.csv,,0.04871866527250497,0.07073110778960329
charge,[2008.       5.       3.      20.      24.      21.312],24,B0007,233,5970,05970.csv,,,
impedance,[2008.      5.      3.     23.     10.     37.25],24,B0007,234,5971,05971.csv,,0.04960142143548596,0.07212114083797687
discharge,[2008.       5.       3.      23.      42.      30.093],24,B0007,235,5972,05972.csv,1.6732060275966172,,
impedance,[2008.       5.       4.       0.      36.      36.703],24,B0007,236,5973,05973.csv,,0.04830978182442808,0.07064084986534173
charge,[2.0080e+03 5.0000e+00 4.0000e+00 1.0000e+00 8.0000e+00 2.9578e+01],24,B0007,237,5974,05974.csv,,,
impedance,[2008.       5.       4.       4.       9.      47.078],24,B0007,238,5975,05975.csv,,0.04933286951263678,0.07263784411726666
discharge,[2008    5    4    4   41   40],24,B0007,239,5976,05976.csv,1.6674367208253988,,
impedance,[2008.       5.       4.       5.      35.      36.578],24,B0007,240,5977,05977.csv,,0.04802200703480097,0.07107634151010893
charge,[2008.       5.       4.       6.       7.      29.546],24,B0007,241,5978,05978.csv,,,
impedance,[2008.       5.       4.       9.       8.      18.734],24,B0007,242,5979,05979.csv,,0.048245150285560964,0.07344417258506274
discharge,[2008.       5.       4.       9.      40.      11.906],24,B0007,243,5980,05980.csv,1.6622662630667526,,
impedance,[2008.       5.       4.      10.      34.       8.906],24,B0007,244,5981,05981.csv,,0.04887856396815102,0.07067979605623653
charge,[2008.       5.       4.      11.       6.       2.078],24,B0007,245,5982,05982.csv,,,
impedance,[2008.       5.       4.      14.       6.      20.031],24,B0007,246,5983,05983.csv,,0.05001512861656075,0.07381936636092858
discharge,[2008.       5.       4.      14.      38.      13.359],24,B0007,247,5984,05984.csv,1.6574243065763063,,
impedance,[2.008e+03 5.000e+00 4.000e+00 1.500e+01 3.200e+01 1.953e+00],24,B0007,248,5985,05985.csv,,0.04912443706060332,0.07004253090015103
charge,[2008.       5.       4.      16.       3.      55.281],24,B0007,249,5986,05986.csv,,,
impedance,[2008.       5.       4.      19.       5.      14.343],24,B0007,250,5987,05987.csv,,0.047456705587096075,0.07255600991617446
discharge,[2008.      5.      4.     19.     37.      7.89],24,B0007,251,5988,05988.csv,1.652538684928734,,
impedance,[2008.       5.       4.      20.      30.      47.687],24,B0007,252,5989,05989.csv,,0.04893713330364649,0.07109876809149202
charge,[2.0080e+03 5.0000e+00 4.0000e+00 2.1000e+01 2.0000e+00 4.1203e+01],24,B0007,253,5990,05990.csv,,,
impedance,[2.008e+03 5.000e+00 5.000e+00 0.000e+00 4.000e+00 2.500e-01],24,B0007,254,5991,05991.csv,,0.048886406569936064,0.07289868386035867
discharge,[2008.       5.       5.       0.      35.      53.968],24,B0007,255,5992,05992.csv,1.6472174627573322,,
impedance,[2.0080e+03 5.0000e+00 5.0000e+00 1.0000e+00 2.9000e+01 2.4203e+01],24,B0007,256,5993,05993.csv,,0.04911103876049412,0.07147560174006445
charge,[2.008e+03 5.000e+00 5.000e+00 2.000e+00 1.000e+00 1.789e+01],24,B0007,257,5994,05994.csv,,,
impedance,[2008    5    5    4   56   20],24,B0007,258,5995,05995.csv,,0.04904240478915373,0.07202371305148902
discharge,[2008.       5.       5.       5.      28.      13.937],24,B0007,259,5996,05996.csv,1.6364136810898071,,
impedance,[2008.       5.       5.       6.      21.      44.546],24,B0007,260,5997,05997.csv,,0.05030151322042697,0.07382011728457984
charge,[2008.       5.       5.       6.      53.      38.406],24,B0007,261,5998,05998.csv,,,
impedance,[2008.      5.      5.      9.     54.     58.25],24,B0007,262,5999,05999.csv,,0.04861981736892422,0.07223470556283451
discharge,[2008.     5.     5.    11.    41.    31.5],24,B0007,263,6000,06000.csv,1.6362554312048496,,
charge,[2008.       5.       5.      17.      40.      16.687],24,B0007,264,6001,06001.csv,,,
discharge,[2008.       5.       5.      20.      40.       8.562],24,B0007,265,6002,06002.csv,1.641119179218384,,
impedance,[2008.      5.      5.     21.     33.     38.39],24,B0007,266,6003,06003.csv,,0.04858590816702541,0.07223412421622642
charge,[2008.     5.     5.    22.     5.    32.5],24,B0007,267,6004,06004.csv,,,
impedance,[2.0080e+03 5.0000e+00 6.0000e+00 1.0000e+00 6.0000e+00 5.2015e+01],24,B0007,268,6005,06005.csv,,0.04830739180756976,0.07449610987674748
discharge,[2.0080e+03 5.0000e+00 6.0000e+00 1.0000e+00 3.8000e+01 4.6265e+01],24,B0007,269,6006,06006.csv,1.6315700789656966,,
impedance,[2.0080e+03 5.0000e+00 6.0000e+00 2.0000e+00 3.1000e+01 5.9093e+01],24,B0007,270,6007,06007.csv,,0.04876858782226287,0.07064567543830795
charge,[2008.      5.      6.      3.      3.     53.39],24,B0007,271,6008,06008.csv,,,
impedance,[2008.       5.       6.       6.       5.      11.921],24,B0007,272,6009,06009.csv,,0.04807714089362054,0.07403770271784743
discharge,[2008.       5.       6.       6.      37.       6.296],24,B0007,273,6010,06010.csv,1.621213282987236,,
impedance,[2008.       5.       6.       7.      30.      10.578],24,B0007,274,6011,06011.csv,,0.04812419279863444,0.07218949222755539
charge,[2.008e+03 5.000e+00 6.000e+00 8.000e+00 2.000e+00 5.062e+00],24,B0007,275,6012,06012.csv,,,
impedance,[2008.       5.       6.      10.      53.      26.531],24,B0007,276,6013,06013.csv,,0.048897202430558395,0.07193674461638987
discharge,[2008.       5.       6.      11.      25.      21.031],24,B0007,277,6014,06014.csv,1.6164273214762122,,
impedance,[2008.       5.       6.      12.      18.      26.171],24,B0007,278,6015,06015.csv,,0.048287687725557416,0.0711931915352938
charge,[2008.       5.       6.      12.      50.      20.781],24,B0007,279,6016,06016.csv,,,
impedance,[2008.       5.       6.      15.      51.      41.546],24,B0007,280,6017,06017.csv,,0.05060519273798081,0.07400471120772745
discharge,[2008.       5.       6.      16.      23.      36.296],24,B0007,281,6018,06018.csv,1.615823510161921,,
impedance,[2008.       5.       6.      17.      16.      40.109],24,B0007,282,6019,06019.csv,,0.0518898593763007,0.07337968785128729
charge,[2008.       5.       6.      17.      48.      34.906],24,B0007,283,6020,06020.csv,,,
impedance,[2008.       5.       6.      20.      49.      54.421],24,B0007,284,6021,06021.csv,,0.05513227508897388,0.07463188429536609
discharge,[2008.       5.       6.      21.      21.      49.265],24,B0007,285,6022,06022.csv,1.61672418029789,,
impedance,[2008.       5.       6.      22.      14.      45.453],24,B0007,286,6023,06023.csv,,0.05314810765507648,0.07419785919197229
charge,[2008.       5.       6.      22.      46.      40.375],24,B0007,287,6024,06024.csv,,,
impedance,[2.0080e+03 5.0000e+00 7.0000e+00 1.0000e+00 4.5000e+01 3.0125e+01],24,B0007,288,6025,06025.csv,,0.052122387063300676,0.07530335771038864
discharge,[2.0080e+03 5.0000e+00 7.0000e+00 2.0000e+00 1.7000e+01 2.5156e+01],24,B0007,289,6026,06026.csv,1.6108655863730026,,
impedance,[2008.       5.       7.       3.      10.      20.671],24,B0007,290,6027,06027.csv,,0.051886743475727706,0.07331681215513984
charge,[2008.      5.      7.      3.     42.     15.75],24,B0007,291,6028,06028.csv,,,
impedance,[2008.       5.       7.       6.      32.       6.906],24,B0007,292,6029,06029.csv,,0.05077571807567494,0.07496378520798935
discharge,[2008.       5.       7.       7.       4.       2.109],24,B0007,293,6030,06030.csv,1.6006603374309376,,
impedance,[2008.      5.      7.      7.     56.     39.25],24,B0007,294,6031,06031.csv,,0.05127880020286333,0.07413404629394856
charge,[2008.       5.       7.       8.      28.      34.453],24,B0007,295,6032,06032.csv,,,
impedance,[2008.       5.       7.      11.      29.      54.546],24,B0007,296,6033,06033.csv,,0.05126724930337932,0.07541159661766002
discharge,[2.0080e+03 5.0000e+00 7.0000e+00 1.2000e+01 1.0000e+00 4.9906e+01],24,B0007,297,6034,06034.csv,1.5959174487005663,,
impedance,[2008.      5.      7.     12.     54.     18.25],24,B0007,298,6035,06035.csv,,0.05162074784919272,0.07456760686704336
charge,[2008.       5.       7.      13.      26.      13.671],24,B0007,299,6036,06036.csv,,,
impedance,[2008.       5.       7.      16.      27.      34.437],24,B0007,300,6037,06037.csv,,0.051355678502895456,0.0749649652243977
discharge,[2008.       5.       7.      16.      59.      29.937],24,B0007,301,6038,06038.csv,1.5962179519462243,,
impedance,[2008.       5.       7.      17.      51.      59.125],24,B0007,302,6039,06039.csv,,0.05218773955758448,0.0730264613396324
charge,[2008.       5.       7.      18.      23.      54.687],24,B0007,303,6040,06040.csv,,,
impedance,[2008    5    7   21   24   14],24,B0007,304,6041,06041.csv,,0.05194895745860293,0.07469906780400354
discharge,[2008.       5.       7.      21.      56.       9.656],24,B0007,305,6042,06042.csv,1.5958065114633972,,
impedance,[2008.      5.      7.     22.     48.     38.75],24,B0007,306,6043,06043.csv,,0.051323546192023374,0.07394056507406407
charge,[2008.       5.       7.      23.      20.      34.515],24,B0007,307,6044,06044.csv,,,
impedance,[2.0080e+03 5.0000e+00 8.0000e+00 2.0000e+00 2.1000e+01 5.4109e+01],24,B0007,308,6045,06045.csv,,0.05128667477654547,0.07539484013414438
discharge,[2.0080e+03 5.0000e+00 8.0000e+00 2.0000e+00 5.3000e+01 4.9937e+01],24,B0007,309,6046,06046.csv,1.5906507821480704,,
impedance,[2008.       5.       8.       3.      46.       9.968],24,B0007,310,6047,06047.csv,,0.052841857026562786,0.07385806546031527
impedance,[2008.       5.       9.      11.      53.      10.593],24,B0007,311,6048,06048.csv,,0.05502813794451862,0.07705920199069437
discharge,[2008    5    9   12   25    7],24,B0007,312,6049,06049.csv,1.6888211161855506,,
impedance,[2008.       5.       9.      13.      19.      35.703],24,B0007,313,6050,06050.csv,,0.05527266157182866,0.07666481641775076
charge,[2008.       5.       9.      17.      26.      51.968],24,B0007,314,6051,06051.csv,,,
discharge,[2008.       5.       9.      20.      28.       9.734],24,B0007,315,6052,06052.csv,1.6259938279733204,,
impedance,[2008.       5.       9.      21.      21.       3.765],24,B0007,316,6053,06053.csv,,0.05378413050825462,0.07630704682775627
charge,[2.008e+03 5.000e+00 9.000e+00 2.100e+01 5.300e+01 2.810e-01],24,B0007,317,6054,06054.csv,,,
impedance,[2008.       5.      10.       0.      49.      59.984],24,B0007,318,6055,06055.csv,,0.05324102311684918,0.07558335014316388
discharge,[2.008e+03 5.000e+00 1.000e+01 1.000e+00 2.100e+01 5.650e+01],24,B0007,319,6056,06056.csv,1.6157433862812898,,
impedance,[2.0080e+03 5.0000e+00 1.0000e+01 2.0000e+00 1.4000e+01 4.2109e+01],24,B0007,320,6057,06057.csv,,0.05478650507622205,0.07743191172663344
charge,[2.0080e+03 5.0000e+00 1.0000e+01 2.0000e+00 4.6000e+01 3.8734e+01],24,B0007,321,6058,06058.csv,,,
impedance,[2008.       5.      10.       5.      46.      15.296],24,B0007,322,6059,06059.csv,,0.05273469991494585,0.07574262774043826
discharge,[2008    5   10    6   18   12],24,B0007,323,6060,06060.csv,1.6056626764846538,,
impedance,[2008.       5.      10.       7.      10.      49.593],24,B0007,324,6061,06061.csv,,0.05427689977479273,0.07517125637103751
charge,[2008.       5.      10.       7.      42.      46.312],24,B0007,325,6062,06062.csv,,,
impedance,[2008.       5.      10.      10.      44.       7.859],24,B0007,326,6063,06063.csv,,0.054101669766115246,0.07605862048749032
discharge,[2008.       5.      10.      11.      16.       4.843],24,B0007,327,6064,06064.csv,1.5949746921524348,,
impedance,[2008.       5.      10.      12.       8.      32.875],24,B0007,328,6065,06065.csv,,0.05335555094385589,0.07624199701827614
charge,[2008.      5.     10.     12.     40.     29.89],24,B0007,329,6066,06066.csv,,,
impedance,[2008.      5.     10.     15.     39.     59.14],24,B0007,330,6067,06067.csv,,0.053379437619037746,0.0768769249386572
discharge,[2008.       5.      10.      16.      11.      56.109],24,B0007,331,6068,06068.csv,1.5904102438871945,,
impedance,[2008.       5.      10.      17.       4.      16.015],24,B0007,332,6069,06069.csv,,0.05518512471358772,0.0767334331584221
charge,[2008.       5.      10.      17.      36.      13.062],24,B0007,333,6070,06070.csv,,,
impedance,[2008.       5.      10.      20.      35.      57.437],24,B0007,334,6071,06071.csv,,0.05523767045005179,0.07884381066373808
discharge,[2008.       5.      10.      21.       7.      54.625],24,B0007,335,6072,06072.csv,1.5853517062988178,,
impedance,[2008.       5.      10.      22.       0.       5.781],24,B0007,336,6073,06073.csv,,0.053994133680981084,0.07773988563055201
charge,[2008.       5.      10.      22.      32.       2.937],24,B0007,337,6074,06074.csv,,,
impedance,[2.0080e+03 5.0000e+00 1.1000e+01 1.0000e+00 3.3000e+01 2.4437e+01],24,B0007,338,6075,06075.csv,,0.054439338280930595,0.07785420519610012
discharge,[2.0080e+03 5.0000e+00 1.1000e+01 2.0000e+00 5.0000e+00 2.1796e+01],24,B0007,339,6076,06076.csv,1.5799737147242376,,
impedance,[2.0080e+03 5.0000e+00 1.1000e+01 2.0000e+00 5.7000e+01 3.2984e+01],24,B0007,340,6077,06077.csv,,0.055109377347250715,0.07623069832622051
charge,[2008.       5.      11.       3.      29.      30.359],24,B0007,341,6078,06078.csv,,,
impedance,[2008.      5.     11.      6.     23.     30.25],24,B0007,342,6079,06079.csv,,0.05405487569096337,0.07821105614795815
discharge,[2008.       5.      11.       6.      55.      27.734],24,B0007,343,6080,06080.csv,1.5752185465278068,,
impedance,[2008.       5.      11.       7.      47.      30.468],24,B0007,344,6081,06081.csv,,0.05479070192432567,0.0771316593546729
charge,[2008.       5.      11.       8.      19.      27.953],24,B0007,345,6082,06082.csv,,,
impedance,[2008.       5.      11.      11.      20.      49.578],24,B0007,346,6083,06083.csv,,0.05335322659418541,0.07819867312210359
discharge,[2008.       5.      11.      11.      52.      47.187],24,B0007,347,6084,06084.csv,1.569798484648868,,
impedance,[2008.       5.      11.      12.      44.      40.703],24,B0007,348,6085,06085.csv,,0.05372850301976263,0.07612674604645071
charge,[2008.      5.     11.     13.     16.     38.64],24,B0007,349,6086,06086.csv,,,
impedance,[2.008e+03 5.000e+00 1.100e+01 1.600e+01 1.800e+01 8.120e-01],24,B0007,350,6087,06087.csv,,0.05354779689154472,0.07799840526566774
discharge,[2008.       5.      11.      16.      49.      58.921],24,B0007,351,6088,06088.csv,1.5702565375950357,,
impedance,[2008.       5.      11.      17.      41.      53.265],24,B0007,352,6089,06089.csv,,0.05342880437818603,0.07475396587125875
charge,[2008.       5.      11.      18.      13.      51.109],24,B0007,353,6090,06090.csv,,,
impedance,[2008.       5.      11.      21.      15.      14.843],24,B0007,354,6091,06091.csv,,0.05429631089195726,0.07755605645193993
discharge,[2008.       5.      11.      21.      47.      12.843],24,B0007,355,6092,06092.csv,1.565249873909438,,
impedance,[2008.       5.      11.      22.      38.      57.843],24,B0007,356,6093,06093.csv,,0.05466184236291413,0.07846015850370025
charge,[2008.       5.      11.      23.      10.      55.875],24,B0007,357,6094,06094.csv,,,
impedance,[2.008e+03 5.000e+00 1.200e+01 2.000e+00 5.000e+00 7.030e-01],24,B0007,358,6095,06095.csv,,0.054140507846383475,0.07849103991881125
discharge,[2.0080e+03 5.0000e+00 1.2000e+01 2.0000e+00 3.6000e+01 5.8921e+01],24,B0007,359,6096,06096.csv,1.559633933561147,,
impedance,[2008.       5.      12.       3.      28.      34.484],24,B0007,360,6097,06097.csv,,0.053882401638940244,0.0774785569851945
charge,[2008.       5.      12.       4.       0.      32.718],24,B0007,361,6098,06098.csv,,,
impedance,[2008.       5.      12.      12.      24.      36.453],24,B0007,362,6099,06099.csv,,0.05497736185369785,0.07863873360391814
discharge,[2008.       5.      12.      12.      56.      34.781],24,B0007,363,6100,06100.csv,1.5649820533392105,,
impedance,[2008.      5.     12.     13.     48.     19.89],24,B0007,364,6101,06101.csv,,0.05427616393971161,0.07537775917996459
charge,[2008.      5.     12.     16.     11.     11.14],24,B0007,365,6102,06102.csv,,,
discharge,[2008.       5.      12.      18.      59.      59.453],24,B0007,366,6103,06103.csv,1.57497949984227,,
impedance,[2008.       5.      12.      19.      51.      52.953],24,B0007,367,6104,06104.csv,,0.05377474963866314,0.07616309255239219
charge,[2008.       5.      12.      20.      23.      51.828],24,B0007,368,6105,06105.csv,,,
impedance,[2008.       5.      12.      23.      21.      19.078],24,B0007,369,6106,06106.csv,,0.054523978157317556,0.0781727897082057
discharge,[2008.       5.      12.      23.      53.      17.609],24,B0007,370,6107,06107.csv,1.5652811168780458,,
impedance,[2008.      5.     13.      0.     44.     53.25],24,B0007,371,6108,06108.csv,,0.0531805398246686,0.07546214094908074
charge,[2.0080e+03 5.0000e+00 1.3000e+01 1.0000e+00 1.6000e+01 5.1859e+01],24,B0007,372,6109,06109.csv,,,
impedance,[2008.      5.     13.      4.      3.     26.64],24,B0007,373,6110,06110.csv,,0.05441238770330601,0.07816806645061
discharge,[2008.       5.      13.       4.      35.      25.359],24,B0007,374,6111,06111.csv,1.559755497470126,,
impedance,[2008.       5.      13.       5.      26.      51.781],24,B0007,375,6112,06112.csv,,0.05409518971933728,0.07684363196174843
charge,[2008.       5.      13.       5.      58.      50.796],24,B0007,376,6113,06113.csv,,,
impedance,[2008.      5.     13.      8.     52.      5.89],24,B0007,377,6114,06114.csv,,0.05451219205855288,0.07651054614613173
discharge,[2008.       5.      13.       9.      24.       4.718],24,B0007,378,6115,06115.csv,1.549897685670499,,
impedance,[2008.       5.      13.      10.      15.       2.906],24,B0007,379,6116,06116.csv,,0.056164422063534065,0.07769932463139873
charge,[2.008e+03 5.000e+00 1.300e+01 1.000e+01 4.700e+01 1.828e+00],24,B0007,380,6117,06117.csv,,,
impedance,[2008.       5.      13.      13.      48.      25.875],24,B0007,381,6118,06118.csv,,0.052351911552094406,0.0772564945442686
discharge,[2008.       5.      13.      14.      20.      24.937],24,B0007,382,6119,06119.csv,1.5438771531345021,,
impedance,[2008.       5.      13.      15.      11.      42.234],24,B0007,383,6120,06120.csv,,0.05561672295492655,0.07570816049932046
charge,[2008.       5.      13.      15.      43.      41.296],24,B0007,384,6121,06121.csv,,,
impedance,[2008.       5.      13.      18.      32.      21.281],24,B0007,385,6122,06122.csv,,0.055582769847162185,0.07723477152073635
discharge,[2008.       5.      13.      19.       4.      20.531],24,B0007,386,6123,06123.csv,1.5450187488690073,,
impedance,[2008.       5.      13.      19.      55.      29.859],24,B0007,387,6124,06124.csv,,0.054893315578426714,0.0784417847890159
charge,[2008.       5.      13.      20.      27.      29.109],24,B0007,388,6125,06125.csv,,,
impedance,[2008.       5.      13.      23.      27.      26.625],24,B0007,389,6126,06126.csv,,0.05474089300471066,0.07901841555586095
discharge,[2008.       5.      13.      23.      59.      26.015],24,B0007,390,6127,06127.csv,1.5445940154102908,,
impedance,[2008.      5.     14.      0.     50.     35.39],24,B0007,391,6128,06128.csv,,0.05559975704161817,0.07623453799616979
charge,[2.0080e+03 5.0000e+00 1.4000e+01 1.0000e+00 2.2000e+01 3.4765e+01],24,B0007,392,6129,06129.csv,,,
impedance,[2008.       5.      14.       4.      23.      57.968],24,B0007,393,6130,06130.csv,,0.055237233438058246,0.0799393133533925
discharge,[2008.       5.      14.       4.      55.      57.453],24,B0007,394,6131,06131.csv,1.5343086721758876,,
impedance,[2008.       5.      14.       5.      46.      58.078],24,B0007,395,6132,06132.csv,,0.05396274243560972,0.07868889028954579
charge,[2008.       5.      14.       6.      18.      57.625],24,B0007,396,6133,06133.csv,,,
impedance,[2008    5   14    9   20   22],24,B0007,397,6134,06134.csv,,0.0572653476857599,0.07942312226110386
discharge,[2008.       5.      14.       9.      52.      22.062],24,B0007,398,6135,06135.csv,1.5287603942958483,,
impedance,[2008.       5.      14.      10.      43.      12.953],24,B0007,399,6136,06136.csv,,0.0541146320474673,0.07612960917607249
charge,[2008.       5.      14.      11.      15.      12.671],24,B0007,400,6137,06137.csv,,,
impedance,[2008.      5.     14.     14.      3.     22.75],24,B0007,401,6138,06138.csv,,0.05107064795051435,0.07876484726875482
discharge,[2008.       5.      14.      14.      35.      22.515],24,B0007,402,6139,06139.csv,1.5289260249179843,,
impedance,[2008.       5.      14.      15.      26.      13.546],24,B0007,403,6140,06140.csv,,0.05245305255719061,0.07836888342427649
charge,[2008.       5.      14.      15.      58.      13.406],24,B0007,404,6141,06141.csv,,,
impedance,[2008.      5.     14.     18.     59.     38.89],24,B0007,405,6142,06142.csv,,0.05508857873132331,0.07806701171840846
discharge,[2008.      5.     14.     19.     31.     39.39],24,B0007,406,6143,06143.csv,1.529091650133123,,
impedance,[2008.      5.     14.     20.     22.     30.64],24,B0007,407,6144,06144.csv,,0.053291029799270764,0.07774180078331032
charge,[2008.       5.      14.      20.      54.      30.671],24,B0007,408,6145,06145.csv,,,
impedance,[2008.       5.      14.      23.      55.      55.406],24,B0007,409,6146,06146.csv,,0.055778574185470456,0.07824269800333249
discharge,[2008.       5.      15.       0.      27.      55.625],24,B0007,410,6147,06147.csv,1.5239059324661248,,
impedance,[2.008e+03 5.000e+00 1.500e+01 1.000e+00 1.800e+01 3.789e+01],24,B0007,411,6148,06148.csv,,0.05374267950314573,0.07767030600334027
charge,[2.0080e+03 5.0000e+00 1.5000e+01 1.0000e+00 5.0000e+01 3.8062e+01],24,B0007,412,6149,06149.csv,,,
impedance,[2008.       5.      15.       4.      52.       4.609],24,B0007,413,6150,06150.csv,,0.058454793092531966,0.07808837738558039
discharge,[2008.      5.     15.      5.     24.      4.89],24,B0007,414,6151,06151.csv,1.5186675419100615,,
impedance,[2008.       5.      15.       6.      14.      38.093],24,B0007,415,6152,06152.csv,,0.05464489394226865,0.07820049396409737
charge,[2008.     5.    15.     6.    46.    38.5],24,B0007,416,6153,06153.csv,,,
impedance,[2008.       5.      15.       9.      48.       3.453],24,B0007,417,6154,06154.csv,,0.05487289835073646,0.08114313792394433
discharge,[2008.       5.      15.      10.      20.       3.875],24,B0007,418,6155,06155.csv,1.5136482266426952,,
impedance,[2008.       5.      15.      11.      10.      28.328],24,B0007,419,6156,06156.csv,,0.05828419298726298,0.07844622962445755
charge,[2008.       5.      15.      11.      42.      28.859],24,B0007,420,6157,06157.csv,,,
impedance,[2008.       5.      15.      14.      38.      58.781],24,B0007,421,6158,06158.csv,,0.0568991758337347,0.07887220766486298
discharge,[2008.       5.      15.      15.      10.      59.437],24,B0007,422,6159,06159.csv,1.5136050185229033,,
impedance,[2.008e+03 5.000e+00 1.500e+01 1.600e+01 1.000e+00 2.339e+01],24,B0007,423,6160,06160.csv,,0.05428987712099985,0.07797181026914603
charge,[2008.       5.      15.      16.      33.      24.093],24,B0007,424,6161,06161.csv,,,
impedance,[2008.       5.      15.      19.      24.      46.593],24,B0007,425,6162,06162.csv,,0.05574285095910161,0.08005685613579032
discharge,[2008.      5.     15.     19.     56.     47.39],24,B0007,426,6163,06163.csv,1.5139470614867965,,
impedance,[2008.       5.      15.      20.      47.      12.406],24,B0007,427,6164,06164.csv,,0.056765631832907296,0.0783665633777987
charge,[2008.       5.      15.      21.      19.      13.234],24,B0007,428,6165,06165.csv,,,
impedance,[2008.       5.      16.       0.       9.      33.937],24,B0007,429,6166,06166.csv,,0.05446434802277253,0.07791983537472322
discharge,[2008.       5.      16.      16.      54.      59.812],24,B0007,430,6167,06167.csv,1.5339599193158786,,
charge,[2008.       5.      16.      18.      43.      58.906],24,B0007,431,6168,06168.csv,,,
discharge,[2008.       5.      16.      21.      37.      39.671],24,B0007,432,6169,06169.csv,1.5391372798653098,,
impedance,[2008.       5.      16.      22.      28.      31.078],24,B0007,433,6170,06170.csv,,0.05968120820514389,0.07951493628212278
charge,[2008.       5.      16.      23.       0.      32.515],24,B0007,434,6171,06171.csv,,,
impedance,[2.0080e+03 5.0000e+00 1.7000e+01 2.0000e+00 0.0000e+00 1.2656e+01],24,B0007,435,6172,06172.csv,,0.05604258367132115,0.07991327205972212
discharge,[2.0080e+03 5.0000e+00 1.7000e+01 2.0000e+00 3.2000e+01 1.3968e+01],24,B0007,436,6173,06173.csv,1.5236247972838737,,
impedance,[2008.       5.      17.       3.      22.      47.796],24,B0007,437,6174,06174.csv,,0.057541452922451095,0.08149127802203272
charge,[2008.       5.      17.       3.      54.      49.125],24,B0007,438,6175,06175.csv,,,
impedance,[2008.       5.      17.       6.      53.      18.328],24,B0007,439,6176,06176.csv,,0.05719697967170129,0.08185319457580625
discharge,[2008.       5.      17.       7.      25.      19.906],24,B0007,440,6177,06177.csv,1.5135813035589147,,
impedance,[2008.       5.      17.       8.      15.      45.265],24,B0007,441,6178,06178.csv,,0.056906824959249674,0.0800043038139232
charge,[2008.       5.      17.       8.      47.      46.703],24,B0007,442,6179,06179.csv,,,
impedance,[2008.       5.      17.      11.      49.      14.296],24,B0007,443,6180,06180.csv,,0.05533954029001459,0.08086669055606474
discharge,[2008.      5.     17.     12.     21.     15.89],24,B0007,444,6181,06181.csv,1.5077850749847914,,
impedance,[2008.       5.      17.      13.      11.      30.687],24,B0007,445,6182,06182.csv,,0.05670268214391647,0.08127758920341213
charge,[2008.       5.      17.      13.      43.      32.281],24,B0007,446,6183,06183.csv,,,
impedance,[2008.       5.      17.      16.      43.      35.437],24,B0007,447,6184,06184.csv,,0.057050602535577005,0.08153840356165401
discharge,[2008.       5.      17.      17.      15.      37.281],24,B0007,448,6185,06185.csv,1.5031960676037333,,
impedance,[2008.       5.      17.      18.       5.      53.796],24,B0007,449,6186,06186.csv,,0.05753505401536875,0.07713077542429995
charge,[2008.       5.      17.      18.      37.      55.593],24,B0007,450,6187,06187.csv,,,
impedance,[2008.       5.      17.      21.      38.      49.296],24,B0007,451,6188,06188.csv,,0.0577616170406075,0.0820660023586674
discharge,[2008.       5.      17.      22.      10.      51.218],24,B0007,452,6189,06189.csv,1.4978220596995881,,
impedance,[2008.       5.      17.      23.       0.      48.453],24,B0007,453,6190,06190.csv,,0.057686948907810176,0.08022088362573354
charge,[2008.       5.      17.      23.      32.      50.468],24,B0007,454,6191,06191.csv,,,
impedance,[2.0080e+03 5.0000e+00 1.8000e+01 2.0000e+00 3.3000e+01 1.7109e+01],24,B0007,455,6192,06192.csv,,0.057585488535843915,0.08293347770359485
discharge,[2008.       5.      18.       3.       5.      19.265],24,B0007,456,6193,06193.csv,1.492848534633516,,
impedance,[2008.       5.      18.       3.      55.      17.546],24,B0007,457,6194,06194.csv,,0.05770347788466892,0.08126925834885164
charge,[2008.       5.      18.       4.      27.      19.656],24,B0007,458,6195,06195.csv,,,
impedance,[2008    5   18    7   28   48],24,B0007,459,6196,06196.csv,,0.05670666348649182,0.08268806521788226
discharge,[2008.       5.      18.       8.       0.      50.421],24,B0007,460,6197,06197.csv,1.492414389867026,,
impedance,[2008.       5.      18.       8.      50.      48.718],24,B0007,461,6198,06198.csv,,0.05723155595298293,0.0826950250965445
charge,[2008.       5.      18.       9.      22.      51.046],24,B0007,462,6199,06199.csv,,,
impedance,[2008    5   18   12   12   46],24,B0007,463,6200,06200.csv,,0.05871571908588068,0.08294174003043774
discharge,[2008.       5.      18.      12.      44.      48.437],24,B0007,464,6201,06201.csv,1.487482776538081,,
impedance,[2008.       5.      18.      13.      34.      37.281],24,B0007,465,6202,06202.csv,,0.05786085013264919,0.08079562408415836
charge,[2008.       5.      18.      14.       6.      39.921],24,B0007,466,6203,06203.csv,,,
impedance,[2008.       5.      18.      17.       4.      27.234],24,B0007,467,6204,06204.csv,,0.057109751399146834,0.08239034528661737
discharge,[2008.       5.      18.      17.      36.      29.734],24,B0007,468,6205,06205.csv,1.482535148640411,,
impedance,[2008.       5.      18.      18.      26.      10.015],24,B0007,469,6206,06206.csv,,0.057511140154939196,0.08182855408185172
charge,[2008.       5.      18.      18.      58.      12.609],24,B0007,470,6207,06207.csv,,,
impedance,[2008.       5.      18.      21.      59.      40.796],24,B0007,471,6208,06208.csv,,0.05701776890792207,0.0816566640960627
discharge,[2008.       5.      18.      22.      31.      45.515],24,B0007,472,6209,06209.csv,1.4827874322228984,,
impedance,[2008.       5.      18.      23.      21.      28.437],24,B0007,473,6210,06210.csv,,0.05818081028754896,0.08248706088939217
charge,[2008.       5.      18.      23.      53.      33.781],24,B0007,474,6211,06211.csv,,,
impedance,[2.008e+03 5.000e+00 1.900e+01 2.000e+00 5.500e+01 2.843e+00],24,B0007,475,6212,06212.csv,,0.05771468674207234,0.08397428323884612
discharge,[2008.       5.      19.       3.      27.       7.765],24,B0007,476,6213,06213.csv,1.476971179775059,,
impedance,[2008.       5.      19.       4.      16.      50.453],24,B0007,477,6214,06214.csv,,0.057554341890008825,0.08219829115379546
charge,[2008.       5.      19.       4.      48.      55.437],24,B0007,478,6215,06215.csv,,,
impedance,[2008.       5.      19.       7.      49.      12.843],24,B0007,479,6216,06216.csv,,0.0568683507839505,0.08373541370295104
discharge,[2008.       5.      19.      15.      34.      33.625],24,B0007,480,6217,06217.csv,1.4819015554137276,,
charge,[2008.       5.      19.      17.      58.      12.687],24,B0007,481,6218,06218.csv,,,
discharge,[2008.       5.      19.      20.      59.      48.437],24,B0007,482,6219,06219.csv,1.4981366198874824,,
charge,[2008.      5.     19.     22.      8.     37.25],24,B0007,483,6220,06220.csv,,,
discharge,[2.0080e+03 5.0000e+00 2.0000e+01 1.0000e+00 1.6000e+01 4.2609e+01],24,B0007,484,6221,06221.csv,1.4820775214392872,,
impedance,[2.0080e+03 5.0000e+00 2.0000e+01 2.0000e+00 6.0000e+00 3.2234e+01],24,B0007,485,6222,06222.csv,,0.06009510252454094,0.07958025942701291
charge,[2.0080e+03 5.0000e+00 2.0000e+01 2.0000e+00 3.8000e+01 3.5343e+01],24,B0007,486,6223,06223.csv,,,
impedance,[2008    5   20    5   40    3],24,B0007,487,6224,06224.csv,,0.0546567857524269,0.08196905646669346
discharge,[2008.       5.      20.       6.      12.       6.265],24,B0007,488,6225,06225.csv,1.4771155312812152,,
impedance,[2.008e+03 5.000e+00 2.000e+01 7.000e+00 1.000e+00 4.739e+01],24,B0007,489,6226,06226.csv,,0.05600939306983416,0.08238368438591265
charge,[2008.       5.      20.       7.      33.      50.828],24,B0007,490,6227,06227.csv,,,
impedance,[2008.       5.      20.      10.      35.      19.875],24,B0007,491,6228,06228.csv,,0.05855396288691582,0.0817127037862085
discharge,[2008.       5.      20.      11.       7.      23.453],24,B0007,492,6229,06229.csv,1.4720772783056488,,
impedance,[2008.       5.      20.      11.      56.      55.343],24,B0007,493,6230,06230.csv,,0.05716927145517217,0.08220383699971687
charge,[2008.       5.      20.      12.      28.      58.687],24,B0007,494,6231,06231.csv,,,
impedance,[2008.       5.      20.      15.      25.      23.625],24,B0007,495,6232,06232.csv,,0.058279853382820955,0.08282201995515953
discharge,[2008.       5.      20.      15.      57.      27.312],24,B0007,496,6233,06233.csv,1.472248013656454,,
impedance,[2008.       5.      20.      16.      46.      59.765],24,B0007,497,6234,06234.csv,,0.06391487439073515,0.08730430672192088
charge,[2008.       5.      20.      17.      19.       3.375],24,B0007,498,6235,06235.csv,,,
impedance,[2008.       5.      20.      20.      18.      35.187],24,B0007,499,6236,06236.csv,,0.06554333401316845,0.08712630369162297
discharge,[2008.       5.      20.      20.      50.      39.015],24,B0007,500,6237,06237.csv,1.4670106672274665,,
impedance,[2008.       5.      20.      21.      40.      11.843],24,B0007,501,6238,06238.csv,,0.06305909149270444,0.08573561975109256
charge,[2008.       5.      20.      22.      12.      15.984],24,B0007,502,6239,06239.csv,,,
impedance,[2.008e+03 5.000e+00 2.100e+01 1.000e+00 7.000e+00 3.514e+01],24,B0007,503,6240,06240.csv,,0.06343709105065118,0.08961239735080084
discharge,[2.0080e+03 5.0000e+00 2.1000e+01 1.0000e+00 3.9000e+01 3.8968e+01],24,B0007,504,6241,06241.csv,1.4617672495335379,,
impedance,[2.008e+03 5.000e+00 2.100e+01 2.000e+00 2.900e+01 2.656e+00],24,B0007,505,6242,06242.csv,,0.06464924767693998,0.08956183369238867
charge,[2.008e+03 5.000e+00 2.100e+01 3.000e+00 1.000e+00 6.687e+00],24,B0007,506,6243,06243.csv,,,
impedance,[2008    5   21    5   52   23],24,B0007,507,6244,06244.csv,,0.064090710272644,0.08923128682926011
discharge,[2008.       5.      21.       6.      24.      27.281],24,B0007,508,6245,06245.csv,1.4566952670489708,,
impedance,[2008.      5.     21.      7.     13.     41.25],24,B0007,509,6246,06246.csv,,0.06341897509984018,0.08798070573782549
charge,[2008.       5.      21.       7.      45.      45.343],24,B0007,510,6247,06247.csv,,,
impedance,[2.008e+03 5.000e+00 2.100e+01 1.000e+01 4.600e+01 1.953e+00],24,B0007,511,6248,06248.csv,,0.0649449108692077,0.0882787478820197
discharge,[2008.       5.      21.      11.      18.       6.015],24,B0007,512,6249,06249.csv,1.451354972758956,,
impedance,[2008.       5.      21.      12.       7.      20.984],24,B0007,513,6250,06250.csv,,0.06404659499126542,0.08969255599053269
charge,[2008.       5.      21.      12.      39.      25.421],24,B0007,514,6251,06251.csv,,,
impedance,[2008.       5.      21.      15.      38.      16.546],24,B0007,515,6252,06252.csv,,0.06309122315038551,0.09066468210852158
discharge,[2008.       5.      21.      16.      10.      21.203],24,B0007,516,6253,06253.csv,1.451615926257375,,
impedance,[2008.      5.     21.     16.     59.     36.14],24,B0007,517,6254,06254.csv,,0.06435127573332249,0.08733673232133125
charge,[2008.       5.      21.      17.      31.      40.671],24,B0007,518,6255,06255.csv,,,
impedance,[2008.       5.      21.      20.      30.       5.343],24,B0007,519,6256,06256.csv,,0.0635675339735441,0.09036756488030863
discharge,[2.008e+03 5.000e+00 2.100e+01 2.100e+01 2.000e+00 9.781e+00],24,B0007,520,6257,06257.csv,1.4468161332173683,,
impedance,[2008.       5.      21.      21.      51.      16.781],24,B0007,521,6258,06258.csv,,0.06591948382872609,0.08850648431782984
charge,[2008.       5.      21.      22.      23.      21.421],24,B0007,522,6259,06259.csv,,,
impedance,[2.0080e+03 5.0000e+00 2.2000e+01 1.0000e+00 1.0000e+01 5.4593e+01],24,B0007,523,6260,06260.csv,,0.06354297240865986,0.08993700983227765
discharge,[2.0080e+03 5.0000e+00 2.2000e+01 1.0000e+00 4.2000e+01 5.9218e+01],24,B0007,524,6261,06261.csv,1.4467570607768785,,
impedance,[2.008e+03 5.000e+00 2.200e+01 2.000e+00 3.200e+01 6.250e+00],24,B0007,525,6262,06262.csv,,0.0649977419450826,0.08918839817199381
charge,[2008.       5.      22.       3.       4.      11.015],24,B0007,526,6263,06263.csv,,,
impedance,[2008.       5.      22.       6.       0.      35.953],24,B0007,527,6264,06264.csv,,0.06362757826786986,0.09244959245559134
discharge,[2008.       5.      22.       6.      32.      40.921],24,B0007,528,6265,06265.csv,1.4413797481446793,,
impedance,[2008.       5.      22.       7.      21.      37.921],24,B0007,529,6266,06266.csv,,0.0659153562053605,0.08881959919920622
charge,[2008.       5.      22.       7.      53.      42.703],24,B0007,530,6267,06267.csv,,,
impedance,[2008.       5.      22.      10.      51.      17.265],24,B0007,531,6268,06268.csv,,0.06590148740383334,0.09003267092142803
discharge,[2008.       5.      22.      11.      23.      22.187],24,B0007,532,6269,06269.csv,1.4362456252208178,,
impedance,[2008.       5.      22.      12.      12.      19.453],24,B0007,533,6270,06270.csv,,0.06514267045890823,0.08999845498726056
charge,[2008.       5.      22.      12.      44.      24.687],24,B0007,534,6271,06271.csv,,,
impedance,[2008.       5.      22.      15.      45.      53.515],24,B0007,535,6272,06272.csv,,0.06434871776064219,0.09283376873093901
discharge,[2008.      5.     22.     16.     17.     58.89],24,B0007,536,6273,06273.csv,1.4368154153924828,,
impedance,[2008.       5.      22.      17.       6.      57.515],24,B0007,537,6274,06274.csv,,0.06518183738180343,0.09083905346760647
charge,[2008.       5.      22.      17.      39.       2.953],24,B0007,538,6275,06275.csv,,,
impedance,[2008.       5.      22.      20.      27.      44.765],24,B0007,539,6276,06276.csv,,0.06476902315692028,0.09121990458691583
discharge,[2008.       5.      22.      20.      59.      50.203],24,B0007,540,6277,06277.csv,1.4362945145860047,,
impedance,[2008.       5.      22.      21.      48.      39.015],24,B0007,541,6278,06278.csv,,0.063543167392366,0.08852778068820681
charge,[2008.      5.     22.     22.     20.     44.39],24,B0007,542,6279,06279.csv,,,
impedance,[2008.       5.      23.      11.      41.      10.187],24,B0007,543,6280,06280.csv,,0.06353069093235883,0.09116725503746168
discharge,[2008.       5.      23.      12.      13.      16.359],24,B0007,544,6281,06281.csv,1.4418575315878015,,
impedance,[2.0080e+03 5.0000e+00 2.3000e+01 1.3000e+01 2.0000e+00 1.5484e+01],24,B0007,545,6282,06282.csv,,0.06422481176747886,0.087404820535234
charge,[2008.       5.      23.      17.      12.      57.796],24,B0007,546,6283,06283.csv,,,
discharge,[2008.       5.      23.      20.      14.      29.875],24,B0007,547,6284,06284.csv,1.4672063484781797,,
impedance,[2008.       5.      23.      21.       3.      54.921],24,B0007,548,6285,06285.csv,,0.06415912257007907,0.09032883849831895
charge,[2.008e+03 5.000e+00 2.300e+01 2.100e+01 3.600e+01 7.500e-01],24,B0007,549,6286,06286.csv,,,
impedance,[2008.       5.      24.       0.      37.      15.656],24,B0007,550,6287,06287.csv,,0.06643642479689273,0.08671624569408547
discharge,[2.0080e+03 5.0000e+00 2.4000e+01 1.0000e+00 9.0000e+00 2.1562e+01],24,B0007,551,6288,06288.csv,1.4518640367848885,,
impedance,[2.0080e+03 5.0000e+00 2.4000e+01 1.0000e+00 5.8000e+01 2.8718e+01],24,B0007,552,6289,06289.csv,,0.0634542700643541,0.08768736146246846
charge,[2.0080e+03 5.0000e+00 2.4000e+01 2.0000e+00 3.0000e+01 3.4593e+01],24,B0007,553,6290,06290.csv,,,
impedance,[2008.       5.      24.       5.      28.      14.078],24,B0007,554,6291,06291.csv,,0.06329811599005293,0.0883740485896972
discharge,[2008.       5.      24.       6.       0.      20.156],24,B0007,555,6292,06292.csv,1.4471379752748499,,
impedance,[2008.       5.      24.       6.      49.      19.062],24,B0007,556,6293,06293.csv,,0.06291934396330487,0.08582394976894858
charge,[2008.      5.     24.      7.     21.     25.14],24,B0007,557,6294,06294.csv,,,
impedance,[2008.       5.      24.      10.      10.      44.312],24,B0007,558,6295,06295.csv,,0.06145601214896925,0.08889557028653669
discharge,[2008.       5.      24.      10.      42.      50.484],24,B0007,559,6296,06296.csv,1.441790586562399,,
impedance,[2008.       5.      24.      11.      31.      49.718],24,B0007,560,6297,06297.csv,,0.06237849213168391,0.08721191866822824
charge,[2008.       5.      24.      12.       3.      55.937],24,B0007,561,6298,06298.csv,,,
impedance,[2008.       5.      24.      14.      59.       4.171],24,B0007,562,6299,06299.csv,,0.06382375412452716,0.09017378045499043
discharge,[2008.       5.      24.      15.      31.      10.593],24,B0007,563,6300,06300.csv,1.431630947911111,,
impedance,[2.008e+03 5.000e+00 2.400e+01 1.600e+01 2.000e+01 1.515e+00],24,B0007,564,6301,06301.csv,,0.06275733239183592,0.08974609994235133
charge,[2008.       5.      24.      16.      52.       7.875],24,B0007,565,6302,06302.csv,,,
impedance,[2008.       5.      24.      19.      49.       7.109],24,B0007,566,6303,06303.csv,,0.06454679946231442,0.09024797990776603
discharge,[2008.       5.      24.      20.      21.      13.437],24,B0007,567,6304,06304.csv,1.4318084249673686,,
impedance,[2008.       5.      24.      21.      10.       4.265],24,B0007,568,6305,06305.csv,,0.06393487478280767,0.08892224605524425
charge,[2008.      5.     24.     21.     42.     10.75],24,B0007,569,6306,06306.csv,,,
impedance,[2008.      5.     25.      0.     34.     43.14],24,B0007,570,6307,06307.csv,,0.06249691986052604,0.09115545784670619
discharge,[2.0080e+03 5.0000e+00 2.5000e+01 1.0000e+00 6.0000e+00 4.9828e+01],24,B0007,571,6308,06308.csv,1.4262562585106868,,
impedance,[2.0080e+03 5.0000e+00 2.5000e+01 1.0000e+00 5.5000e+01 3.0531e+01],24,B0007,572,6309,06309.csv,,0.06265091616586904,0.08803688863240228
charge,[2.008e+03 5.000e+00 2.500e+01 2.000e+00 2.700e+01 3.725e+01],24,B0007,573,6310,06310.csv,,,
impedance,[2008.       5.      25.       5.      25.      11.093],24,B0007,574,6311,06311.csv,,0.06334787344507525,0.09172637881195314
discharge,[2008.      5.     25.      5.     57.     17.89],24,B0007,575,6312,06312.csv,1.4260877528924913,,
impedance,[2008.       5.      25.       6.      45.      59.203],24,B0007,576,6313,06313.csv,,0.06579302475690738,0.0902509933428324
charge,[2008.       5.      25.       7.      18.       6.015],24,B0007,577,6314,06314.csv,,,
impedance,[2008.       5.      25.      10.      19.      30.093],24,B0007,578,6315,06315.csv,,0.06729379539953537,0.08877642239876088
discharge,[2008.       5.      25.      10.      51.      37.015],24,B0007,579,6316,06316.csv,1.4212633510031694,,
impedance,[2008.       5.      25.      11.      40.       9.609],24,B0007,580,6317,06317.csv,,0.06430967319687048,0.09093892772715068
charge,[2008.       5.      25.      12.      12.      16.578],24,B0007,581,6318,06318.csv,,,
impedance,[2.008e+03 5.000e+00 2.500e+01 1.500e+01 5.000e+00 1.687e+00],24,B0007,582,6319,06319.csv,,0.06579546046710036,0.08913718734703446
discharge,[2008.      5.     25.     15.     37.      8.89],24,B0007,583,6320,06320.csv,1.4163272748795108,,
impedance,[2008.      5.     25.     16.     25.     42.25],24,B0007,584,6321,06321.csv,,0.0643176054267762,0.08965051639295069
charge,[2008.       5.      25.      16.      57.      49.359],24,B0007,585,6322,06322.csv,,,
impedance,[2008.       5.      25.      19.      50.      54.953],24,B0007,586,6323,06323.csv,,0.06706903713310808,0.08931746529758988
discharge,[2008.       5.      25.      20.      23.       4.453],24,B0007,587,6324,06324.csv,1.4165781829175994,,
impedance,[2008.       5.      25.      21.      11.      31.515],24,B0007,588,6325,06325.csv,,0.06264775576524217,0.09062764033755996
charge,[2008.       5.      25.      21.      43.      40.953],24,B0007,589,6326,06326.csv,,,
impedance,[2008.       5.      26.       0.      40.      52.859],24,B0007,590,6327,06327.csv,,0.06490942889368799,0.09075727480252856
discharge,[2.008e+03 5.000e+00 2.600e+01 1.000e+00 1.300e+01 2.796e+00],24,B0007,591,6328,06328.csv,1.4108401729425177,,
impedance,[2.0080e+03 5.0000e+00 2.6000e+01 2.0000e+00 1.0000e+00 2.9328e+01],24,B0007,592,6329,06329.csv,,0.06409904375539072,0.09048892075072754
charge,[2.0080e+03 5.0000e+00 2.6000e+01 2.0000e+00 3.3000e+01 3.9031e+01],24,B0007,593,6330,06330.csv,,,
impedance,[2008.       5.      26.       5.      28.      58.109],24,B0007,594,6331,06331.csv,,0.06468467106868281,0.0912602372721357
discharge,[2.008e+03 5.000e+00 2.600e+01 6.000e+00 1.000e+00 8.171e+00],24,B0007,595,6332,06332.csv,1.4109949628347804,,
impedance,[2008.       5.      26.       6.      49.      35.046],24,B0007,596,6333,06333.csv,,0.06263768180094363,0.0889708433613751
charge,[2008.       5.      26.       7.      21.      44.953],24,B0007,597,6334,06334.csv,,,
impedance,[2008.       5.      26.      10.      12.      28.125],24,B0007,598,6335,06335.csv,,0.06476607440681181,0.09331506762885133
discharge,[2008.       5.      26.      10.      44.      38.468],24,B0007,599,6336,06336.csv,1.4061714290398801,,
impedance,[2008.       5.      26.      11.      32.      56.968],24,B0007,600,6337,06337.csv,,0.06461075599348456,0.09019465992992068
charge,[2008.       5.      26.      12.       5.       7.078],24,B0007,601,6338,06338.csv,,,
impedance,[2008.       5.      26.      14.      58.      33.218],24,B0007,602,6339,06339.csv,,0.06468646287403104,0.09357177480301318
discharge,[2008.       5.      26.      15.      30.      43.968],24,B0007,603,6340,06340.csv,1.4063358479692922,,
impedance,[2008.       5.      26.      16.      19.       2.828],24,B0007,604,6341,06341.csv,,0.06492066764951249,0.08955496020574386
charge,[2008.       5.      26.      16.      51.      13.375],24,B0007,605,6342,06342.csv,,,
impedance,[2008.       5.      26.      19.      48.      54.421],24,B0007,606,6343,06343.csv,,0.06492526583837316,0.0913267326241943
discharge,[2008.       5.      26.      20.      21.       4.921],24,B0007,607,6344,06344.csv,1.4004552399066514,,
impedance,[2008.      5.     26.     21.      9.     22.89],24,B0007,608,6345,06345.csv,,0.06466353603836943,0.0919880772013069
charge,[2008.       5.      26.      21.      41.      33.468],24,B0007,609,6346,06346.csv,,,
impedance,[2008.       5.      27.       0.      27.      55.562],24,B0007,610,6347,06347.csv,,0.06242528216023714,0.08981214323944718
discharge,[2008.       5.      27.      15.      52.      41.359],24,B0007,611,6348,06348.csv,1.4217865046055154,,
charge,[2008.       5.      27.      17.      53.      59.765],24,B0007,612,6349,06349.csv,,,
discharge,[2008.       5.      27.      20.      45.      42.125],24,B0007,613,6350,06350.csv,1.4324552720625434,,
impedance,[2008.      5.     27.     21.     34.     28.64],24,B0007,614,6351,06351.csv,,0.0671426900201505,0.09331350931281934
charge,[2008.       5.      28.      11.       9.      42.046],24,B0007,615,6352,06352.csv,,,
charge,[2008.      7.      7.     12.     26.     45.75],24,B0018,0,6353,06353.csv,,,
impedance,[2008.       7.       7.      14.      43.      14.625],24,B0018,1,6354,06354.csv,,0.06515815158455215,0.09555369570022001
discharge,[2008.       7.       7.      15.      15.      28.875],24,B0018,2,6355,06355.csv,1.8550045207910817,,
impedance,[2008.       7.       7.      16.      14.       5.328],24,B0018,3,6356,06356.csv,,0.06319812376707153,0.10229511275627602
charge,[2008.      7.      7.     18.     20.     14.25],24,B0018,4,6357,06357.csv,,,
impedance,[2008.       7.       7.      21.      21.      23.062],24,B0018,5,6358,06358.csv,,0.06269644718508349,0.09161902925465781
discharge,[2008.       7.       7.      21.      53.       6.125],24,B0018,6,6359,06359.csv,1.8431955317089987,,
impedance,[2008.       7.       7.      22.      51.      31.375],24,B0018,7,6360,06360.csv,,0.0626070139256824,0.0946846935443713
charge,[2008.       7.       7.      23.      23.      14.531],24,B0018,8,6361,06361.csv,,,
impedance,[2.0080e+03 7.0000e+00 8.0000e+00 2.0000e+00 2.4000e+01 2.5109e+01],24,B0018,9,6362,06362.csv,,0.06137843058604763,0.09188288246238666
discharge,[2.008e+03 7.000e+00 8.000e+00 2.000e+00 5.600e+01 8.453e+00],24,B0018,10,6363,06363.csv,1.8396018424355423,,
impedance,[2008.       7.       8.       3.      54.      18.812],24,B0018,11,6364,06364.csv,,0.06199882418368678,0.0960700817119328
charge,[2008.       7.       8.       4.      26.       2.109],24,B0018,12,6365,06365.csv,,,
impedance,[2008.       7.       8.       7.      27.      12.593],24,B0018,13,6366,06366.csv,,0.06133724861449716,0.09141202809622342
discharge,[2008.       7.       8.       7.      58.      55.953],24,B0018,14,6367,06367.csv,1.8306736044962053,,
impedance,[2008    7    8    8   57    1],24,B0018,15,6368,06368.csv,,0.06143403300566526,0.09201876447685577
charge,[2008.       7.       8.      15.      56.      37.562],24,B0018,16,6369,06369.csv,,,
discharge,[2008.       7.       8.      18.      57.      48.968],24,B0018,17,6370,06370.csv,1.8327002069419656,,
charge,[2008.       7.       8.      19.      56.       7.281],24,B0018,18,6371,06371.csv,,,
discharge,[2008.       7.       8.      22.      57.      17.203],24,B0018,19,6372,06372.csv,1.8285288846046388,,
charge,[2008.       7.       8.      23.      55.      29.781],24,B0018,20,6373,06373.csv,,,
discharge,[2.0080e+03 7.0000e+00 9.0000e+00 2.0000e+00 5.6000e+01 4.1281e+01],24,B0018,21,6374,06374.csv,1.8212011895697924,,
charge,[2008.       7.       9.       3.      54.      41.859],24,B0018,22,6375,06375.csv,,,
discharge,[2008.       7.       9.       6.      55.      54.875],24,B0018,23,6376,06376.csv,1.8151700106433282,,
charge,[2008.      7.      9.      7.     53.     44.89],24,B0018,24,6377,06377.csv,,,
impedance,[2008.       7.       9.      10.      54.      57.765],24,B0018,25,6378,06378.csv,,0.06246407536667202,0.08784495845315991
discharge,[2008.       7.       9.      11.      26.      41.906],24,B0018,26,6379,06379.csv,1.8042980520967649,,
impedance,[2008.       7.       9.      12.      24.      23.859],24,B0018,27,6380,06380.csv,,0.05911226141914418,0.08989822215265768
charge,[2008.       7.      10.      13.      33.      27.984],24,B0018,28,6381,06381.csv,,,
discharge,[2008.       7.      10.      16.      34.      39.859],24,B0018,29,6382,06382.csv,1.8231002302844226,,
charge,[2008.       7.      10.      17.      32.      45.796],24,B0018,30,6383,06383.csv,,,
discharge,[2008.       7.      10.      20.      33.      58.031],24,B0018,31,6384,06384.csv,1.8121253520255494,,
charge,[2008.       7.      10.      21.      31.      56.171],24,B0018,32,6385,06385.csv,,,
discharge,[2008.       7.      11.       0.      30.      25.484],24,B0018,33,6386,06386.csv,1.8046916382117766,,
charge,[2.0080e+03 7.0000e+00 1.1000e+01 1.0000e+00 2.8000e+01 1.1828e+01],24,B0018,34,6387,06387.csv,,,
discharge,[2008.       7.      11.       4.      28.      49.531],24,B0018,35,6388,06388.csv,1.790844349786295,,
charge,[2008.       7.      11.       5.      26.      22.734],24,B0018,36,6389,06389.csv,,,
impedance,[2008.       7.      11.       8.      27.      23.859],24,B0018,37,6390,06390.csv,,0.06105488892245489,0.08795484250803035
discharge,[2008.       7.      11.       8.      59.       8.656],24,B0018,38,6391,06391.csv,1.783470722841926,,
impedance,[2008.      7.     11.      9.     56.     29.14],24,B0018,39,6392,06392.csv,,0.06100929812130678,0.08710663504547878
charge,[2008.       7.      11.      11.      25.      49.812],24,B0018,40,6393,06393.csv,,,
discharge,[2008.      7.     11.     14.     27.      5.64],24,B0018,41,6394,06394.csv,1.7809386125310702,,
charge,[2008.       7.      11.      15.      24.      31.562],24,B0018,42,6395,06395.csv,,,
discharge,[2008.       7.      11.      18.      25.      27.593],24,B0018,43,6396,06396.csv,1.771209039672698,,
charge,[2008.       7.      11.      19.      22.      48.406],24,B0018,44,6397,06397.csv,,,
discharge,[2008.       7.      11.      22.      22.       5.406],24,B0018,45,6398,06398.csv,1.7686303996707076,,
charge,[2008.       7.      11.      23.      19.      12.921],24,B0018,46,6399,06399.csv,,,
discharge,[2.0080e+03 7.0000e+00 1.2000e+01 2.0000e+00 1.8000e+01 1.1125e+01],24,B0018,47,6400,06400.csv,1.7536304801917124,,
charge,[2008.       7.      12.       3.      15.      14.546],24,B0018,48,6401,06401.csv,,,
impedance,[2008.       7.      12.       6.      13.      58.531],24,B0018,49,6402,06402.csv,,0.06064904573360479,0.08754929973933033
discharge,[2008.       7.      12.       6.      45.      43.859],24,B0018,50,6403,06403.csv,1.7462197416415093,,
impedance,[2008.       7.      12.       7.      42.      35.203],24,B0018,51,6404,06404.csv,,0.06219481868267621,0.08570971190558405
charge,[2008.       7.      12.       8.      14.      20.437],24,B0018,52,6405,06405.csv,,,
discharge,[2008.       7.      12.      11.      15.      36.812],24,B0018,53,6406,06406.csv,1.7376647337053737,,
charge,[2008.       7.      12.      12.      12.      13.593],24,B0018,54,6407,06407.csv,,,
discharge,[2008.       7.      12.      15.      13.      28.609],24,B0018,55,6408,06408.csv,1.7315166735475835,,
charge,[2008.      7.     12.     16.      9.     54.75],24,B0018,56,6409,06409.csv,,,
discharge,[2008.       7.      12.      18.      52.      45.109],24,B0018,57,6410,06410.csv,1.7085949894470602,,
charge,[2008.       7.      12.      19.      49.      15.046],24,B0018,58,6411,06411.csv,,,
discharge,[2008.       7.      12.      22.      50.      29.984],24,B0018,59,6412,06412.csv,1.711469957068211,,
charge,[2008.       7.      12.      23.      46.      44.031],24,B0018,60,6413,06413.csv,,,
impedance,[2.0080e+03 7.0000e+00 1.3000e+01 2.0000e+00 4.7000e+01 1.9937e+01],24,B0018,61,6414,06414.csv,,0.06106479153135479,0.08848482071807108
discharge,[2008.       7.      13.       3.      19.       5.703],24,B0018,62,6415,06415.csv,1.7075021373272627,,
impedance,[2008.       7.      13.       4.      15.      14.203],24,B0018,63,6416,06416.csv,,0.0595969662678692,0.08684055890192541
charge,[2008.       7.      14.      10.       7.       5.203],24,B0018,64,6417,06417.csv,,,
discharge,[2008.     7.    14.    13.     8.    20.5],24,B0018,65,6418,06418.csv,1.7492382064360228,,
charge,[2008.       7.      14.      14.       5.      10.625],24,B0018,66,6419,06419.csv,,,
discharge,[2008.       7.      14.      17.       3.      45.625],24,B0018,67,6420,06420.csv,1.7327697147429955,,
charge,[2008.       7.      14.      18.       0.      28.328],24,B0018,68,6421,06421.csv,,,
discharge,[2008.       7.      14.      20.      57.      32.609],24,B0018,69,6422,06422.csv,1.7222313328292376,,
charge,[2008.       7.      14.      21.      54.       9.625],24,B0018,70,6423,06423.csv,,,
discharge,[2008.       7.      15.       0.      49.      58.484],24,B0018,71,6424,06424.csv,1.711846298984729,,
charge,[2.0080e+03 7.0000e+00 1.5000e+01 1.0000e+00 4.6000e+01 2.9156e+01],24,B0018,72,6425,06425.csv,,,
impedance,[2.008e+03 7.000e+00 1.500e+01 4.000e+00 4.300e+01 9.680e-01],24,B0018,73,6426,06426.csv,,0.06287106178477314,0.08500615970912836
discharge,[2008.      7.     15.      5.     14.     47.25],24,B0018,74,6427,06427.csv,1.699267835126687,,
impedance,[2008.       7.      15.       6.      11.       8.359],24,B0018,75,6428,06428.csv,,0.06095075041521759,0.08544326049182116
charge,[2008.       7.      15.       6.      42.      54.687],24,B0018,76,6429,06429.csv,,,
discharge,[2008.       7.      15.       9.      43.      28.937],24,B0018,77,6430,06430.csv,1.6940366439243106,,
charge,[2008.      7.     15.     10.     39.     41.75],24,B0018,78,6431,06431.csv,,,
discharge,[2008.      7.     15.     13.     36.     47.89],24,B0018,79,6432,06432.csv,1.6819027078768087,,
charge,[2008.       7.      15.      14.      32.      50.812],24,B0018,80,6433,06433.csv,,,
discharge,[2008.       7.      15.      17.      29.      47.765],24,B0018,81,6434,06434.csv,1.6769770618433686,,
charge,[2008.       7.      15.      18.      25.      42.703],24,B0018,82,6435,06435.csv,,,
discharge,[2008.      7.     15.     21.     21.     30.39],24,B0018,83,6436,06436.csv,1.6655229306478936,,
charge,[2008.       7.      15.      22.      17.      17.343],24,B0018,84,6437,06437.csv,,,
impedance,[2.0080e+03 7.0000e+00 1.6000e+01 1.0000e+00 1.3000e+01 2.6609e+01],24,B0018,85,6438,06438.csv,,0.06279037977354894,0.08611082715769634
discharge,[2.008e+03 7.000e+00 1.600e+01 1.000e+00 4.500e+01 1.339e+01],24,B0018,86,6439,06439.csv,1.6571924575832084,,
impedance,[2.0080e+03 7.0000e+00 1.6000e+01 2.0000e+00 4.0000e+01 5.8796e+01],24,B0018,87,6440,06440.csv,,0.062054327669918884,0.0841039159798283
charge,[2008.       7.      16.       3.      12.      45.734],24,B0018,88,6441,06441.csv,,,
discharge,[2008.      7.     16.      6.     12.     34.39],24,B0018,89,6442,06442.csv,1.6482241555294048,,
charge,[2008.       7.      16.       7.       8.       4.625],24,B0018,90,6443,06443.csv,,,
discharge,[2008.       7.      16.      10.       5.      40.718],24,B0018,91,6444,06444.csv,1.6387701497987262,,
charge,[2.008e+03 7.000e+00 1.600e+01 1.100e+01 1.000e+00 5.390e+00],24,B0018,92,6445,06445.csv,,,
discharge,[2008.       7.      16.      13.      57.      42.468],24,B0018,93,6446,06446.csv,1.6276486907262062,,
charge,[2.008e+03 7.000e+00 1.600e+01 1.400e+01 5.300e+01 3.750e-01],24,B0018,94,6447,06447.csv,,,
discharge,[2008.       7.      16.      17.      51.      36.078],24,B0018,95,6448,06448.csv,1.62215370227252,,
charge,[2008.       7.      16.      18.      46.      45.562],24,B0018,96,6449,06449.csv,,,
impedance,[2008.       7.      16.      21.      42.       9.968],24,B0018,97,6450,06450.csv,,0.06126874046942329,0.08711286500552247
discharge,[2008.       7.      16.      22.      13.      57.593],24,B0018,98,6451,06451.csv,1.6140066510467586,,
impedance,[2008.       7.      16.      23.       9.       6.296],24,B0018,99,6452,06452.csv,,0.0627057717757101,0.08381129726407618
charge,[2008.       7.      18.      14.      26.      49.046],24,B0018,100,6453,06453.csv,,,
discharge,[2008.       7.      18.      17.      28.      12.125],24,B0018,101,6454,06454.csv,1.6760516154424623,,
charge,[2008.       7.      18.      18.      23.      50.796],24,B0018,102,6455,06455.csv,,,
discharge,[2008.       7.      18.      21.      19.      44.421],24,B0018,103,6456,06456.csv,1.649300642552199,,
charge,[2008.       7.      18.      22.      15.      11.625],24,B0018,104,6457,06457.csv,,,
discharge,[2.008e+03 7.000e+00 1.900e+01 1.000e+00 1.000e+01 7.046e+00],24,B0018,105,6458,06458.csv,1.63238299185809,,
charge,[2.008e+03 7.000e+00 1.900e+01 2.000e+00 5.000e+00 1.739e+01],24,B0018,106,6459,06459.csv,,,
discharge,[2.008e+03 7.000e+00 1.900e+01 5.000e+00 1.000e+00 4.953e+00],24,B0018,107,6460,06460.csv,1.6164159719025777,,
charge,[2008.       7.      19.       5.      55.      59.421],24,B0018,108,6461,06461.csv,,,
impedance,[2008.       7.      19.       8.      53.      42.015],24,B0018,109,6462,06462.csv,,0.060230110173563736,0.0877848925885978
discharge,[2008.       7.      19.       9.      25.      29.875],24,B0018,110,6463,06463.csv,1.6109028378249377,,
impedance,[2008.       7.      19.      10.      20.      17.109],24,B0018,111,6464,06464.csv,,0.061801794410442104,0.08516278937578788
charge,[2008.      7.     19.     10.     52.      5.14],24,B0018,112,6465,06465.csv,,,
discharge,[2.008e+03 7.000e+00 1.900e+01 1.300e+01 5.300e+01 7.500e-01],24,B0018,113,6466,06466.csv,1.5954638693695657,,
charge,[2008.       7.      19.      14.      47.      30.984],24,B0018,114,6467,06467.csv,,,
charge,[2008.       7.      29.      17.      16.      52.453],24,B0018,115,6468,06468.csv,,,
discharge,[2008.       7.      29.      18.      34.      27.281],24,B0018,116,6469,06469.csv,1.726707440085764,,
charge,[2008.       7.      29.      19.      30.      58.062],24,B0018,117,6470,06470.csv,,,
discharge,[2008.     7.    29.    22.    21.    53.5],24,B0018,118,6471,06471.csv,1.7165673917429753,,
charge,[2008.      7.     29.     23.     18.      7.89],24,B0018,119,6472,06472.csv,,,
discharge,[2.0080e+03 7.0000e+00 3.0000e+01 2.0000e+00 9.0000e+00 4.8828e+01],24,B0018,120,6473,06473.csv,1.6958235570934848,,
charge,[2008.       7.      30.       3.       5.      37.578],24,B0018,121,6474,06474.csv,,,
discharge,[2008.       7.      30.       5.      57.       2.328],24,B0018,122,6475,06475.csv,1.6777783190792557,,
charge,[2008.       7.      30.       6.      52.      31.234],24,B0018,123,6476,06476.csv,,,
discharge,[2008.       7.      30.       9.      52.      21.281],24,B0018,124,6477,06477.csv,1.6606586897774192,,
impedance,[2008.       7.      30.      10.      47.      40.421],24,B0018,125,6478,06478.csv,,0.06335998574164574,0.08600824718099127
charge,[2008.       7.      30.      16.      34.      24.156],24,B0018,126,6479,06479.csv,,,
discharge,[2008.       7.      30.      19.      28.       7.671],24,B0018,127,6480,06480.csv,1.6664109274827466,,
charge,[2008.       7.      30.      20.      23.      41.734],24,B0018,128,6481,06481.csv,,,
discharge,[2008.       7.      30.      23.      16.      54.218],24,B0018,129,6482,06482.csv,1.6468336174407805,,
charge,[2008.       7.      31.       0.      11.      53.156],24,B0018,130,6483,06483.csv,,,
discharge,[2.0080e+03 7.0000e+00 3.1000e+01 2.0000e+00 4.6000e+01 1.8031e+01],24,B0018,131,6484,06484.csv,1.6257639928779952,,
charge,[2008.       7.      31.       3.      41.       3.687],24,B0018,132,6485,06485.csv,,,
discharge,[2008.       7.      31.       6.      15.      17.843],24,B0018,133,6486,06486.csv,1.6121577411874595,,
charge,[2008.       7.      31.       7.       9.      40.171],24,B0018,134,6487,06487.csv,,,
discharge,[2008.       7.      31.      10.      10.      14.359],24,B0018,135,6488,06488.csv,1.6057366823755344,,
impedance,[2008.       7.      31.      11.       4.      34.796],24,B0018,136,6489,06489.csv,,0.06254971088581063,0.0843178209735426
charge,[2008.       7.      31.      15.      20.      13.937],24,B0018,137,6490,06490.csv,,,
impedance,[2.0080e+03 7.0000e+00 3.1000e+01 2.3000e+01 2.0000e+00 5.4953e+01],24,B0018,138,6491,06491.csv,,0.06088396756004627,0.08522512012699898
charge,[2.0080e+03 8.0000e+00 1.0000e+00 1.7000e+01 1.4000e+01 2.5234e+01],24,B0018,139,6492,06492.csv,,,
discharge,[2.0080e+03 8.0000e+00 1.0000e+00 1.7000e+01 4.6000e+01 3.3109e+01],24,B0018,140,6493,06493.csv,1.673645314879889,,
charge,[2.0080e+03 8.0000e+00 1.0000e+00 1.8000e+01 4.1000e+01 5.9718e+01],24,B0018,141,6494,06494.csv,,,
discharge,[2.0080e+03 8.0000e+00 1.0000e+00 2.1000e+01 3.2000e+01 1.2937e+01],24,B0018,142,6495,06495.csv,1.6404348572349936,,
charge,[2.0080e+03 8.0000e+00 1.0000e+00 2.2000e+01 2.6000e+01 5.2171e+01],24,B0018,143,6496,06496.csv,,,
discharge,[2.008e+03 8.000e+00 2.000e+00 1.000e+00 1.700e+01 9.625e+00],24,B0018,144,6497,06497.csv,1.6132653317422077,,
charge,[2.0080e+03 8.0000e+00 2.0000e+00 2.0000e+00 1.1000e+01 2.3781e+01],24,B0018,145,6498,06498.csv,,,
discharge,[2.0080e+03 8.0000e+00 2.0000e+00 5.0000e+00 3.0000e+00 5.5921e+01],24,B0018,146,6499,06499.csv,1.5920964324686278,,
charge,[2.008e+03 8.000e+00 2.000e+00 5.000e+00 5.700e+01 4.489e+01],24,B0018,147,6500,06500.csv,,,
impedance,[2.008e+03 8.000e+00 2.000e+00 8.000e+00 5.500e+01 3.281e+00],24,B0018,148,6501,06501.csv,,0.062318942746054214,0.0859882467642574
discharge,[2.0080e+03 8.0000e+00 2.0000e+00 9.0000e+00 2.6000e+01 5.1375e+01],24,B0018,149,6502,06502.csv,1.5866011820698824,,
impedance,[2.0080e+03 8.0000e+00 2.0000e+00 1.0000e+01 2.4000e+01 3.1984e+01],24,B0018,150,6503,06503.csv,,0.0619094323498869,0.08488075014924702
charge,[2.0080e+03 8.0000e+00 2.0000e+00 1.0000e+01 5.6000e+01 2.0062e+01],24,B0018,151,6504,06504.csv,,,
discharge,[2.008e+03 8.000e+00 2.000e+00 1.300e+01 5.500e+01 3.296e+00],24,B0018,152,6505,06505.csv,1.5800766490336253,,
charge,[2.0080e+03 8.0000e+00 2.0000e+00 1.4000e+01 4.8000e+01 3.3312e+01],24,B0018,153,6506,06506.csv,,,
discharge,[2.0080e+03 8.0000e+00 2.0000e+00 1.7000e+01 4.1000e+01 5.9359e+01],24,B0018,154,6507,06507.csv,1.5641732953289167,,
charge,[2.0080e+03 8.0000e+00 2.0000e+00 1.8000e+01 3.5000e+01 1.3718e+01],24,B0018,155,6508,06508.csv,,,
discharge,[2.0080e+03 8.0000e+00 2.0000e+00 2.1000e+01 2.9000e+01 2.4406e+01],24,B0018,156,6509,06509.csv,1.555618272193922,,
charge,[2.0080e+03 8.0000e+00 2.0000e+00 2.2000e+01 2.2000e+01 2.4875e+01],24,B0018,157,6510,06510.csv,,,
discharge,[2.008e+03 8.000e+00 3.000e+00 1.000e+00 1.600e+01 7.078e+00],24,B0018,158,6511,06511.csv,1.5402045278637397,,
charge,[2.0080e+03 8.0000e+00 3.0000e+00 2.0000e+00 8.0000e+00 5.3062e+01],24,B0018,159,6512,06512.csv,,,
impedance,[2008.       8.       3.       5.       7.      23.546],24,B0018,160,6513,06513.csv,,0.06328841535782422,0.08847320583286679
discharge,[2008.       8.       3.       5.      39.      11.953],24,B0018,161,6514,06514.csv,1.5321613015959863,,
impedance,[2008.       8.       3.       6.      35.      43.796],24,B0018,162,6515,06515.csv,,0.06244245641291251,0.08553075414412509
charge,[2008.      8.      3.      7.      7.     32.14],24,B0018,163,6516,06516.csv,,,
discharge,[2008.       8.       3.      10.       8.      42.828],24,B0018,164,6517,06517.csv,1.5316232403693415,,
charge,[2.008e+03 8.000e+00 3.000e+00 1.100e+01 1.000e+00 3.031e+00],24,B0018,165,6518,06518.csv,,,
discharge,[2008.       8.       3.      13.      54.      25.093],24,B0018,166,6519,06519.csv,1.5222595950771978,,
charge,[2008.       8.       3.      14.      46.      29.593],24,B0018,167,6520,06520.csv,,,
discharge,[2008.      8.      3.     17.     42.     28.75],24,B0018,168,6521,06521.csv,1.5065267126851283,,
charge,[2008.       8.       3.      18.      34.      29.984],24,B0018,169,6522,06522.csv,,,
discharge,[2008.       8.       3.      21.      26.      49.765],24,B0018,170,6523,06523.csv,1.5014219556532926,,
charge,[2008.       8.       3.      22.      18.      31.312],24,B0018,171,6524,06524.csv,,,
impedance,[2.0080e+03 8.0000e+00 4.0000e+00 1.0000e+00 1.6000e+01 5.2796e+01],24,B0018,172,6525,06525.csv,,0.06272459952717446,0.09004616962738907
discharge,[2.008e+03 8.000e+00 4.000e+00 1.000e+00 4.800e+01 4.289e+01],24,B0018,173,6526,06526.csv,1.4963534117486457,,
impedance,[2.0080e+03 8.0000e+00 4.0000e+00 2.0000e+00 4.4000e+01 1.6218e+01],24,B0018,174,6527,06527.csv,,0.06319723456202592,0.0872013762847039
charge,[2008.       8.       4.      14.       9.       7.859],24,B0018,175,6528,06528.csv,,,
discharge,[2008.       8.       4.      17.       8.      25.328],24,B0018,176,6529,06529.csv,1.5334262000312422,,
charge,[2008.       8.       4.      18.       0.      55.828],24,B0018,177,6530,06530.csv,,,
discharge,[2008.       8.       4.      20.      55.      13.796],24,B0018,178,6531,06531.csv,1.523845267514426,,
charge,[2008.       8.       4.      21.      47.      14.953],24,B0018,179,6532,06532.csv,,,
discharge,[2008.       8.       5.       0.      41.      24.609],24,B0018,180,6533,06533.csv,1.5011920994261239,,
charge,[2.0080e+03 8.0000e+00 5.0000e+00 1.0000e+00 3.3000e+01 1.0312e+01],24,B0018,181,6534,06534.csv,,,
discharge,[2008.       8.       5.       4.      27.      50.953],24,B0018,182,6535,06535.csv,1.492417671450291,,
charge,[2008.       8.       5.       5.      19.      22.859],24,B0018,183,6536,06536.csv,,,
discharge,[2008.      8.      5.      8.     23.     48.25],24,B0018,184,6537,06537.csv,1.483323851940123,,
impedance,[2008.       8.       5.       9.      19.       2.828],24,B0018,185,6538,06538.csv,,0.06332864514547537,0.08797976668527188
charge,[2008.       8.       5.       9.      50.      52.046],24,B0018,186,6539,06539.csv,,,
discharge,[2008.       8.       5.      12.      50.      42.531],24,B0018,187,6540,06540.csv,1.4807376792294196,,
charge,[2008.       8.       5.      13.      41.      40.625],24,B0018,188,6541,06541.csv,,,
discharge,[2008.       8.       5.      16.      36.      12.671],24,B0018,189,6542,06542.csv,1.4735077809902477,,
charge,[2008.       8.       5.      17.      26.      58.796],24,B0018,190,6543,06543.csv,,,
discharge,[2008.       8.       5.      20.      21.      46.906],24,B0018,191,6544,06544.csv,1.46801928526661,,
charge,[2008.       8.       5.      21.      12.      24.031],24,B0018,192,6545,06545.csv,,,
discharge,[2008.       8.       6.       0.       6.      53.156],24,B0018,193,6546,06546.csv,1.4580923557119019,,
charge,[2008.       8.       6.       0.      57.      26.078],24,B0018,194,6547,06547.csv,,,
impedance,[2008.       8.       6.       3.      56.       3.328],24,B0018,195,6548,06548.csv,,0.06438276069827963,0.09108149736581252
discharge,[2008.       8.       6.       4.      27.      52.921],24,B0018,196,6549,06549.csv,1.4478660988891399,,
impedance,[2008.       8.       6.       5.      22.       8.593],24,B0018,197,6550,06550.csv,,0.06322621852227772,0.08762970040962542
charge,[2008.       8.       6.       5.      53.      58.484],24,B0018,198,6551,06551.csv,,,
discharge,[2008.       8.       6.       8.      55.      24.593],24,B0018,199,6552,06552.csv,1.4527808777541982,,
charge,[2008.       8.       6.       9.      45.      37.468],24,B0018,200,6553,06553.csv,,,
discharge,[2008.       8.       6.      12.      40.      42.031],24,B0018,201,6554,06554.csv,1.4425356364492432,,
charge,[2008.       8.       6.      13.      30.      36.734],24,B0018,202,6555,06555.csv,,,
discharge,[2008.       8.       6.      16.      25.      32.093],24,B0018,203,6556,06556.csv,1.4392712877203313,,
charge,[2008.       8.       6.      17.      15.      22.078],24,B0018,204,6557,06557.csv,,,
discharge,[2008.       8.       6.      20.       9.      11.453],24,B0018,205,6558,06558.csv,1.4286475681888218,,
charge,[2008.       8.       6.      20.      58.      55.781],24,B0018,206,6559,06559.csv,,,
impedance,[2008.       8.       6.      23.      55.      49.046],24,B0018,207,6560,06560.csv,,0.06275964602343843,0.09224881675419787
discharge,[2008.       8.       7.       0.      27.      39.046],24,B0018,208,6561,06561.csv,1.4249026750004896,,
impedance,[2.0080e+03 8.0000e+00 7.0000e+00 1.0000e+00 2.1000e+01 1.8375e+01],24,B0018,209,6562,06562.csv,,0.06306423201152148,0.08878755046571668
charge,[2008.       8.       7.      16.      13.       2.546],24,B0018,210,6563,06563.csv,,,
discharge,[2008.       8.       7.      19.       5.      53.109],24,B0018,211,6564,06564.csv,1.4698115324524124,,
charge,[2008.       8.       7.      19.      56.      43.171],24,B0018,212,6565,06565.csv,,,
discharge,[2008.       8.       7.      22.      50.      51.859],24,B0018,213,6566,06566.csv,1.4525819651050202,,
charge,[2008.      8.      7.     23.     40.     59.14],24,B0018,214,6567,06567.csv,,,
discharge,[2.008e+03 8.000e+00 8.000e+00 2.000e+00 3.200e+01 5.325e+01],24,B0018,215,6568,06568.csv,1.442834198908794,,
charge,[2008.       8.       8.       3.      22.      43.812],24,B0018,216,6569,06569.csv,,,
discharge,[2008.       8.       8.       6.      16.      47.328],24,B0018,217,6570,06570.csv,1.428376058807949,,
charge,[2008.       8.       8.       7.       6.      26.906],24,B0018,218,6571,06571.csv,,,
discharge,[2008.       8.       8.      10.      14.      50.671],24,B0018,219,6572,06572.csv,1.4154547844370715,,
impedance,[2008.     8.     8.    11.     8.    17.5],24,B0018,220,6573,06573.csv,,0.0654312939216661,0.08842632755307295
charge,[2008.       8.       8.      17.       8.      38.187],24,B0018,221,6574,06574.csv,,,
discharge,[2008.       8.       8.      20.      10.       8.812],24,B0018,222,6575,06575.csv,1.454576670077708,,
charge,[2008.       8.       8.      21.       0.      10.343],24,B0018,223,6576,06576.csv,,,
discharge,[2.008e+03 8.000e+00 8.000e+00 2.300e+01 5.400e+01 1.812e+00],24,B0018,224,6577,06577.csv,1.4283179548274056,,
charge,[2008.       8.       9.       0.      43.      42.343],24,B0018,225,6578,06578.csv,,,
discharge,[2008.       8.       9.       3.      37.       6.281],24,B0018,226,6579,06579.csv,1.4197026883204058,,
charge,[2008.       8.       9.       4.      26.      32.125],24,B0018,227,6580,06580.csv,,,
discharge,[2008.       8.       9.       7.      19.      59.656],24,B0018,228,6581,06581.csv,1.4155606630306516,,
charge,[2008.       8.       9.       8.       9.      19.531],24,B0018,229,6582,06582.csv,,,
impedance,[2008.       8.       9.      11.       5.       3.671],24,B0018,230,6583,06583.csv,,0.0640350502034096,0.09164169330042057
discharge,[2008.       8.       9.      11.      36.      57.875],24,B0018,231,6584,06584.csv,1.405680035419228,,
impedance,[2008.       8.       9.      12.      29.      58.343],24,B0018,232,6585,06585.csv,,0.06431683619311312,0.08680690256687046
charge,[2.0080e+03 8.0000e+00 9.0000e+00 1.3000e+01 1.0000e+00 4.9218e+01],24,B0018,233,6586,06586.csv,,,
discharge,[2008.       8.       9.      15.      59.       2.406],24,B0018,234,6587,06587.csv,1.4084461071166137,,
charge,[2008.       8.       9.      16.      47.      55.859],24,B0018,235,6588,06588.csv,,,
discharge,[2008.       8.       9.      19.      41.      13.296],24,B0018,236,6589,06589.csv,1.3968547782872414,,
charge,[2.008e+03 8.000e+00 9.000e+00 2.000e+01 3.000e+01 6.200e-02],24,B0018,237,6590,06590.csv,,,
discharge,[2.008e+03 8.000e+00 9.000e+00 2.300e+01 2.200e+01 9.840e-01],24,B0018,238,6591,06591.csv,1.3935670371440676,,
charge,[2008.       8.      10.       0.      10.      42.265],24,B0018,239,6592,06592.csv,,,
discharge,[2.008e+03 8.000e+00 1.000e+01 3.000e+00 1.000e+00 8.859e+00],24,B0018,240,6593,06593.csv,1.3893644292809475,,
charge,[2008.       8.      10.       3.      49.      44.953],24,B0018,241,6594,06594.csv,,,
impedance,[2008.       8.      10.       6.      47.      17.265],24,B0018,242,6595,06595.csv,,0.06546443423939434,0.0925002319045349
discharge,[2008.       8.      10.       7.      19.       8.453],24,B0018,243,6596,06596.csv,1.3785651415666713,,
impedance,[2008.       8.      10.       8.      11.      28.671],24,B0018,244,6597,06597.csv,,0.06545297065463919,0.0888408418585299
charge,[2008.       8.      10.       8.      43.      19.843],24,B0018,245,6598,06598.csv,,,
discharge,[2008.       8.      10.      11.      39.      39.812],24,B0018,246,6599,06599.csv,1.384901110085747,,
charge,[2008.      8.     10.     12.     28.      9.39],24,B0018,247,6600,06600.csv,,,
discharge,[2008.       8.      10.      15.      21.      25.468],24,B0018,248,6601,06601.csv,1.3703251814242443,,
charge,[2008.      8.     10.     16.      9.     41.39],24,B0018,249,6602,06602.csv,,,
discharge,[2.008e+03 8.000e+00 1.000e+01 1.900e+01 1.000e+00 7.218e+00],24,B0018,250,6603,06603.csv,1.3733464385229082,,
charge,[2008.      8.     10.     19.     49.     16.25],24,B0018,251,6604,06604.csv,,,
discharge,[2008.       8.      10.      22.      40.      10.453],24,B0018,252,6605,06605.csv,1.3679487285504814,,
charge,[2008.       8.      10.      23.      28.      10.781],24,B0018,253,6606,06606.csv,,,
impedance,[2.0080e+03 8.0000e+00 1.1000e+01 2.0000e+00 2.1000e+01 2.8359e+01],24,B0018,254,6607,06607.csv,,0.06605675981972527,0.09024364278181114
discharge,[2.0080e+03 8.0000e+00 1.1000e+01 2.0000e+00 5.3000e+01 1.9859e+01],24,B0018,255,6608,06608.csv,1.3567141087089647,,
impedance,[2008.       8.      11.       3.      45.      14.421],24,B0018,256,6609,06609.csv,,0.06550914978909368,0.08957234616173203
charge,[2008.       8.      14.      10.       5.      53.078],24,B0018,257,6610,06610.csv,,,
discharge,[2008.       8.      14.      13.       4.      49.687],24,B0018,258,6611,06611.csv,1.4604310209194575,,
charge,[2008.       8.      14.      13.      54.      59.015],24,B0018,259,6612,06612.csv,,,
discharge,[2008.       8.      14.      16.      49.      56.812],24,B0018,260,6613,06613.csv,1.4500998937104097,,
charge,[2008.      8.     14.     17.     39.     49.25],24,B0018,261,6614,06614.csv,,,
discharge,[2008.       8.      14.      20.      29.      23.812],24,B0018,262,6615,06615.csv,1.4381406901824496,,
charge,[2008.       8.      14.      21.      19.       9.703],24,B0018,263,6616,06616.csv,,,
discharge,[2008.       8.      15.       0.       8.      59.578],24,B0018,264,6617,06617.csv,1.4283681980964316,,
charge,[2008.       8.      15.       0.      58.      33.437],24,B0018,265,6618,06618.csv,,,
discharge,[2008.       8.      15.       3.      59.      10.796],24,B0018,266,6619,06619.csv,1.4147874517552432,,
impedance,[2008.       8.      15.       4.      52.      13.984],24,B0018,267,6620,06620.csv,,0.06602461415916355,0.0893968694708912
charge,[2008.       8.      15.       5.      24.       5.828],24,B0018,268,6621,06621.csv,,,
discharge,[2008.       8.      15.       8.      19.      52.703],24,B0018,269,6622,06622.csv,1.413889163393182,,
charge,[2.008e+03 8.000e+00 1.500e+01 9.000e+00 9.000e+00 9.300e-02],24,B0018,270,6623,06623.csv,,,
discharge,[2008.      8.     15.     12.      0.      3.39],24,B0018,271,6624,06624.csv,1.3989331662177225,,
charge,[2008.       8.      15.      12.      48.      53.031],24,B0018,272,6625,06625.csv,,,
discharge,[2008.       8.      15.      15.      37.      16.687],24,B0018,273,6626,06626.csv,1.3953322584033976,,
charge,[2008.       8.      15.      16.      25.      59.281],24,B0018,274,6627,06627.csv,,,
discharge,[2008.       8.      15.      19.      13.      34.203],24,B0018,275,6628,06628.csv,1.390046129540245,,
charge,[2.008e+03 8.000e+00 1.500e+01 2.000e+01 2.000e+00 8.796e+00],24,B0018,276,6629,06629.csv,,,
impedance,[2008.       8.      15.      22.      55.      12.296],24,B0018,277,6630,06630.csv,,0.06528925688517716,0.0913916544478255
discharge,[2008.       8.      15.      23.      27.       4.375],24,B0018,278,6631,06631.csv,1.3860271454209647,,
impedance,[2008.       8.      16.       0.      19.      33.375],24,B0018,279,6632,06632.csv,,0.06297327821062598,0.08791100017078796
charge,[2008.       8.      16.       0.      51.      25.468],24,B0018,280,6633,06633.csv,,,
discharge,[2008.      8.     16.      3.     52.     55.64],24,B0018,281,6634,06634.csv,1.388215260193751,,
charge,[2008.       8.      16.       4.      41.      15.562],24,B0018,282,6635,06635.csv,,,
discharge,[2008.       8.      16.       7.      37.      37.796],24,B0018,283,6636,06636.csv,1.3761826562394497,,
charge,[2008.       8.      16.       8.      25.      37.593],24,B0018,284,6637,06637.csv,,,
discharge,[2008.      8.     16.     11.     21.     22.14],24,B0018,285,6638,06638.csv,1.3647168898640165,,
charge,[2008.       8.      16.      12.       9.      15.296],24,B0018,286,6639,06639.csv,,,
discharge,[2.008e+03 8.000e+00 1.600e+01 1.500e+01 2.000e+00 5.664e+01],24,B0018,287,6640,06640.csv,1.3589854739373584,,
charge,[2008.       8.      16.      15.      50.      39.953],24,B0018,288,6641,06641.csv,,,
impedance,[2008.       8.      16.      18.      43.      57.156],24,B0018,289,6642,06642.csv,,0.06516852362411818,0.09570731197373636
discharge,[2008.       8.      16.      19.      15.      49.609],24,B0018,290,6643,06643.csv,1.3462308764008801,,
impedance,[2008.       8.      16.      20.       7.      19.218],24,B0018,291,6644,06644.csv,,0.0637387678424481,0.09115176519190589
charge,[2008.       8.      18.      11.      25.      33.828],24,B0018,292,6645,06645.csv,,,
discharge,[2008.       8.      18.      14.      27.      16.015],24,B0018,293,6646,06646.csv,1.4268427818454643,,
charge,[2008.       8.      18.      15.      16.      36.906],24,B0018,294,6647,06647.csv,,,
discharge,[2008.       8.      18.      18.       8.      54.125],24,B0018,295,6648,06648.csv,1.4064481483279663,,
charge,[2008.       8.      18.      18.      57.      53.437],24,B0018,296,6649,06649.csv,,,
discharge,[2008.       8.      18.      21.      48.      48.484],24,B0018,297,6650,06650.csv,1.3934907492075153,,
charge,[2008.       8.      18.      22.      37.      25.296],24,B0018,298,6651,06651.csv,,,
discharge,[2.0080e+03 8.0000e+00 1.9000e+01 1.0000e+00 2.5000e+01 4.3656e+01],24,B0018,299,6652,06652.csv,1.3882493512249316,,
charge,[2.008e+03 8.000e+00 1.900e+01 2.000e+00 1.400e+01 1.250e+01],24,B0018,300,6653,06653.csv,,,
discharge,[2008.       8.      19.       5.      17.       5.812],24,B0018,301,6654,06654.csv,1.3701878338420928,,
impedance,[2008.       8.      19.       6.       9.      14.562],24,B0018,302,6655,06655.csv,,0.06521856379431411,0.09034871149507483
charge,[2008.       8.      19.       6.      41.       7.359],24,B0018,303,6656,06656.csv,,,
discharge,[2008.     8.    19.     9.    39.    42.5],24,B0018,304,6657,06657.csv,1.3796951665608619,,
charge,[2008.       8.      19.      10.      27.      54.171],24,B0018,305,6658,06658.csv,,,
discharge,[2008.       8.      19.      13.      17.      33.984],24,B0018,306,6659,06659.csv,1.3686586323935683,,
charge,[2008.       8.      19.      14.       5.      26.578],24,B0018,307,6660,06660.csv,,,
discharge,[2008.       8.      19.      16.      54.      51.734],24,B0018,308,6661,06661.csv,1.3627371779096438,,
charge,[2008.       8.      19.      17.      42.      47.484],24,B0018,309,6662,06662.csv,,,
discharge,[2008.       8.      19.      20.      32.      20.468],24,B0018,310,6663,06663.csv,1.3634051133928073,,
charge,[2008.       8.      19.      21.      20.      19.656],24,B0018,311,6664,06664.csv,,,
impedance,[2008.       8.      20.       0.      11.      12.234],24,B0018,312,6665,06665.csv,,0.06590455963486774,0.0920096535708447
discharge,[2008.       8.      20.       0.      43.       5.406],24,B0018,313,6666,06666.csv,1.3518646035305233,,
impedance,[2.0080e+03 8.0000e+00 2.0000e+01 1.0000e+00 3.4000e+01 4.4437e+01],24,B0018,314,6667,06667.csv,,0.06606850271516486,0.08895885074391789
charge,[2.0080e+03 8.0000e+00 2.0000e+01 2.0000e+00 6.0000e+00 3.7718e+01],24,B0018,315,6668,06668.csv,,,
discharge,[2.008e+03 8.000e+00 2.000e+01 5.000e+00 2.000e+00 2.960e-01],24,B0018,316,6669,06669.csv,1.3547969729652622,,
charge,[2008.       8.      20.       5.      49.      31.828],24,B0018,317,6670,06670.csv,,,
discharge,[2008.       8.      20.       8.      37.      19.515],24,B0018,318,6671,06671.csv,1.341051440640485,,
impedance,[2.0090e+03 2.0000e+00 1.3000e+01 1.9000e+01 3.0000e+00 5.2109e+01],24,B0025,0,4000,04000.csv,,0.05064225689246009,0.10592230651613348
charge,[2.0090e+03 2.0000e+00 1.3000e+01 1.9000e+01 3.5000e+01 3.5093e+01],24,B0025,1,4001,04001.csv,,,
impedance,[2.0090e+03 2.0000e+00 1.3000e+01 2.2000e+01 4.0000e+01 4.5046e+01],24,B0025,2,4002,04002.csv,,0.05049806868976536,0.07744323134663625
discharge,[2.0090e+03 2.0000e+00 1.3000e+01 2.3000e+01 1.2000e+01 2.8078e+01],24,B0025,3,4003,04003.csv,1.847011162956716,,
charge,[2.0090e+03 2.0000e+00 1.4000e+01 1.0000e+00 2.0000e+00 2.3062e+01],24,B0025,4,4004,04004.csv,,,
discharge,[2.0090e+03 2.0000e+00 1.4000e+01 4.0000e+00 3.0000e+00 3.4578e+01],24,B0025,5,4005,04005.csv,1.8485654344528386,,
charge,[2.0090e+03 2.0000e+00 1.4000e+01 5.0000e+00 5.3000e+01 3.0656e+01],24,B0025,6,4006,04006.csv,,,
discharge,[2.0090e+03 2.0000e+00 1.4000e+01 8.0000e+00 5.4000e+01 4.1468e+01],24,B0025,7,4007,04007.csv,1.847111177186175,,
charge,[2.0090e+03 2.0000e+00 1.4000e+01 1.0000e+01 4.4000e+01 1.1093e+01],24,B0025,8,4008,04008.csv,,,
discharge,[2.0090e+03 2.0000e+00 1.4000e+01 1.3000e+01 4.5000e+01 2.3546e+01],24,B0025,9,4009,04009.csv,1.8489837601535537,,
charge,[2.0090e+03 2.0000e+00 1.4000e+01 1.5000e+01 3.4000e+01 3.5156e+01],24,B0025,10,4010,04010.csv,,,
discharge,[2.0090e+03 2.0000e+00 1.4000e+01 1.8000e+01 3.5000e+01 4.0671e+01],24,B0025,11,4011,04011.csv,1.8370120718560439,,
impedance,[2.0090e+03 2.0000e+00 1.4000e+01 2.0000e+01 2.8000e+01 4.7968e+01],24,B0025,12,4012,04012.csv,,0.05049250288777564,0.08968889697268458
charge,[2.0090e+03 2.0000e+00 1.4000e+01 2.1000e+01 0.0000e+00 3.1546e+01],24,B0025,13,4013,04013.csv,,,
impedance,[2.009e+03 2.000e+00 1.500e+01 0.000e+00 5.000e+00 9.796e+00],24,B0025,14,4014,04014.csv,,0.04870785604053997,0.07363349920087561
discharge,[2.0090e+03 2.0000e+00 1.8000e+01 1.0000e+01 4.8000e+01 5.8156e+01],24,B0025,15,4015,04015.csv,1.817549211247137,,
impedance,[2.009e+03 2.000e+00 1.800e+01 1.200e+01 4.100e+01 9.765e+00],24,B0025,16,4016,04016.csv,,0.04862113536419417,0.08572662250786982
charge,[2.009e+03 2.000e+00 1.800e+01 1.300e+01 1.200e+01 5.364e+01],24,B0025,17,4017,04017.csv,,,
impedance,[2.0090e+03 2.0000e+00 1.8000e+01 1.6000e+01 1.7000e+01 2.3281e+01],24,B0025,18,4018,04018.csv,,0.04828042597969788,0.0721569924368534
discharge,[2.009e+03 2.000e+00 1.800e+01 1.600e+01 4.900e+01 7.390e+00],24,B0025,19,4019,04019.csv,1.839863822522073,,
charge,[2.0090e+03 2.0000e+00 1.8000e+01 1.8000e+01 3.8000e+01 2.2812e+01],24,B0025,20,4020,04020.csv,,,
charge,[2.009e+03 2.000e+00 1.800e+01 2.200e+01 2.000e+01 1.140e+00],24,B0025,21,4021,04021.csv,,,
discharge,[2.0090e+03 2.0000e+00 1.9000e+01 0.0000e+00 5.2000e+01 4.9687e+01],24,B0025,22,4022,04022.csv,1.8430595619731431,,
charge,[2.009e+03 2.000e+00 1.900e+01 2.000e+00 4.100e+01 5.214e+01],24,B0025,23,4023,04023.csv,,,
discharge,[2.009e+03 2.000e+00 1.900e+01 5.000e+00 3.800e+01 5.714e+01],24,B0025,24,4024,04024.csv,1.8401871729536057,,
charge,[2.0090e+03 2.0000e+00 1.9000e+01 7.0000e+00 2.7000e+01 4.8015e+01],24,B0025,25,4025,04025.csv,,,
discharge,[2.0090e+03 2.0000e+00 1.9000e+01 1.0000e+01 2.5000e+01 1.5218e+01],24,B0025,26,4026,04026.csv,1.8281265632888257,,
impedance,[2.009e+03 2.000e+00 1.900e+01 1.200e+01 1.800e+01 4.484e+00],24,B0025,27,4027,04027.csv,,0.04837169138841439,0.0796912200200623
charge,[2.0090e+03 2.0000e+00 1.9000e+01 1.2000e+01 4.9000e+01 4.8921e+01],24,B0025,28,4028,04028.csv,,,
impedance,[2.0090e+03 2.0000e+00 1.9000e+01 1.5000e+01 5.0000e+01 5.9703e+01],24,B0025,29,4029,04029.csv,,0.048783947573537365,0.07116933387013606
discharge,[2.0090e+03 2.0000e+00 2.0000e+01 9.0000e+00 4.4000e+01 2.6828e+01],24,B0025,30,4030,04030.csv,1.8253563336445804,,
impedance,[2.009e+03 2.000e+00 2.000e+01 1.100e+01 3.700e+01 5.620e-01],24,B0025,31,4031,04031.csv,,0.047978749761169254,0.08058896691232123
charge,[2.0090e+03 2.0000e+00 2.0000e+01 1.2000e+01 8.0000e+00 4.4968e+01],24,B0025,32,4032,04032.csv,,,
impedance,[2.0090e+03 2.0000e+00 2.0000e+01 1.5000e+01 1.1000e+01 4.1671e+01],24,B0025,33,4033,04033.csv,,0.04761134038978747,0.07008007271526831
discharge,[2.009e+03 2.000e+00 2.000e+01 1.500e+01 4.300e+01 2.614e+01],24,B0025,34,4034,04034.csv,1.8214180552626154,,
charge,[2.0090e+03 2.0000e+00 2.0000e+01 1.7000e+01 3.2000e+01 1.0968e+01],24,B0025,35,4035,04035.csv,,,
discharge,[2.009e+03 2.000e+00 2.000e+01 2.000e+01 2.700e+01 8.120e-01],24,B0025,36,4036,04036.csv,1.830315627968932,,
charge,[2.0090e+03 2.0000e+00 2.0000e+01 2.2000e+01 1.5000e+01 3.0718e+01],24,B0025,37,4037,04037.csv,,,
discharge,[2.0090e+03 2.0000e+00 2.1000e+01 1.0000e+00 1.2000e+01 5.7984e+01],24,B0025,38,4038,04038.csv,1.8175491643824844,,
charge,[2.009e+03 2.000e+00 2.100e+01 3.000e+00 1.000e+00 1.814e+01],24,B0025,39,4039,04039.csv,,,
discharge,[2.009e+03 2.000e+00 2.100e+01 5.000e+00 5.700e+01 5.062e+00],24,B0025,40,4040,04040.csv,1.810901200296979,,
charge,[2.009e+03 2.000e+00 2.100e+01 7.000e+00 4.500e+01 7.250e+00],24,B0025,41,4041,04041.csv,,,
discharge,[2.0090e+03 2.0000e+00 2.1000e+01 1.0000e+01 4.2000e+01 4.4125e+01],24,B0025,42,4042,04042.csv,1.8083032603084233,,
impedance,[2.0090e+03 2.0000e+00 2.1000e+01 1.2000e+01 3.4000e+01 3.2359e+01],24,B0025,43,4043,04043.csv,,0.04665952944367001,0.07627346177245174
charge,[2.009e+03 2.000e+00 2.100e+01 1.300e+01 6.000e+00 1.750e+01],24,B0025,44,4044,04044.csv,,,
impedance,[2.0090e+03 2.0000e+00 2.1000e+01 1.6000e+01 1.0000e+01 3.4171e+01],24,B0025,45,4045,04045.csv,,0.04782783143571519,0.06953409424915814
discharge,[2.0090e+03 3.0000e+00 2.0000e+00 1.6000e+01 3.0000e+01 3.4015e+01],24,B0025,46,4046,04046.csv,1.7928016149381065,,
impedance,[2.0090e+03 3.0000e+00 2.0000e+00 1.8000e+01 2.0000e+01 4.1765e+01],24,B0025,47,4047,04047.csv,,0.05043542021280242,0.08262757791733341
charge,[2.0090e+03 3.0000e+00 2.0000e+00 1.8000e+01 5.2000e+01 2.7046e+01],24,B0025,48,4048,04048.csv,,,
impedance,[2.009e+03 3.000e+00 2.000e+00 2.100e+01 4.800e+01 1.710e-01],24,B0025,49,4049,04049.csv,,0.048715102182355724,0.0704168042049264
discharge,[2.0090e+03 3.0000e+00 2.0000e+00 2.2000e+01 1.9000e+01 4.5593e+01],24,B0025,50,4050,04050.csv,1.812563150045885,,
charge,[2009.       3.       3.       0.       7.      20.781],24,B0025,51,4051,04051.csv,,,
discharge,[2.0090e+03 3.0000e+00 3.0000e+00 2.0000e+00 5.9000e+01 3.9453e+01],24,B0025,52,4052,04052.csv,1.807772607491239,,
charge,[2009.       3.       3.       4.      47.       3.484],24,B0025,53,4053,04053.csv,,,
discharge,[2009.       3.       3.       7.      39.       7.296],24,B0025,54,4054,04054.csv,1.8048055175003972,,
charge,[2009.       3.       3.       9.      26.      17.984],24,B0025,55,4055,04055.csv,,,
discharge,[2009.       3.       3.      12.      18.      51.281],24,B0025,56,4056,04056.csv,1.800538555899242,,
charge,[2009.       3.       3.      14.       5.      44.218],24,B0025,57,4057,04057.csv,,,
discharge,[2009.       3.       3.      16.      58.      46.625],24,B0025,58,4058,04058.csv,1.7942356098033032,,
impedance,[2009.       3.       3.      18.      49.      37.578],24,B0025,59,4059,04059.csv,,0.04885267503596435,0.07841196031734854
charge,[2009.       3.       3.      19.      21.      23.546],24,B0025,60,4060,04060.csv,,,
impedance,[2009.       3.       3.      22.      22.       5.031],24,B0025,61,4061,04061.csv,,0.04934938710245162,0.06938371459194762
impedance,[2009.       3.       5.      15.      25.      53.312],24,B0025,62,4062,04062.csv,,0.04796792392672785,0.06497172459905518
charge,[2009.       3.       5.      15.      57.      39.484],24,B0025,63,4063,04063.csv,,,
impedance,[2009.       3.       5.      18.       8.      32.859],24,B0025,64,4064,04064.csv,,0.04842836093081604,0.07150751057033007
discharge,[2009.       3.       5.      18.      40.      18.984],24,B0025,65,4065,04065.csv,1.807409052434889,,
charge,[2009.       3.       5.      20.      27.      37.359],24,B0025,66,4066,04066.csv,,,
discharge,[2.009e+03 3.000e+00 5.000e+00 2.300e+01 2.000e+01 1.140e+00],24,B0025,67,4067,04067.csv,1.7902504816962075,,
charge,[2.0090e+03 3.0000e+00 6.0000e+00 1.0000e+00 6.0000e+00 3.5906e+01],24,B0025,68,4068,04068.csv,,,
discharge,[2009.       3.       6.       4.       0.      25.046],24,B0025,69,4069,04069.csv,1.7961223845359495,,
charge,[2009.       3.       6.       5.      46.      35.031],24,B0025,70,4070,04070.csv,,,
discharge,[2009.       3.       6.       8.      39.      37.156],24,B0025,71,4071,04071.csv,1.7912236690350776,,
charge,[2009.       3.       6.      10.      25.      28.937],24,B0025,72,4072,04072.csv,,,
discharge,[2009.       3.       6.      13.      20.      49.203],24,B0025,73,4073,04073.csv,1.7854822365303245,,
impedance,[2009.       3.       6.      15.      10.      41.859],24,B0025,74,4074,04074.csv,,0.04856141926788811,0.07728540519082959
charge,[2009.       3.       6.      15.      42.      28.359],24,B0025,75,4075,04075.csv,,,
impedance,[2009.       3.       6.      18.      44.      22.484],24,B0025,76,4076,04076.csv,,0.04785330606425702,0.06903926932921352
discharge,[2009.       3.      19.      10.      34.      54.078],24,B0025,77,4077,04077.csv,1.7677890780323617,,
impedance,[2009.     3.    19.    12.    23.    39.5],24,B0025,78,4078,04078.csv,,0.04966087070085884,0.08244546715154538
charge,[2009.       3.      19.      12.      55.      26.718],24,B0025,79,4079,04079.csv,,,
impedance,[2.0090e+03 2.0000e+00 1.3000e+01 1.9000e+01 3.0000e+00 5.2109e+01],24,B0026,0,4080,04080.csv,,0.0927177470818637,0.1378722191002069
charge,[2.0090e+03 2.0000e+00 1.3000e+01 1.9000e+01 3.5000e+01 3.5093e+01],24,B0026,1,4081,04081.csv,,,
impedance,[2.0090e+03 2.0000e+00 1.3000e+01 2.2000e+01 4.0000e+01 4.5046e+01],24,B0026,2,4082,04082.csv,,0.09120758117267147,0.11624466028643005
discharge,[2.0090e+03 2.0000e+00 1.3000e+01 2.3000e+01 1.2000e+01 2.8078e+01],24,B0026,3,4083,04083.csv,1.8132504303869899,,
charge,[2.0090e+03 2.0000e+00 1.4000e+01 1.0000e+00 2.0000e+00 2.3062e+01],24,B0026,4,4084,04084.csv,,,
discharge,[2.0090e+03 2.0000e+00 1.4000e+01 4.0000e+00 3.0000e+00 3.4578e+01],24,B0026,5,4085,04085.csv,1.8149760087078302,,
charge,[2.0090e+03 2.0000e+00 1.4000e+01 5.0000e+00 5.3000e+01 3.0656e+01],24,B0026,6,4086,04086.csv,,,
discharge,[2.0090e+03 2.0000e+00 1.4000e+01 8.0000e+00 5.4000e+01 4.1468e+01],24,B0026,7,4087,04087.csv,1.8135354175561993,,
charge,[2.0090e+03 2.0000e+00 1.4000e+01 1.0000e+01 4.4000e+01 1.1093e+01],24,B0026,8,4088,04088.csv,,,
discharge,[2.0090e+03 2.0000e+00 1.4000e+01 1.3000e+01 4.5000e+01 2.3546e+01],24,B0026,9,4089,04089.csv,1.815149273310334,,
charge,[2.0090e+03 2.0000e+00 1.4000e+01 1.5000e+01 3.4000e+01 3.5156e+01],24,B0026,10,4090,04090.csv,,,
discharge,[2.0090e+03 2.0000e+00 1.4000e+01 1.8000e+01 3.5000e+01 4.0671e+01],24,B0026,11,4091,04091.csv,1.8142913014068198,,
impedance,[2.0090e+03 2.0000e+00 1.4000e+01 2.0000e+01 2.8000e+01 4.7968e+01],24,B0026,12,4092,04092.csv,,0.0903849200942508,0.12293741459034775
charge,[2.0090e+03 2.0000e+00 1.4000e+01 2.1000e+01 0.0000e+00 3.1546e+01],24,B0026,13,4093,04093.csv,,,
impedance,[2.009e+03 2.000e+00 1.500e+01 0.000e+00 5.000e+00 9.796e+00],24,B0026,14,4094,04094.csv,,0.09016919399025383,0.11019861595863156
discharge,[2.0090e+03 2.0000e+00 1.8000e+01 1.0000e+01 4.8000e+01 5.8156e+01],24,B0026,15,4095,04095.csv,1.3863373424430125,,
impedance,[2.009e+03 2.000e+00 1.800e+01 1.200e+01 4.100e+01 9.765e+00],24,B0026,16,4096,04096.csv,,0.09063718486075122,0.12359070481220745
charge,[2.009e+03 2.000e+00 1.800e+01 1.300e+01 1.200e+01 5.364e+01],24,B0026,17,4097,04097.csv,,,
impedance,[2.0090e+03 2.0000e+00 1.8000e+01 1.6000e+01 1.7000e+01 2.3281e+01],24,B0026,18,4098,04098.csv,,0.09073013455154422,0.11152985344962243
discharge,[2.009e+03 2.000e+00 1.800e+01 1.600e+01 4.900e+01 7.390e+00],24,B0026,19,4099,04099.csv,1.8165277958816064,,
charge,[2.0090e+03 2.0000e+00 1.8000e+01 1.8000e+01 3.8000e+01 2.2812e+01],24,B0026,20,4100,04100.csv,,,
charge,[2.009e+03 2.000e+00 1.800e+01 2.200e+01 2.000e+01 1.140e+00],24,B0026,21,4101,04101.csv,,,
discharge,[2.0090e+03 2.0000e+00 1.9000e+01 0.0000e+00 5.2000e+01 4.9687e+01],24,B0026,22,4102,04102.csv,1.8085638576011063,,
charge,[2.009e+03 2.000e+00 1.900e+01 2.000e+00 4.100e+01 5.214e+01],24,B0026,23,4103,04103.csv,,,
discharge,[2.009e+03 2.000e+00 1.900e+01 5.000e+00 3.800e+01 5.714e+01],24,B0026,24,4104,04104.csv,1.804936077644182,,
charge,[2.0090e+03 2.0000e+00 1.9000e+01 7.0000e+00 2.7000e+01 4.8015e+01],24,B0026,25,4105,04105.csv,,,
discharge,[2.0090e+03 2.0000e+00 1.9000e+01 1.0000e+01 2.5000e+01 1.5218e+01],24,B0026,26,4106,04106.csv,1.8049315924982108,,
impedance,[2.009e+03 2.000e+00 1.900e+01 1.200e+01 1.800e+01 4.484e+00],24,B0026,27,4107,04107.csv,,0.08977608029142928,0.1181427746110193
charge,[2.0090e+03 2.0000e+00 1.9000e+01 1.2000e+01 4.9000e+01 4.8921e+01],24,B0026,28,4108,04108.csv,,,
impedance,[2.0090e+03 2.0000e+00 1.9000e+01 1.5000e+01 5.0000e+01 5.9703e+01],24,B0026,29,4109,04109.csv,,0.09024854805901428,0.11023305814454701
discharge,[2.0090e+03 2.0000e+00 2.0000e+01 9.0000e+00 4.4000e+01 2.6828e+01],24,B0026,30,4110,04110.csv,1.717679232699393,,
impedance,[2.009e+03 2.000e+00 2.000e+01 1.100e+01 3.700e+01 5.620e-01],24,B0026,31,4111,04111.csv,,0.09000656314970815,0.12089716577827994
charge,[2.0090e+03 2.0000e+00 2.0000e+01 1.2000e+01 8.0000e+00 4.4968e+01],24,B0026,32,4112,04112.csv,,,
impedance,[2.0090e+03 2.0000e+00 2.0000e+01 1.5000e+01 1.1000e+01 4.1671e+01],24,B0026,33,4113,04113.csv,,0.08961506170632062,0.10904947198823743
discharge,[2.009e+03 2.000e+00 2.000e+01 1.500e+01 4.300e+01 2.614e+01],24,B0026,34,4114,04114.csv,1.809804813280106,,
charge,[2.0090e+03 2.0000e+00 2.0000e+01 1.7000e+01 3.2000e+01 1.0968e+01],24,B0026,35,4115,04115.csv,,,
discharge,[2.009e+03 2.000e+00 2.000e+01 2.000e+01 2.700e+01 8.120e-01],24,B0026,36,4116,04116.csv,1.806556213274488,,
charge,[2.0090e+03 2.0000e+00 2.0000e+01 2.2000e+01 1.5000e+01 3.0718e+01],24,B0026,37,4117,04117.csv,,,
discharge,[2.0090e+03 2.0000e+00 2.1000e+01 1.0000e+00 1.2000e+01 5.7984e+01],24,B0026,38,4118,04118.csv,1.7938155707698507,,
charge,[2.009e+03 2.000e+00 2.100e+01 3.000e+00 1.000e+00 1.814e+01],24,B0026,39,4119,04119.csv,,,
discharge,[2.009e+03 2.000e+00 2.100e+01 5.000e+00 5.700e+01 5.062e+00],24,B0026,40,4120,04120.csv,1.799304949381792,,
charge,[2.009e+03 2.000e+00 2.100e+01 7.000e+00 4.500e+01 7.250e+00],24,B0026,41,4121,04121.csv,,,
discharge,[2.0090e+03 2.0000e+00 2.1000e+01 1.0000e+01 4.2000e+01 4.4125e+01],24,B0026,42,4122,04122.csv,1.7842197448470132,,
impedance,[2.0090e+03 2.0000e+00 2.1000e+01 1.2000e+01 3.4000e+01 3.2359e+01],24,B0026,43,4123,04123.csv,,0.0894680838191281,0.11633212050124012
charge,[2.009e+03 2.000e+00 2.100e+01 1.300e+01 6.000e+00 1.750e+01],24,B0026,44,4124,04124.csv,,,
impedance,[2.0090e+03 2.0000e+00 2.1000e+01 1.6000e+01 1.0000e+01 3.4171e+01],24,B0026,45,4125,04125.csv,,0.08943811638582581,0.10870083021564407
discharge,[2.0090e+03 3.0000e+00 2.0000e+00 1.6000e+01 3.0000e+01 3.4015e+01],24,B0026,46,4126,04126.csv,1.6818819918515189,,
impedance,[2.0090e+03 3.0000e+00 2.0000e+00 1.8000e+01 2.0000e+01 4.1765e+01],24,B0026,47,4127,04127.csv,,0.09070734698716276,0.11828423048885853
charge,[2.0090e+03 3.0000e+00 2.0000e+00 1.8000e+01 5.2000e+01 2.7046e+01],24,B0026,48,4128,04128.csv,,,
impedance,[2.009e+03 3.000e+00 2.000e+00 2.100e+01 4.800e+01 1.710e-01],24,B0026,49,4129,04129.csv,,0.0898555538406385,0.10908184192931704
discharge,[2.0090e+03 3.0000e+00 2.0000e+00 2.2000e+01 1.9000e+01 4.5593e+01],24,B0026,50,4130,04130.csv,1.8007519383961936,,
charge,[2009.       3.       3.       0.       7.      20.781],24,B0026,51,4131,04131.csv,,,
discharge,[2.0090e+03 3.0000e+00 3.0000e+00 2.0000e+00 5.9000e+01 3.9453e+01],24,B0026,52,4132,04132.csv,1.795972684272296,,
charge,[2009.       3.       3.       4.      47.       3.484],24,B0026,53,4133,04133.csv,,,
discharge,[2009.       3.       3.       7.      39.       7.296],24,B0026,54,4134,04134.csv,1.7931026940553298,,
charge,[2009.       3.       3.       9.      26.      17.984],24,B0026,55,4135,04135.csv,,,
discharge,[2009.       3.       3.      12.      18.      51.281],24,B0026,56,4136,04136.csv,1.8010267542068712,,
charge,[2009.       3.       3.      14.       5.      44.218],24,B0026,57,4137,04137.csv,,,
discharge,[2009.       3.       3.      16.      58.      46.625],24,B0026,58,4138,04138.csv,1.7824572301269948,,
impedance,[2009.       3.       3.      18.      49.      37.578],24,B0026,59,4139,04139.csv,,0.08987378304228023,0.11473899449846424
charge,[2009.       3.       3.      19.      21.      23.546],24,B0026,60,4140,04140.csv,,,
impedance,[2009.       3.       3.      22.      22.       5.031],24,B0026,61,4141,04141.csv,,0.09006540943491714,0.1085513280011445
impedance,[2009.       3.       5.      15.      25.      53.312],24,B0026,62,4142,04142.csv,,0.08817190653135362,0.10415408021345504
charge,[2009.       3.       5.      15.      57.      39.484],24,B0026,63,4143,04143.csv,,,
impedance,[2009.       3.       5.      18.       8.      32.859],24,B0026,64,4144,04144.csv,,0.0894500574420642,0.109309064317628
discharge,[2009.       3.       5.      18.      40.      18.984],24,B0026,65,4145,04145.csv,1.7959303030608789,,
charge,[2009.       3.       5.      20.      27.      37.359],24,B0026,66,4146,04146.csv,,,
discharge,[2.009e+03 3.000e+00 5.000e+00 2.300e+01 2.000e+01 1.140e+00],24,B0026,67,4147,04147.csv,1.7783142127341003,,
charge,[2.0090e+03 3.0000e+00 6.0000e+00 1.0000e+00 6.0000e+00 3.5906e+01],24,B0026,68,4148,04148.csv,,,
discharge,[2009.       3.       6.       4.       0.      25.046],24,B0026,69,4149,04149.csv,1.771719092984802,,
charge,[2009.       3.       6.       5.      46.      35.031],24,B0026,70,4150,04150.csv,,,
discharge,[2009.       3.       6.       8.      39.      37.156],24,B0026,71,4151,04151.csv,1.7790749489536772,,
charge,[2009.       3.       6.      10.      25.      28.937],24,B0026,72,4152,04152.csv,,,
discharge,[2009.       3.       6.      13.      20.      49.203],24,B0026,73,4153,04153.csv,1.7733229782464675,,
impedance,[2009.       3.       6.      15.      10.      41.859],24,B0026,74,4154,04154.csv,,0.09016257982157298,0.11582678352142962
charge,[2009.       3.       6.      15.      42.      28.359],24,B0026,75,4155,04155.csv,,,
impedance,[2009.       3.       6.      18.      44.      22.484],24,B0026,76,4156,04156.csv,,0.0894079114965533,0.1093666292348382
discharge,[2009.       3.      19.      10.      34.      54.078],24,B0026,77,4157,04157.csv,1.768754111010884,,
impedance,[2009.     3.    19.    12.    23.    39.5],24,B0026,78,4158,04158.csv,,0.09038899546557286,0.1176756750010452
charge,[2009.       3.      19.      12.      55.      26.718],24,B0026,79,4159,04159.csv,,,
impedance,[2.0090e+03 2.0000e+00 1.3000e+01 1.9000e+01 3.0000e+00 5.2109e+01],24,B0027,0,3159,03159.csv,,0.09083977652848653,0.13916678457699339
charge,[2.0090e+03 2.0000e+00 1.3000e+01 1.9000e+01 3.5000e+01 3.5093e+01],24,B0027,1,3160,03160.csv,,,
impedance,[2.0090e+03 2.0000e+00 1.3000e+01 2.2000e+01 4.0000e+01 4.5046e+01],24,B0027,2,3161,03161.csv,,0.08548334496231348,0.10951475800649675
discharge,[2.0090e+03 2.0000e+00 1.3000e+01 2.3000e+01 1.2000e+01 2.8078e+01],24,B0027,3,3162,03162.csv,1.8233077742149364,,
charge,[2.0090e+03 2.0000e+00 1.4000e+01 1.0000e+00 2.0000e+00 2.3062e+01],24,B0027,4,3163,03163.csv,,,
discharge,[2.0090e+03 2.0000e+00 1.4000e+01 4.0000e+00 3.0000e+00 3.4578e+01],24,B0027,5,3164,03164.csv,1.8142384651167962,,
charge,[2.0090e+03 2.0000e+00 1.4000e+01 5.0000e+00 5.3000e+01 3.0656e+01],24,B0027,6,3165,03165.csv,,,
discharge,[2.0090e+03 2.0000e+00 1.4000e+01 8.0000e+00 5.4000e+01 4.1468e+01],24,B0027,7,3166,03166.csv,1.8128596793130867,,
charge,[2.0090e+03 2.0000e+00 1.4000e+01 1.0000e+01 4.4000e+01 1.1093e+01],24,B0027,8,3167,03167.csv,,,
discharge,[2.0090e+03 2.0000e+00 1.4000e+01 1.3000e+01 4.5000e+01 2.3546e+01],24,B0027,9,3168,03168.csv,1.8144242446739973,,
charge,[2.0090e+03 2.0000e+00 1.4000e+01 1.5000e+01 3.4000e+01 3.5156e+01],24,B0027,10,3169,03169.csv,,,
discharge,[2.0090e+03 2.0000e+00 1.4000e+01 1.8000e+01 3.5000e+01 4.0671e+01],24,B0027,11,3170,03170.csv,1.812800333853042,,
impedance,[2.0090e+03 2.0000e+00 1.4000e+01 2.0000e+01 2.8000e+01 4.7968e+01],24,B0027,12,3171,03171.csv,,0.10430175873238276,0.13933571321110994
charge,[2.0090e+03 2.0000e+00 1.4000e+01 2.1000e+01 0.0000e+00 3.1546e+01],24,B0027,13,3172,03172.csv,,,
impedance,[2.009e+03 2.000e+00 1.500e+01 0.000e+00 5.000e+00 9.796e+00],24,B0027,14,3173,03173.csv,,0.10722143543383592,0.12781962527504584
discharge,[2.0090e+03 2.0000e+00 1.8000e+01 1.0000e+01 4.8000e+01 5.8156e+01],24,B0027,15,3174,03174.csv,1.7946038703195293,,
impedance,[2.009e+03 2.000e+00 1.800e+01 1.200e+01 4.100e+01 9.765e+00],24,B0027,16,3175,03175.csv,,0.10215123481848788,0.1315859833314424
charge,[2.009e+03 2.000e+00 1.800e+01 1.300e+01 1.200e+01 5.364e+01],24,B0027,17,3176,03176.csv,,,
impedance,[2.0090e+03 2.0000e+00 1.8000e+01 1.6000e+01 1.7000e+01 2.3281e+01],24,B0027,18,3177,03177.csv,,0.1027691804948317,0.12417436960819862
discharge,[2.009e+03 2.000e+00 1.800e+01 1.600e+01 4.900e+01 7.390e+00],24,B0027,19,3178,03178.csv,1.816519171293833,,
charge,[2.0090e+03 2.0000e+00 1.8000e+01 1.8000e+01 3.8000e+01 2.2812e+01],24,B0027,20,3179,03179.csv,,,
charge,[2.009e+03 2.000e+00 1.800e+01 2.200e+01 2.000e+01 1.140e+00],24,B0027,21,3180,03180.csv,,,
discharge,[2.0090e+03 2.0000e+00 1.9000e+01 0.0000e+00 5.2000e+01 4.9687e+01],24,B0027,22,3181,03181.csv,1.8198335565190242,,
charge,[2.009e+03 2.000e+00 1.900e+01 2.000e+00 4.100e+01 5.214e+01],24,B0027,23,3182,03182.csv,,,
discharge,[2.009e+03 2.000e+00 1.900e+01 5.000e+00 3.800e+01 5.714e+01],24,B0027,24,3183,03183.csv,1.816980986440728,,
charge,[2.0090e+03 2.0000e+00 1.9000e+01 7.0000e+00 2.7000e+01 4.8015e+01],24,B0027,25,3184,03184.csv,,,
discharge,[2.0090e+03 2.0000e+00 1.9000e+01 1.0000e+01 2.5000e+01 1.5218e+01],24,B0027,26,3185,03185.csv,1.8047602710768988,,
impedance,[2.009e+03 2.000e+00 1.900e+01 1.200e+01 1.800e+01 4.484e+00],24,B0027,27,3186,03186.csv,,0.104316046072662,0.13221097682558847
charge,[2.0090e+03 2.0000e+00 1.9000e+01 1.2000e+01 4.9000e+01 4.8921e+01],24,B0027,28,3187,03187.csv,,,
impedance,[2.0090e+03 2.0000e+00 1.9000e+01 1.5000e+01 5.0000e+01 5.9703e+01],24,B0027,29,3188,03188.csv,,0.10381157988903182,0.12316169005521234
discharge,[2.0090e+03 2.0000e+00 2.0000e+01 9.0000e+00 4.4000e+01 2.6828e+01],24,B0027,30,3189,03189.csv,1.8021778881408677,,
impedance,[2.009e+03 2.000e+00 2.000e+01 1.100e+01 3.700e+01 5.620e-01],24,B0027,31,3190,03190.csv,,0.09958450692087609,0.1293833807517887
charge,[2.0090e+03 2.0000e+00 2.0000e+01 1.2000e+01 8.0000e+00 4.4968e+01],24,B0027,32,3191,03191.csv,,,
impedance,[2.0090e+03 2.0000e+00 2.0000e+01 1.5000e+01 1.1000e+01 4.1671e+01],24,B0027,33,3192,03192.csv,,0.09980355533822587,0.12056516008219019
discharge,[2.009e+03 2.000e+00 2.000e+01 1.500e+01 4.300e+01 2.614e+01],24,B0027,34,3193,03193.csv,1.810054375611175,,
charge,[2.0090e+03 2.0000e+00 2.0000e+01 1.7000e+01 3.2000e+01 1.0968e+01],24,B0027,35,3194,03194.csv,,,
discharge,[2.009e+03 2.000e+00 2.000e+01 2.000e+01 2.700e+01 8.120e-01],24,B0027,36,3195,03195.csv,1.8191618703574552,,
charge,[2.0090e+03 2.0000e+00 2.0000e+01 2.2000e+01 1.5000e+01 3.0718e+01],24,B0027,37,3196,03196.csv,,,
discharge,[2.0090e+03 2.0000e+00 2.1000e+01 1.0000e+00 1.2000e+01 5.7984e+01],24,B0027,38,3197,03197.csv,1.806344581230731,,
charge,[2.009e+03 2.000e+00 2.100e+01 3.000e+00 1.000e+00 1.814e+01],24,B0027,39,3198,03198.csv,,,
discharge,[2.009e+03 2.000e+00 2.100e+01 5.000e+00 5.700e+01 5.062e+00],24,B0027,40,3199,03199.csv,1.8120006378747944,,
charge,[2.009e+03 2.000e+00 2.100e+01 7.000e+00 4.500e+01 7.250e+00],24,B0027,41,3200,03200.csv,,,
discharge,[2.0090e+03 2.0000e+00 2.1000e+01 1.0000e+01 4.2000e+01 4.4125e+01],24,B0027,42,3201,03201.csv,1.809238569578753,,
impedance,[2.0090e+03 2.0000e+00 2.1000e+01 1.2000e+01 3.4000e+01 3.2359e+01],24,B0027,43,3202,03202.csv,,0.0980191511803865,0.1256104991986903
charge,[2.009e+03 2.000e+00 2.100e+01 1.300e+01 6.000e+00 1.750e+01],24,B0027,44,3203,03203.csv,,,
impedance,[2.0090e+03 2.0000e+00 2.1000e+01 1.6000e+01 1.0000e+01 3.4171e+01],24,B0027,45,3204,03204.csv,,0.09950680341665902,0.1197168984297459
discharge,[2.0090e+03 3.0000e+00 2.0000e+00 1.6000e+01 3.0000e+01 3.4015e+01],24,B0027,46,3205,03205.csv,1.7820717716005336,,
impedance,[2.0090e+03 3.0000e+00 2.0000e+00 1.8000e+01 2.0000e+01 4.1765e+01],24,B0027,47,3206,03206.csv,,0.09871074461790616,0.1239497992107127
charge,[2.0090e+03 3.0000e+00 2.0000e+00 1.8000e+01 5.2000e+01 2.7046e+01],24,B0027,48,3207,03207.csv,,,
impedance,[2.009e+03 3.000e+00 2.000e+00 2.100e+01 4.800e+01 1.710e-01],24,B0027,49,3208,03208.csv,,0.10018545677097014,0.11938631622478073
discharge,[2.0090e+03 3.0000e+00 2.0000e+00 2.2000e+01 1.9000e+01 4.5593e+01],24,B0027,50,3209,03209.csv,1.8145504562341046,,
charge,[2009.       3.       3.       0.       7.      20.781],24,B0027,51,3210,03210.csv,,,
discharge,[2.0090e+03 3.0000e+00 3.0000e+00 2.0000e+00 5.9000e+01 3.9453e+01],24,B0027,52,3211,03211.csv,1.809153485164282,,
charge,[2009.       3.       3.       4.      47.       3.484],24,B0027,53,3212,03212.csv,,,
discharge,[2009.       3.       3.       7.      39.       7.296],24,B0027,54,3213,03213.csv,1.8065551508093707,,
charge,[2009.       3.       3.       9.      26.      17.984],24,B0027,55,3214,03214.csv,,,
discharge,[2009.       3.       3.      12.      18.      51.281],24,B0027,56,3215,03215.csv,1.802401655959492,,
charge,[2009.       3.       3.      14.       5.      44.218],24,B0027,57,3216,03216.csv,,,
discharge,[2009.       3.       3.      16.      58.      46.625],24,B0027,58,3217,03217.csv,1.7964331683322998,,
impedance,[2009.       3.       3.      18.      49.      37.578],24,B0027,59,3218,03218.csv,,0.09821473955295443,0.12600317424850244
charge,[2009.       3.       3.      19.      21.      23.546],24,B0027,60,3219,03219.csv,,,
impedance,[2009.       3.       3.      22.      22.       5.031],24,B0027,61,3220,03220.csv,,0.0977040528101169,0.11721661093382099
impedance,[2009.       3.       5.      15.      25.      53.312],24,B0027,62,3221,03221.csv,,0.09634909799632395,0.11435722029540347
charge,[2009.       3.       5.      15.      57.      39.484],24,B0027,63,3222,03222.csv,,,
impedance,[2009.       3.       5.      18.       8.      32.859],24,B0027,64,3223,03223.csv,,0.09755612281440681,0.11844508949428006
discharge,[2009.       3.       5.      18.      40.      18.984],24,B0027,65,3224,03224.csv,1.8088036930508289,,
charge,[2009.       3.       5.      20.      27.      37.359],24,B0027,66,3225,03225.csv,,,
discharge,[2.009e+03 3.000e+00 5.000e+00 2.300e+01 2.000e+01 1.140e+00],24,B0027,67,3226,03226.csv,1.7915527748749653,,
charge,[2.0090e+03 3.0000e+00 6.0000e+00 1.0000e+00 6.0000e+00 3.5906e+01],24,B0027,68,3227,03227.csv,,,
discharge,[2009.       3.       6.       4.       0.      25.046],24,B0027,69,3228,03228.csv,1.7853375192239571,,
charge,[2009.       3.       6.       5.      46.      35.031],24,B0027,70,3229,03229.csv,,,
discharge,[2009.       3.       6.       8.      39.      37.156],24,B0027,71,3230,03230.csv,1.793209210325309,,
charge,[2009.       3.       6.      10.      25.      28.937],24,B0027,72,3231,03231.csv,,,
discharge,[2009.       3.       6.      13.      20.      49.203],24,B0027,73,3232,03232.csv,1.7873097711102113,,
impedance,[2009.       3.       6.      15.      10.      41.859],24,B0027,74,3233,03233.csv,,0.0965391814140092,0.1267597829642833
charge,[2009.       3.       6.      15.      42.      28.359],24,B0027,75,3234,03234.csv,,,
impedance,[2009.       3.       6.      18.      44.      22.484],24,B0027,76,3235,03235.csv,,0.0999652631237503,0.119612265698934
discharge,[2009.       3.      19.      10.      34.      54.078],24,B0027,77,3236,03236.csv,1.7700926253324452,,
impedance,[2009.     3.    19.    12.    23.    39.5],24,B0027,78,3237,03237.csv,,0.09969227191464992,0.1248543133814611
charge,[2009.       3.      19.      12.      55.      26.718],24,B0027,79,3238,03238.csv,,,
impedance,[2.0090e+03 2.0000e+00 1.3000e+01 1.9000e+01 3.0000e+00 5.2109e+01],24,B0028,0,1450,01450.csv,,0.08141136501428463,0.13435294061149733
charge,[2.0090e+03 2.0000e+00 1.3000e+01 1.9000e+01 3.5000e+01 3.5093e+01],24,B0028,1,1451,01451.csv,,,
impedance,[2.0090e+03 2.0000e+00 1.3000e+01 2.2000e+01 4.0000e+01 4.5046e+01],24,B0028,2,1452,01452.csv,,0.08176458673559299,0.10682087072021014
discharge,[2.0090e+03 2.0000e+00 1.3000e+01 2.3000e+01 1.2000e+01 2.8078e+01],24,B0028,3,1453,01453.csv,1.8046847720100736,,
charge,[2.0090e+03 2.0000e+00 1.4000e+01 1.0000e+00 2.0000e+00 2.3062e+01],24,B0028,4,1454,01454.csv,,,
discharge,[2.0090e+03 2.0000e+00 1.4000e+01 4.0000e+00 3.0000e+00 3.4578e+01],24,B0028,5,1455,01455.csv,1.8047833214525881,,
charge,[2.0090e+03 2.0000e+00 1.4000e+01 5.0000e+00 5.3000e+01 3.0656e+01],24,B0028,6,1456,01456.csv,,,
discharge,[2.0090e+03 2.0000e+00 1.4000e+01 8.0000e+00 5.4000e+01 4.1468e+01],24,B0028,7,1457,01457.csv,1.797618668222458,,
charge,[2.0090e+03 2.0000e+00 1.4000e+01 1.0000e+01 4.4000e+01 1.1093e+01],24,B0028,8,1458,01458.csv,,,
discharge,[2.0090e+03 2.0000e+00 1.4000e+01 1.3000e+01 4.5000e+01 2.3546e+01],24,B0028,9,1459,01459.csv,1.7929913687761174,,
charge,[2.0090e+03 2.0000e+00 1.4000e+01 1.5000e+01 3.4000e+01 3.5156e+01],24,B0028,10,1460,01460.csv,,,
discharge,[2.0090e+03 2.0000e+00 1.4000e+01 1.8000e+01 3.5000e+01 4.0671e+01],24,B0028,11,1461,01461.csv,1.7919180081592216,,
impedance,[2.0090e+03 2.0000e+00 1.4000e+01 2.0000e+01 2.8000e+01 4.7968e+01],24,B0028,12,1462,01462.csv,,0.0808258053141002,0.121797260168767
charge,[2.0090e+03 2.0000e+00 1.4000e+01 2.1000e+01 0.0000e+00 3.1546e+01],24,B0028,13,1463,01463.csv,,,
impedance,[2.009e+03 2.000e+00 1.500e+01 0.000e+00 5.000e+00 9.796e+00],24,B0028,14,1464,01464.csv,,0.08049755262582456,0.10171699274990839
discharge,[2.0090e+03 2.0000e+00 1.8000e+01 1.0000e+01 4.8000e+01 5.8156e+01],24,B0028,15,1465,01465.csv,1.775026135903797,,
impedance,[2.009e+03 2.000e+00 1.800e+01 1.200e+01 4.100e+01 9.765e+00],24,B0028,16,1466,01466.csv,,0.07999808984375359,0.11499739391717384
charge,[2.009e+03 2.000e+00 1.800e+01 1.300e+01 1.200e+01 5.364e+01],24,B0028,17,1467,01467.csv,,,
impedance,[2.0090e+03 2.0000e+00 1.8000e+01 1.6000e+01 1.7000e+01 2.3281e+01],24,B0028,18,1468,01468.csv,,0.07921399064492479,0.10231508026191471
discharge,[2.009e+03 2.000e+00 1.800e+01 1.600e+01 4.900e+01 7.390e+00],24,B0028,19,1469,01469.csv,1.7920487852223415,,
charge,[2.0090e+03 2.0000e+00 1.8000e+01 1.8000e+01 3.8000e+01 2.2812e+01],24,B0028,20,1470,01470.csv,,,
charge,[2.009e+03 2.000e+00 1.800e+01 2.200e+01 2.000e+01 1.140e+00],24,B0028,21,1471,01471.csv,,,
discharge,[2.0090e+03 2.0000e+00 1.9000e+01 0.0000e+00 5.2000e+01 4.9687e+01],24,B0028,22,1472,01472.csv,1.790475801581265,,
charge,[2.009e+03 2.000e+00 1.900e+01 2.000e+00 4.100e+01 5.214e+01],24,B0028,23,1473,01473.csv,,,
discharge,[2.009e+03 2.000e+00 1.900e+01 5.000e+00 3.800e+01 5.714e+01],24,B0028,24,1474,01474.csv,1.7868365091987264,,
charge,[2.0090e+03 2.0000e+00 1.9000e+01 7.0000e+00 2.7000e+01 4.8015e+01],24,B0028,25,1475,01475.csv,,,
discharge,[2.0090e+03 2.0000e+00 1.9000e+01 1.0000e+01 2.5000e+01 1.5218e+01],24,B0028,26,1476,01476.csv,1.7871529619962185,,
impedance,[2.009e+03 2.000e+00 1.900e+01 1.200e+01 1.800e+01 4.484e+00],24,B0028,27,1477,01477.csv,,0.08024079983592583,0.11464434041763144
charge,[2.0090e+03 2.0000e+00 1.9000e+01 1.2000e+01 4.9000e+01 4.8921e+01],24,B0028,28,1478,01478.csv,,,
impedance,[2.0090e+03 2.0000e+00 1.9000e+01 1.5000e+01 5.0000e+01 5.9703e+01],24,B0028,29,1479,01479.csv,,0.07886642794998196,0.1014191126510086
discharge,[2.0090e+03 2.0000e+00 2.0000e+01 9.0000e+00 4.4000e+01 2.6828e+01],24,B0028,30,1480,01480.csv,1.7816340617009505,,
impedance,[2.009e+03 2.000e+00 2.000e+01 1.100e+01 3.700e+01 5.620e-01],24,B0028,31,1481,01481.csv,,0.07929841816780661,0.11507631401626708
charge,[2.0090e+03 2.0000e+00 2.0000e+01 1.2000e+01 8.0000e+00 4.4968e+01],24,B0028,32,1482,01482.csv,,,
impedance,[2.0090e+03 2.0000e+00 2.0000e+01 1.5000e+01 1.1000e+01 4.1671e+01],24,B0028,33,1483,01483.csv,,0.07802684371863831,0.09966656037192485
discharge,[2.009e+03 2.000e+00 2.000e+01 1.500e+01 4.300e+01 2.614e+01],24,B0028,34,1484,01484.csv,1.7850235136604733,,
charge,[2.0090e+03 2.0000e+00 2.0000e+01 1.7000e+01 3.2000e+01 1.0968e+01],24,B0028,35,1485,01485.csv,,,
discharge,[2.009e+03 2.000e+00 2.000e+01 2.000e+01 2.700e+01 8.120e-01],24,B0028,36,1486,01486.csv,1.7803865429693038,,
charge,[2.0090e+03 2.0000e+00 2.0000e+01 2.2000e+01 1.5000e+01 3.0718e+01],24,B0028,37,1487,01487.csv,,,
discharge,[2.0090e+03 2.0000e+00 2.1000e+01 1.0000e+00 1.2000e+01 5.7984e+01],24,B0028,38,1488,01488.csv,1.7789060856417256,,
charge,[2.009e+03 2.000e+00 2.100e+01 3.000e+00 1.000e+00 1.814e+01],24,B0028,39,1489,01489.csv,,,
discharge,[2.009e+03 2.000e+00 2.100e+01 5.000e+00 5.700e+01 5.062e+00],24,B0028,40,1490,01490.csv,1.7738387518973049,,
charge,[2.009e+03 2.000e+00 2.100e+01 7.000e+00 4.500e+01 7.250e+00],24,B0028,41,1491,01491.csv,,,
discharge,[2.0090e+03 2.0000e+00 2.1000e+01 1.0000e+01 4.2000e+01 4.4125e+01],24,B0028,42,1492,01492.csv,1.769682881523146,,
impedance,[2.0090e+03 2.0000e+00 2.1000e+01 1.2000e+01 3.4000e+01 3.2359e+01],24,B0028,43,1493,01493.csv,,0.08031530605845097,0.11179893683290254
charge,[2.009e+03 2.000e+00 2.100e+01 1.300e+01 6.000e+00 1.750e+01],24,B0028,44,1494,01494.csv,,,
impedance,[2.0090e+03 2.0000e+00 2.1000e+01 1.6000e+01 1.0000e+01 3.4171e+01],24,B0028,45,1495,01495.csv,,0.07875491507561636,0.10011466012346665
discharge,[2.0090e+03 3.0000e+00 2.0000e+00 1.6000e+01 3.0000e+01 3.4015e+01],24,B0028,46,1496,01496.csv,1.7408787283206992,,
impedance,[2.0090e+03 3.0000e+00 2.0000e+00 1.8000e+01 2.0000e+01 4.1765e+01],24,B0028,47,1497,01497.csv,,0.081972677815941,0.1078622382729115
charge,[2.0090e+03 3.0000e+00 2.0000e+00 1.8000e+01 5.2000e+01 2.7046e+01],24,B0028,48,1498,01498.csv,,,
impedance,[2.009e+03 3.000e+00 2.000e+00 2.100e+01 4.800e+01 1.710e-01],24,B0028,49,1499,01499.csv,,0.0801951045701426,0.10073699416293035
discharge,[2.0090e+03 3.0000e+00 2.0000e+00 2.2000e+01 1.9000e+01 4.5593e+01],24,B0028,50,1500,01500.csv,1.7648189744011906,,
charge,[2009.       3.       3.       0.       7.      20.781],24,B0028,51,1501,01501.csv,,,
discharge,[2.0090e+03 3.0000e+00 3.0000e+00 2.0000e+00 5.9000e+01 3.9453e+01],24,B0028,52,1502,01502.csv,1.7617857390844023,,
charge,[2009.       3.       3.       4.      47.       3.484],24,B0028,53,1503,01503.csv,,,
discharge,[2009.       3.       3.       7.      39.       7.296],24,B0028,54,1504,01504.csv,1.75770610357021,,
charge,[2009.       3.       3.       9.      26.      17.984],24,B0028,55,1505,01505.csv,,,
discharge,[2009.       3.       3.      12.      18.      51.281],24,B0028,56,1506,01506.csv,1.7519375960601256,,
charge,[2009.       3.       3.      14.       5.      44.218],24,B0028,57,1507,01507.csv,,,
discharge,[2009.       3.       3.      16.      58.      46.625],24,B0028,58,1508,01508.csv,1.7521244035832177,,
impedance,[2009.       3.       3.      18.      49.      37.578],24,B0028,59,1509,01509.csv,,0.0798330864540462,0.11018428491967498
charge,[2009.       3.       3.      19.      21.      23.546],24,B0028,60,1510,01510.csv,,,
impedance,[2009.       3.       3.      22.      22.       5.031],24,B0028,61,1511,01511.csv,,0.0802952194953975,0.10026582550437207
impedance,[2009.       3.       5.      15.      25.      53.312],24,B0028,62,1512,01512.csv,,0.0794938925264985,0.09771330178178547
charge,[2009.       3.       5.      15.      57.      39.484],24,B0028,63,1513,01513.csv,,,
impedance,[2009.       3.       5.      18.       8.      32.859],24,B0028,64,1514,01514.csv,,0.07949915339953288,0.10186179380196737
discharge,[2009.       3.       5.      18.      40.      18.984],24,B0028,65,1515,01515.csv,1.7597714133989641,,
charge,[2009.       3.       5.      20.      27.      37.359],24,B0028,66,1516,01516.csv,,,
discharge,[2.009e+03 3.000e+00 5.000e+00 2.300e+01 2.000e+01 1.140e+00],24,B0028,67,1517,01517.csv,1.7483011320324189,,
charge,[2.0090e+03 3.0000e+00 6.0000e+00 1.0000e+00 6.0000e+00 3.5906e+01],24,B0028,68,1518,01518.csv,,,
discharge,[2009.       3.       6.       4.       0.      25.046],24,B0028,69,1519,01519.csv,1.7411482627836237,,
charge,[2009.       3.       6.       5.      46.      35.031],24,B0028,70,1520,01520.csv,,,
discharge,[2009.       3.       6.       8.      39.      37.156],24,B0028,71,1521,01521.csv,1.7363833316311177,,
charge,[2009.       3.       6.      10.      25.      28.937],24,B0028,72,1522,01522.csv,,,
discharge,[2009.       3.       6.      13.      20.      49.203],24,B0028,73,1523,01523.csv,1.736559066269527,,
impedance,[2009.       3.       6.      15.      10.      41.859],24,B0028,74,1524,01524.csv,,0.08010920559198015,0.11308909362146788
charge,[2009.       3.       6.      15.      42.      28.359],24,B0028,75,1525,01525.csv,,,
impedance,[2009.       3.       6.      18.      44.      22.484],24,B0028,76,1526,01526.csv,,0.08031037805229317,0.10093533112866111
discharge,[2009.       3.      19.      10.      34.      54.078],24,B0028,77,1527,01527.csv,1.7172335652295245,,
impedance,[2009.     3.    19.    12.    23.    39.5],24,B0028,78,1528,01528.csv,,0.07970222029917101,0.11372273509721359
charge,[2009.       3.      19.      12.      55.      26.718],24,B0028,79,1529,01529.csv,,,
discharge,[2009.       6.      19.      17.      18.      16.015],24,B0033,0,2413,02413.csv,0.06842572240601812,,
impedance,[2009.       6.      19.      17.      54.      12.968],24,B0033,1,2414,02414.csv,,0.10369425753447586,0.1418732466241537
charge,[2009.      6.     19.     18.     25.     58.64],24,B0033,2,2415,02415.csv,,,
impedance,[2009.       6.      19.      21.      31.       7.671],24,B0033,3,2416,02416.csv,,0.10298420089459744,0.13119351045101016
discharge,[2.0090e+03 6.0000e+00 1.9000e+01 2.2000e+01 2.0000e+00 5.0609e+01],24,B0033,4,2417,02417.csv,0.6895699007862814,,
charge,[2009.       6.      19.      22.      58.      30.843],24,B0033,5,2418,02418.csv,,,
discharge,[2.009e+03 6.000e+00 2.000e+01 1.000e+00 5.900e+01 3.975e+01],24,B0033,6,2419,02419.csv,1.1610848192311252,,
charge,[2.0090e+03 6.0000e+00 2.0000e+01 2.0000e+00 5.5000e+01 2.5265e+01],24,B0033,7,2420,02420.csv,,,
discharge,[2009.       6.      20.       5.      55.      38.984],24,B0033,8,2421,02421.csv,1.2529393053824995,,
charge,[2009.       6.      20.       6.      51.      23.171],24,B0033,9,2422,02422.csv,,,
discharge,[2009.       6.      20.       9.      50.      35.156],24,B0033,10,2423,02423.csv,1.302918002447558,,
charge,[2009.       6.      20.      10.      46.       8.984],24,B0033,11,2424,02424.csv,,,
discharge,[2009.       6.      20.      13.      47.      19.156],24,B0033,12,2425,02425.csv,1.3218773211472525,,
impedance,[2009.       6.      20.      14.      46.      42.328],24,B0033,13,2426,02426.csv,,0.11392818636432676,0.14086662205241793
charge,[2009.       6.      20.      15.      18.      25.765],24,B0033,14,2427,02427.csv,,,
impedance,[2009.       6.      20.      18.      23.      38.703],24,B0033,15,2428,02428.csv,,0.1127111810781862,0.13896284881528578
discharge,[2009.       6.      20.      18.      55.      22.281],24,B0033,16,2429,02429.csv,1.2884694418301417,,
charge,[2009.       6.      20.      19.      50.      37.765],24,B0033,17,2430,02430.csv,,,
discharge,[2009.       6.      20.      22.      51.      49.984],24,B0033,18,2431,02431.csv,1.713169326386719,,
charge,[2009.       6.      20.      23.      47.       6.421],24,B0033,19,2432,02432.csv,,,
discharge,[2.0090e+03 6.0000e+00 2.1000e+01 2.0000e+00 4.8000e+01 2.0078e+01],24,B0033,20,2433,02433.csv,1.6560966776720512,,
charge,[2009.       6.      21.       3.      43.      37.421],24,B0033,21,2434,02434.csv,,,
discharge,[2009.       6.      21.       6.      44.      49.843],24,B0033,22,2435,02435.csv,1.6197297341990775,,
charge,[2.009e+03 6.000e+00 2.100e+01 7.000e+00 4.000e+01 1.625e+00],24,B0033,23,2436,02436.csv,,,
discharge,[2009.       6.      21.      10.      41.      15.046],24,B0033,24,2437,02437.csv,1.604655812282729,,
impedance,[2009.       6.      21.      11.      40.      22.859],24,B0033,25,2438,02438.csv,,0.08831553447497067,0.11333902267721879
charge,[2009.       6.      21.      12.      12.       7.046],24,B0033,26,2439,02439.csv,,,
impedance,[2009.       6.      21.      15.      17.      21.453],24,B0033,27,2440,02440.csv,,0.08860344767715381,0.11319948246992284
discharge,[2009.       6.      21.      15.      49.       5.796],24,B0033,28,2441,02441.csv,1.6255699769029337,,
charge,[2009.       6.      21.      16.      44.      12.312],24,B0033,29,2442,02442.csv,,,
discharge,[2009.       6.      21.      19.      45.      24.468],24,B0033,30,2443,02443.csv,1.5900967306245992,,
charge,[2009.       6.      21.      20.      40.      28.906],24,B0033,31,2444,02444.csv,,,
discharge,[2009.       6.      21.      23.      41.      43.609],24,B0033,32,2445,02445.csv,1.5739402299623984,,
charge,[2009.       6.      22.       0.      36.      42.578],24,B0033,33,2446,02446.csv,,,
discharge,[2009.       6.      22.       3.      37.      57.218],24,B0033,34,2447,02447.csv,1.5711303351557309,,
charge,[2009.      6.     22.      4.     32.     51.75],24,B0033,35,2448,02448.csv,,,
discharge,[2009.       6.      22.       7.      34.       6.234],24,B0033,36,2449,02449.csv,1.5897706153457416,,
impedance,[2009.       6.      22.       8.      33.       4.921],24,B0033,37,2450,02450.csv,,0.07728829475356114,0.10026658085153334
charge,[2009.       6.      22.       9.       4.      49.718],24,B0033,38,2451,02451.csv,,,
impedance,[2009.       6.      22.      12.      10.       3.484],24,B0033,39,2452,02452.csv,,0.07813800801189155,0.0992161368025628
discharge,[2009.       6.      22.      12.      41.      48.359],24,B0033,40,2453,02453.csv,1.6257378771074,,
charge,[2009.       6.      22.      13.      36.      56.609],24,B0033,41,2454,02454.csv,,,
discharge,[2009.       6.      22.      16.      38.      13.281],24,B0033,42,2455,02455.csv,1.6523506333962537,,
charge,[2009.       6.      22.      17.      33.      30.843],24,B0033,43,2456,02456.csv,,,
discharge,[2009.       6.      22.      20.      34.      46.062],24,B0033,44,2457,02457.csv,1.6143816761595386,,
charge,[2009.       6.      22.      21.      29.      47.796],24,B0033,45,2458,02458.csv,,,
discharge,[2009.       6.      23.       0.      31.       3.375],24,B0033,46,2459,02459.csv,1.58697453394504,,
charge,[2.0090e+03 6.0000e+00 2.3000e+01 1.0000e+00 2.5000e+01 5.0515e+01],24,B0033,47,2460,02460.csv,,,
discharge,[2009.       6.      23.       4.      27.       4.484],24,B0033,48,2461,02461.csv,1.5818355572787333,,
impedance,[2009.       6.      23.       5.      25.      42.796],24,B0033,49,2462,02462.csv,,0.07591817272957815,0.10023628255297479
charge,[2009.       6.      23.       5.      57.      28.093],24,B0033,50,2463,02463.csv,,,
impedance,[2.0090e+03 6.0000e+00 2.3000e+01 9.0000e+00 2.0000e+00 1.7546e+01],24,B0033,51,2464,02464.csv,,0.07674714871329817,0.09869401759754139
discharge,[2009.       6.      26.      15.      29.      34.968],24,B0033,52,2465,02465.csv,1.6919769406371152,,
impedance,[2009.       6.      26.      16.      28.      44.296],24,B0033,53,2466,02466.csv,,0.07909409015271307,0.09825560004085176
charge,[2009.       6.      26.      17.       0.      29.625],24,B0033,54,2467,02467.csv,,,
impedance,[2009.       6.      26.      20.       0.      38.765],24,B0033,55,2468,02468.csv,,0.07795383619221115,0.09816001233597475
discharge,[2009.       6.      26.      20.      32.      24.265],24,B0033,56,2469,02469.csv,1.6879483800354476,,
charge,[2.009e+03 6.000e+00 2.600e+01 2.100e+01 2.800e+01 1.531e+00],24,B0033,57,2470,02470.csv,,,
discharge,[2009.       6.      27.       0.      28.      29.453],24,B0033,58,2471,02471.csv,1.6586223007531458,,
charge,[2.0090e+03 6.0000e+00 2.7000e+01 1.0000e+00 2.3000e+01 5.9218e+01],24,B0033,59,2472,02472.csv,,,
discharge,[2009.       6.      27.       4.      25.      16.218],24,B0033,60,2473,02473.csv,1.6420179032789863,,
charge,[2009.       6.      27.       5.      20.      35.984],24,B0033,61,2474,02474.csv,,,
discharge,[2009.       6.      27.       8.      21.      51.234],24,B0033,62,2475,02475.csv,1.6381810791118743,,
charge,[2009.      6.     27.      9.     17.      4.25],24,B0033,63,2476,02476.csv,,,
discharge,[2009.     6.    27.    12.    18.    20.5],24,B0033,64,2477,02477.csv,1.6422892507912386,,
impedance,[2009.       6.      27.      13.      17.      23.515],24,B0033,65,2478,02478.csv,,0.07590768772169944,0.0985037315687698
charge,[2009.       6.      27.      13.      49.       9.515],24,B0033,66,2479,02479.csv,,,
impedance,[2009.       6.      27.      16.      54.      26.703],24,B0033,67,2480,02480.csv,,0.07787221314323793,0.09725649527053785
discharge,[2009.       6.      27.      17.      26.      12.718],24,B0033,68,2481,02481.csv,1.651270876264092,,
charge,[2009.       6.      27.      18.      21.      18.234],24,B0033,69,2482,02482.csv,,,
discharge,[2009.       6.      27.      21.      22.      21.781],24,B0033,70,2483,02483.csv,1.6326559297917211,,
charge,[2009.       6.      27.      22.      17.      17.406],24,B0033,71,2484,02484.csv,,,
discharge,[2.0090e+03 6.0000e+00 2.8000e+01 1.0000e+00 1.8000e+01 3.4656e+01],24,B0033,72,2485,02485.csv,1.6260888111680731,,
charge,[2.0090e+03 6.0000e+00 2.8000e+01 2.0000e+00 1.3000e+01 3.0812e+01],24,B0033,73,2486,02486.csv,,,
discharge,[2009.      6.     28.      5.     14.     48.25],24,B0033,74,2487,02487.csv,1.6079292963823688,,
charge,[2009.       6.      28.       6.       9.      35.093],24,B0033,75,2488,02488.csv,,,
discharge,[2009.       6.      28.       9.      10.      46.125],24,B0033,76,2489,02489.csv,1.6125361114907395,,
impedance,[2009.       6.      28.      10.       9.      20.734],24,B0033,77,2490,02490.csv,,0.07532216182907811,0.09899695119784263
charge,[2009.       6.      28.      10.      41.       7.187],24,B0033,78,2491,02491.csv,,,
impedance,[2009.       6.      28.      13.      46.      26.406],24,B0033,79,2492,02492.csv,,0.07613015600172764,0.09816039761373273
discharge,[2009.       6.      28.      14.      18.      12.906],24,B0033,80,2493,02493.csv,1.6218384168987892,,
charge,[2009.       6.      28.      15.      12.      50.796],24,B0033,81,2494,02494.csv,,,
discharge,[2009.       6.      28.      18.      13.      23.984],24,B0033,82,2495,02495.csv,1.6145443029101134,,
charge,[2.009e+03 6.000e+00 2.800e+01 1.900e+01 8.000e+00 6.710e-01],24,B0033,83,2496,02496.csv,,,
discharge,[2009.       6.      28.      22.       7.      58.453],24,B0033,84,2497,02497.csv,1.5953958917107596,,
charge,[2.0090e+03 6.0000e+00 2.8000e+01 2.3000e+01 2.0000e+00 2.7281e+01],24,B0033,85,2498,02498.csv,,,
discharge,[2.009e+03 6.000e+00 2.900e+01 2.000e+00 3.000e+00 4.614e+01],24,B0033,86,2499,02499.csv,1.5877243027113057,,
charge,[2.0090e+03 6.0000e+00 2.9000e+01 2.0000e+00 5.8000e+01 1.3109e+01],24,B0033,87,2500,02500.csv,,,
discharge,[2009.       6.      29.       5.      59.      12.218],24,B0033,88,2501,02501.csv,1.5811840578305605,,
impedance,[2009.       6.      29.       6.      57.      31.187],24,B0033,89,2502,02502.csv,,0.07470711266527329,0.09813114327178289
charge,[2009.      6.     29.      7.     29.     18.39],24,B0033,90,2503,02503.csv,,,
impedance,[2009.       6.      29.      10.      34.      40.796],24,B0033,91,2504,02504.csv,,0.0770653853843182,0.0974835281416819
discharge,[2009.       6.      29.      11.       6.      27.906],24,B0033,92,2505,02505.csv,1.6128422608267754,,
charge,[2.009e+03 6.000e+00 2.900e+01 1.200e+01 1.000e+00 7.828e+00],24,B0033,93,2506,02506.csv,,,
discharge,[2009.       6.      29.      14.      59.      50.625],24,B0033,94,2507,02507.csv,1.61998606328022,,
charge,[2009.       6.      29.      15.      54.      32.859],24,B0033,95,2508,02508.csv,,,
discharge,[2009.       6.      29.      18.      50.      48.062],24,B0033,96,2509,02509.csv,1.6099381853611876,,
charge,[2009.      6.     29.     19.     45.     14.39],24,B0033,97,2510,02510.csv,,,
discharge,[2009.       6.      29.      22.      44.      42.875],24,B0033,98,2511,02511.csv,1.5770977539565159,,
charge,[2009.       6.      29.      23.      38.      55.953],24,B0033,99,2512,02512.csv,,,
discharge,[2.0090e+03 6.0000e+00 3.0000e+01 2.0000e+00 3.6000e+01 3.9734e+01],24,B0033,100,2513,02513.csv,1.5708599066554392,,
impedance,[2009.      6.     30.      3.     34.     42.89],24,B0033,101,2514,02514.csv,,0.07463063958690747,0.09863001758122447
charge,[2009.       6.      30.       4.       6.      30.343],24,B0033,102,2515,02515.csv,,,
impedance,[2009.       6.      30.       7.      11.      10.921],24,B0033,103,2516,02516.csv,,0.07518339894307172,0.09809215711759375
discharge,[2.0090e+03 7.0000e+00 1.0000e+00 1.1000e+01 1.5000e+01 2.3875e+01],24,B0033,104,2517,02517.csv,1.6261581345348248,,
impedance,[2.0090e+03 7.0000e+00 1.0000e+00 1.2000e+01 1.3000e+01 4.6546e+01],24,B0033,105,2518,02518.csv,,0.07654401713479422,0.09679302435225765
charge,[2.0090e+03 7.0000e+00 1.0000e+00 1.2000e+01 4.5000e+01 3.4265e+01],24,B0033,106,2519,02519.csv,,,
impedance,[2.009e+03 7.000e+00 1.000e+00 1.500e+01 4.600e+01 3.075e+01],24,B0033,107,2520,02520.csv,,0.07813559370869873,0.09666841484027165
discharge,[2.0090e+03 7.0000e+00 1.0000e+00 1.6000e+01 1.8000e+01 1.8546e+01],24,B0033,108,2521,02521.csv,1.6348129972245726,,
charge,[2.009e+03 7.000e+00 1.000e+00 1.700e+01 1.300e+01 7.140e+00],24,B0033,109,2522,02522.csv,,,
discharge,[2.009e+03 7.000e+00 1.000e+00 2.000e+01 1.000e+01 2.437e+00],24,B0033,110,2523,02523.csv,1.6117053637342613,,
charge,[2.0090e+03 7.0000e+00 1.0000e+00 2.1000e+01 4.0000e+00 4.6796e+01],24,B0033,111,2524,02524.csv,,,
discharge,[2009.       7.      14.      16.      14.      47.937],24,B0033,112,2525,02525.csv,1.8851401699720662,,
impedance,[2009.       7.      14.      17.      20.      12.578],24,B0033,113,2526,02526.csv,,0.08015421681673482,0.09981592026577626
charge,[2.009e+03 7.000e+00 1.400e+01 1.700e+01 5.200e+01 5.310e-01],24,B0033,114,2527,02527.csv,,,
impedance,[2009.      7.     14.     20.     52.      2.39],24,B0033,115,2528,02528.csv,,0.07755371366460807,0.09781817403649161
discharge,[2009.       7.      14.      21.      23.      50.218],24,B0033,116,2529,02529.csv,1.6584957887780232,,
charge,[2009.       7.      14.      22.      18.      36.765],24,B0033,117,2530,02530.csv,,,
discharge,[2.0090e+03 7.0000e+00 1.5000e+01 1.0000e+00 1.6000e+01 1.5015e+01],24,B0033,118,2531,02531.csv,1.62418934644937,,
charge,[2.0090e+03 7.0000e+00 1.5000e+01 2.0000e+00 1.0000e+01 4.7203e+01],24,B0033,119,2532,02532.csv,,,
discharge,[2009.       7.      15.       5.       9.       4.546],24,B0033,120,2533,02533.csv,1.6041720988563641,,
charge,[2009.       7.      15.       6.       3.      37.218],24,B0033,121,2534,02534.csv,,,
discharge,[2009.       7.      15.       9.       4.      59.109],24,B0033,122,2535,02535.csv,1.6080016740907346,,
charge,[2009.       7.      15.       9.      59.      39.609],24,B0033,123,2536,02536.csv,,,
discharge,[2009.       7.      15.      12.      57.      49.296],24,B0033,124,2537,02537.csv,1.6256752138435595,,
impedance,[2009.       7.      15.      13.      56.      28.453],24,B0033,125,2538,02538.csv,,0.07873354399814018,0.09937176234810975
charge,[2009.       7.      15.      14.      28.      16.687],24,B0033,126,2539,02539.csv,,,
impedance,[2009.       7.      15.      17.      29.       6.468],24,B0033,127,2540,02540.csv,,0.07879846731289611,0.09851406123197806
discharge,[2009.      7.     15.     18.      0.     54.64],24,B0033,128,2541,02541.csv,1.617632765910718,,
charge,[2009.       7.      15.      18.      55.      33.765],24,B0033,129,2542,02542.csv,,,
discharge,[2009.       7.      15.      21.      52.      48.093],24,B0033,130,2543,02543.csv,1.5973191489094263,,
charge,[2009.      7.     15.     22.     47.     13.64],24,B0033,131,2544,02544.csv,,,
discharge,[2.009e+03 7.000e+00 1.600e+01 1.000e+00 4.400e+01 5.839e+01],24,B0033,132,2545,02545.csv,1.5875852250170606,,
charge,[2.0090e+03 7.0000e+00 1.6000e+01 2.0000e+00 3.9000e+01 1.9406e+01],24,B0033,133,2546,02546.csv,,,
discharge,[2009.       7.      16.       5.      37.      32.718],24,B0033,134,2547,02547.csv,1.5802530015403684,,
charge,[2009.       7.      16.       6.      31.      53.453],24,B0033,135,2548,02548.csv,,,
discharge,[2009.       7.      16.       9.      29.      18.125],24,B0033,136,2549,02549.csv,1.583036530487776,,
impedance,[2009.       7.      16.      10.      27.      32.703],24,B0033,137,2550,02550.csv,,0.0785638993834146,0.10088597386866244
charge,[2009.       7.      16.      10.      59.      21.234],24,B0033,138,2551,02551.csv,,,
impedance,[2009.       7.      16.      14.       4.      11.781],24,B0033,139,2552,02552.csv,,0.08011359070270958,0.1009818646643406
discharge,[2.009e+03 7.000e+00 1.600e+01 1.400e+01 3.600e+01 4.530e-01],24,B0033,140,2553,02553.csv,1.6027138832797037,,
charge,[2009    7   16   15   30   28],24,B0033,141,2554,02554.csv,,,
discharge,[2009.      7.     16.     18.     26.      9.14],24,B0033,142,2555,02555.csv,1.5930709154513834,,
charge,[2009.       7.      16.      19.      20.      31.781],24,B0033,143,2556,02556.csv,,,
discharge,[2009.       7.      16.      22.      18.      31.578],24,B0033,144,2557,02557.csv,1.5448888685020246,,
charge,[2009.       7.      16.      23.      12.      40.484],24,B0033,145,2558,02558.csv,,,
discharge,[2.0090e+03 7.0000e+00 1.7000e+01 2.0000e+00 1.0000e+01 3.8265e+01],24,B0033,146,2559,02559.csv,1.5352188565640517,,
charge,[2009.       7.      17.       3.       4.      30.531],24,B0033,147,2560,02560.csv,,,
discharge,[2.0090e+03 7.0000e+00 1.7000e+01 6.0000e+00 2.0000e+00 3.1671e+01],24,B0033,148,2561,02561.csv,1.5252677314227332,,
impedance,[2009.       7.      17.       7.       0.      20.593],24,B0033,149,2562,02562.csv,,0.07894729254478701,0.10267850814484657
charge,[2009.      7.     17.      7.     32.      9.64],24,B0033,150,2563,02563.csv,,,
impedance,[2.009e+03 7.000e+00 1.700e+01 1.000e+01 3.700e+01 1.515e+00],24,B0033,151,2564,02564.csv,,0.08021572417614752,0.10248771449332215
discharge,[2009.       7.      17.      11.       8.      50.734],24,B0033,152,2565,02565.csv,1.5559492005453626,,
charge,[2.0090e+03 7.0000e+00 1.7000e+01 1.2000e+01 2.0000e+00 5.9515e+01],24,B0033,153,2566,02566.csv,,,
discharge,[2.009e+03 7.000e+00 1.700e+01 1.500e+01 0.000e+00 1.400e-01],24,B0033,154,2567,02567.csv,1.5648029438427147,,
charge,[2009.       7.      17.      15.      54.      10.468],24,B0033,155,2568,02568.csv,,,
discharge,[2009.      7.     17.     18.     49.     14.75],24,B0033,156,2569,02569.csv,1.5518620461881205,,
charge,[2009.       7.      17.      19.      43.      16.218],24,B0033,157,2570,02570.csv,,,
discharge,[2009.       7.      17.      22.      40.      36.953],24,B0033,158,2571,02571.csv,1.5144550545105004,,
charge,[2009.       7.      17.      23.      34.      22.421],24,B0033,159,2572,02572.csv,,,
discharge,[2.0090e+03 7.0000e+00 1.8000e+01 2.0000e+00 3.2000e+01 1.9203e+01],24,B0033,160,2573,02573.csv,1.5051936202146428,,
impedance,[2.009e+03 7.000e+00 1.800e+01 3.000e+00 3.000e+01 5.460e-01],24,B0033,161,2574,02574.csv,,0.07967228583291013,0.10436886508162184
charge,[2.0090e+03 7.0000e+00 1.8000e+01 4.0000e+00 1.0000e+00 4.9984e+01],24,B0033,162,2575,02575.csv,,,
impedance,[2009.      7.     18.      7.      6.     20.39],24,B0033,163,2576,02576.csv,,0.078896432714675,0.10577361142592623
discharge,[2009.      7.     23.     10.     25.     18.89],24,B0033,164,2577,02577.csv,1.605823969917045,,
impedance,[2009.       7.      23.      11.      23.      32.343],24,B0033,165,2578,02578.csv,,0.08095228424584645,0.10423368617253449
charge,[2009.       7.      23.      11.      55.      21.953],24,B0033,166,2579,02579.csv,,,
impedance,[2009    7   23   14   57    2],24,B0033,167,2580,02580.csv,,0.08244082135526024,0.10317018481322496
discharge,[2009.       7.      23.      15.      28.      51.734],24,B0033,168,2581,02581.csv,1.6249005195877049,,
charge,[2009.       7.      23.      16.      23.      40.343],24,B0033,169,2582,02582.csv,,,
discharge,[2009.      7.     23.     19.     19.     21.39],24,B0033,170,2583,02583.csv,1.589785130036615,,
charge,[2009.       7.      23.      20.      13.      45.296],24,B0033,171,2584,02584.csv,,,
discharge,[2009.       7.      23.      23.      11.      10.812],24,B0033,172,2585,02585.csv,1.5552386152299904,,
charge,[2009.       7.      24.       0.       5.      23.906],24,B0033,173,2586,02586.csv,,,
discharge,[2.0090e+03 7.0000e+00 2.4000e+01 3.0000e+00 2.0000e+00 5.1234e+01],24,B0033,174,2587,02587.csv,1.539756404636803,,
charge,[2009.       7.      24.       3.      56.      50.546],24,B0033,175,2588,02588.csv,,,
discharge,[2009.       7.      24.       6.      55.      12.218],24,B0033,176,2589,02589.csv,1.5293174002138357,,
impedance,[2009.      7.     24.      7.     53.      5.75],24,B0033,177,2590,02590.csv,,0.08251365000631228,0.1085398761868469
charge,[2009.       7.      24.       8.      24.      55.609],24,B0033,178,2591,02591.csv,,,
impedance,[2009.       7.      24.      11.      29.      17.812],24,B0033,179,2592,02592.csv,,0.0839073124416653,0.10819030263323748
discharge,[2.009e+03 7.000e+00 2.400e+01 1.200e+01 1.000e+00 7.843e+00],24,B0033,180,2593,02593.csv,1.547680553576876,,
charge,[2009.       7.      24.      12.      55.      11.375],24,B0033,181,2594,02594.csv,,,
discharge,[2009.       7.      24.      15.      46.       9.421],24,B0033,182,2595,02595.csv,1.5659920939439786,,
charge,[2009.       7.      24.      16.      40.      21.187],24,B0033,183,2596,02596.csv,,,
discharge,[2009.      7.     24.     19.     35.     49.25],24,B0033,184,2597,02597.csv,1.5416252851780505,,
charge,[2009.       7.      24.      20.      29.      43.093],24,B0033,185,2598,02598.csv,,,
discharge,[2009.       7.      24.      23.      28.       2.156],24,B0033,186,2599,02599.csv,1.517590655990168,,
charge,[2009.       7.      25.       0.      21.      50.109],24,B0033,187,2600,02600.csv,,,
discharge,[2009.      7.     25.      3.     20.      5.39],24,B0033,188,2601,02601.csv,1.5075202042593092,,
impedance,[2009.       7.      25.       4.      17.      36.359],24,B0033,189,2602,02602.csv,,0.08620568898836796,0.11143306012842234
charge,[2009.       7.      25.       4.      49.      26.625],24,B0033,190,2603,02603.csv,,,
impedance,[2009.       7.      25.       7.      54.      52.171],24,B0033,191,2604,02604.csv,,0.08655522743794264,0.11199345211570125
discharge,[2009.       7.      25.       8.      26.      42.515],24,B0033,192,2605,02605.csv,1.49549282626034,,
charge,[2009.       7.      25.       9.      20.      20.984],24,B0033,193,2606,02606.csv,,,
discharge,[2009.       7.      25.      12.      19.      43.718],24,B0033,194,2607,02607.csv,1.4997618811573148,,
charge,[2009.       7.      25.      13.      13.      17.203],24,B0033,195,2608,02608.csv,,,
discharge,[2009.       7.      25.      16.      13.       2.187],24,B0033,196,2609,02609.csv,1.4906966807803954,,
charge,[2009.       7.      25.      17.       6.      32.296],24,B0033,197,2610,02610.csv,,,
discharge,[2009.       7.      25.      20.       6.      55.421],24,B0033,198,2611,02611.csv,1.4800999425051866,,
charge,[2009.       7.      25.      21.       0.      19.875],24,B0033,199,2612,02612.csv,,,
discharge,[2.009e+03 7.000e+00 2.600e+01 0.000e+00 1.000e+00 9.546e+00],24,B0033,200,2613,02613.csv,1.4676091496100632,,
impedance,[2009.       7.      26.       0.      58.      24.625],24,B0033,201,2614,02614.csv,,0.08401100234058943,0.11185708163472359
charge,[2.0090e+03 7.0000e+00 2.6000e+01 1.0000e+00 3.0000e+01 1.5437e+01],24,B0033,202,2615,02615.csv,,,
impedance,[2009.       7.      26.       4.      35.      20.656],24,B0033,203,2616,02616.csv,,0.08640692598942966,0.11284501014887215
discharge,[2009.       7.      26.       5.       7.      11.546],24,B0033,204,2617,02617.csv,1.4729818491920503,,
charge,[2009.       7.      26.       6.       0.      25.062],24,B0033,205,2618,02618.csv,,,
discharge,[2.009e+03 7.000e+00 2.600e+01 9.000e+00 1.000e+00 3.514e+01],24,B0033,206,2619,02619.csv,1.4742872137206404,,
charge,[2009.       7.      26.       9.      54.      53.843],24,B0033,207,2620,02620.csv,,,
discharge,[2009.       7.      26.      12.      55.      45.109],24,B0033,208,2621,02621.csv,1.4635162808346138,,
charge,[2009.      7.     26.     13.     48.     59.14],24,B0033,209,2622,02622.csv,,,
discharge,[2009.       7.      26.      16.      49.      47.359],24,B0033,210,2623,02623.csv,1.4527095680488362,,
charge,[2009.       7.      26.      17.      42.      54.921],24,B0033,211,2624,02624.csv,,,
discharge,[2009.       7.      26.      20.      43.      48.921],24,B0033,212,2625,02625.csv,1.4557303847230247,,
impedance,[2009.       7.      26.      21.      40.      50.046],24,B0033,213,2626,02626.csv,,0.08804071174328476,0.11509946309659824
charge,[2009.       7.      26.      22.      12.      41.312],24,B0033,214,2627,02627.csv,,,
impedance,[2.0090e+03 7.0000e+00 2.7000e+01 1.0000e+00 1.8000e+01 1.2828e+01],24,B0033,215,2628,02628.csv,,0.08870506697670173,0.11601563444045797
discharge,[2.009e+03 7.000e+00 2.700e+01 1.000e+00 5.000e+01 3.890e+00],24,B0033,216,2629,02629.csv,1.459740099618568,,
charge,[2.009e+03 7.000e+00 2.700e+01 2.000e+00 4.300e+01 1.275e+01],24,B0033,217,2630,02630.csv,,,
discharge,[2009.       7.      27.       5.      43.      49.015],24,B0033,218,2631,02631.csv,1.448711504158192,,
charge,[2009.       7.      27.       6.      36.      51.968],24,B0033,219,2632,02632.csv,,,
discharge,[2009.      7.     27.      9.     37.     15.14],24,B0033,220,2633,02633.csv,1.4666759762884336,,
charge,[2009.       7.      27.      10.      30.      25.593],24,B0033,221,2634,02634.csv,,,
discharge,[2009.       7.      27.      13.      29.      48.031],24,B0033,222,2635,02635.csv,1.4689502109504418,,
charge,[2009.       7.      27.      14.      23.       4.968],24,B0033,223,2636,02636.csv,,,
discharge,[2009.       7.      27.      17.      21.      22.671],24,B0033,224,2637,02637.csv,1.471116588522042,,
impedance,[2009.       7.      27.      18.      18.      44.828],24,B0033,225,2638,02638.csv,,0.0871323047584353,0.11424567355700767
charge,[2009.      7.     27.     18.     50.     36.25],24,B0033,226,2639,02639.csv,,,
impedance,[2009.       7.      27.      21.      56.       8.671],24,B0033,227,2640,02640.csv,,0.08989235425839474,0.11529099764147487
discharge,[2.009e+03 7.000e+00 2.700e+01 2.200e+01 2.800e+01 1.870e-01],24,B0033,228,2641,02641.csv,1.4473012364654927,,
charge,[2009.       7.      27.      23.      21.       6.125],24,B0033,229,2642,02642.csv,,,
discharge,[2.0090e+03 7.0000e+00 2.8000e+01 2.0000e+00 2.1000e+01 2.8109e+01],24,B0033,230,2643,02643.csv,1.4205315547561643,,
charge,[2009.       7.      28.       3.      14.      13.296],24,B0033,231,2644,02644.csv,,,
discharge,[2009.       7.      28.       6.      15.      44.125],24,B0033,232,2645,02645.csv,1.4241466094817417,,
charge,[2009.       7.      28.       7.       8.      23.984],24,B0033,233,2646,02646.csv,,,
discharge,[2009.       7.      28.      10.       9.      52.296],24,B0033,234,2647,02647.csv,1.4412820083364295,,
charge,[2.0090e+03 7.0000e+00 2.8000e+01 1.1000e+01 2.0000e+00 5.1093e+01],24,B0033,235,2648,02648.csv,,,
discharge,[2009.       7.      28.      14.       3.      56.171],24,B0033,236,2649,02649.csv,1.4448965388921615,,
impedance,[2009.       7.      28.      15.       0.      48.421],24,B0033,237,2650,02650.csv,,0.08952277428410511,0.11388355134778545
charge,[2009.       7.      28.      15.      32.      40.171],24,B0033,238,2651,02651.csv,,,
impedance,[2009.       7.      28.      18.      37.      37.765],24,B0033,239,2652,02652.csv,,0.09216310775593325,0.11469684547497278
discharge,[2009.       7.      28.      19.       9.      29.828],24,B0033,240,2653,02653.csv,1.4540256354795746,,
charge,[2.0090e+03 7.0000e+00 2.8000e+01 2.0000e+01 2.0000e+00 2.8625e+01],24,B0033,241,2654,02654.csv,,,
discharge,[2.0090e+03 7.0000e+00 2.8000e+01 2.3000e+01 2.0000e+00 2.6656e+01],24,B0033,242,2655,02655.csv,1.4226030447542912,,
charge,[2009.       7.      28.      23.      55.       8.765],24,B0033,243,2656,02656.csv,,,
discharge,[2.0090e+03 7.0000e+00 2.9000e+01 2.0000e+00 5.6000e+01 2.4125e+01],24,B0033,244,2657,02657.csv,1.410196954589097,,
charge,[2009.       7.      29.       3.      48.      56.265],24,B0033,245,2658,02658.csv,,,
discharge,[2009.       7.      29.       6.      50.      26.906],24,B0033,246,2659,02659.csv,1.4144881298999457,,
charge,[2009.       7.      29.       7.      42.      54.859],24,B0033,247,2660,02660.csv,,,
discharge,[2009.       7.      29.      10.      44.      27.906],24,B0033,248,2661,02661.csv,1.431360032946153,,
impedance,[2009.     7.    29.    11.    41.    13.5],24,B0033,249,2662,02662.csv,,0.08712726958905677,0.11382864870613792
charge,[2009.       7.      29.      12.      13.       5.843],24,B0033,250,2663,02663.csv,,,
impedance,[2009.      7.     29.     15.     18.     41.39],24,B0033,251,2664,02664.csv,,0.09010964280302308,0.1147335217159905
discharge,[2009.       7.      29.      15.      50.      33.843],24,B0033,252,2665,02665.csv,1.4515133236517528,,
charge,[2009.       7.      29.      16.      43.      31.062],24,B0033,253,2666,02666.csv,,,
discharge,[2009.       7.      29.      19.      41.       4.109],24,B0033,254,2667,02667.csv,1.4230376757726733,,
charge,[2009.       7.      29.      20.      33.      51.328],24,B0033,255,2668,02668.csv,,,
discharge,[2009.       7.      29.      23.      34.      17.859],24,B0033,256,2669,02669.csv,1.396298696255913,,
charge,[2009.       7.      30.       0.      26.      46.296],24,B0033,257,2670,02670.csv,,,
discharge,[2009.       7.      30.       3.      28.      18.171],24,B0033,258,2671,02671.csv,1.3979060730399124,,
charge,[2009.       7.      30.       4.      20.      49.968],24,B0033,259,2672,02672.csv,,,
discharge,[2009.       7.      30.       7.      22.      22.187],24,B0033,260,2673,02673.csv,1.4011347560096767,,
impedance,[2009.       7.      30.       8.      18.      45.843],24,B0033,261,2674,02674.csv,,0.08920178095898555,0.11767417730825537
charge,[2009.       7.      30.       8.      50.      38.578],24,B0033,262,2675,02675.csv,,,
impedance,[2009.       7.      30.      11.      56.      13.156],24,B0033,263,2676,02676.csv,,0.09243609394967607,0.11637040469038591
discharge,[2009.       7.      30.      12.      28.       5.953],24,B0033,264,2677,02677.csv,1.436782528945267,,
charge,[2009.       7.      30.      13.      20.      56.406],24,B0033,265,2678,02678.csv,,,
discharge,[2009.       7.      30.      16.      19.       5.437],24,B0033,266,2679,02679.csv,1.4370006879546382,,
charge,[2009.       7.      30.      17.      11.      57.546],24,B0033,267,2680,02680.csv,,,
discharge,[2009.       7.      30.      20.       9.      43.296],24,B0033,268,2681,02681.csv,1.410355528453481,,
charge,[2.0090e+03 7.0000e+00 3.0000e+01 2.1000e+01 2.0000e+00 1.4578e+01],24,B0033,269,2682,02682.csv,,,
discharge,[2009.       7.      31.       0.       3.       7.406],24,B0033,270,2683,02683.csv,1.382633397996189,,
charge,[2009.       7.      31.       0.      55.      17.093],24,B0033,271,2684,02684.csv,,,
discharge,[2009.      7.     31.      3.     56.     28.39],24,B0033,272,2685,02685.csv,1.3699403583067564,,
impedance,[2009.       7.      31.       4.      52.      29.859],24,B0033,273,2686,02686.csv,,0.0908046082519217,0.12076514401175518
charge,[2009.       7.      31.       5.      24.      22.937],24,B0033,274,2687,02687.csv,,,
impedance,[2009.       7.      31.       8.      29.      58.609],24,B0033,275,2688,02688.csv,,0.09204751731691913,0.12039978647612165
discharge,[2.0090e+03 7.0000e+00 3.1000e+01 9.0000e+00 1.0000e+00 5.1906e+01],24,B0033,276,2689,02689.csv,1.3786129327882322,,
charge,[2009.       7.      31.       9.      54.      14.234],24,B0033,277,2690,02690.csv,,,
discharge,[2.009e+03 7.000e+00 3.100e+01 1.500e+01 4.200e+01 5.620e-01],24,B0033,278,2691,02691.csv,1.8035959863147193,,
impedance,[2.0090e+03 7.0000e+00 3.1000e+01 1.7000e+01 1.0000e+00 2.6375e+01],24,B0033,279,2692,02692.csv,,0.08504342699559733,0.11088118672103589
charge,[2009.       7.      31.      17.      33.      22.078],24,B0033,280,2693,02693.csv,,,
impedance,[2009.       7.      31.      20.      31.       9.109],24,B0033,281,2694,02694.csv,,0.08639164111287972,0.11121235535436227
discharge,[2009.       7.      31.      21.       3.       2.062],24,B0033,282,2695,02695.csv,1.4234424290662009,,
charge,[2009.       7.      31.      21.      55.      46.796],24,B0033,283,2696,02696.csv,,,
discharge,[2.0090e+03 8.0000e+00 1.0000e+00 0.0000e+00 5.4000e+01 4.0031e+01],24,B0033,284,2697,02697.csv,1.3946003892958663,,
charge,[2.009e+03 8.000e+00 1.000e+00 1.000e+00 4.700e+01 4.312e+00],24,B0033,285,2698,02698.csv,,,
discharge,[2.0090e+03 8.0000e+00 1.0000e+00 4.0000e+00 4.6000e+01 4.8453e+01],24,B0033,286,2699,02699.csv,1.3961613987822286,,
charge,[2.009e+03 8.000e+00 1.000e+00 5.000e+00 3.900e+01 3.120e-01],24,B0033,287,2700,02700.csv,,,
discharge,[2.0090e+03 8.0000e+00 1.0000e+00 8.0000e+00 4.0000e+01 3.9031e+01],24,B0033,288,2701,02701.csv,1.384968608315797,,
charge,[2.0090e+03 8.0000e+00 1.0000e+00 9.0000e+00 3.2000e+01 4.5984e+01],24,B0033,289,2702,02702.csv,,,
discharge,[2.0090e+03 8.0000e+00 1.0000e+00 1.2000e+01 3.3000e+01 3.2734e+01],24,B0033,290,2703,02703.csv,1.3715114742475478,,
impedance,[2.0090e+03 8.0000e+00 1.0000e+00 1.3000e+01 2.9000e+01 3.2109e+01],24,B0033,291,2704,02704.csv,,0.09086879211921062,0.11882441542912281
charge,[2.0090e+03 8.0000e+00 1.0000e+00 1.4000e+01 1.0000e+00 2.5312e+01],24,B0033,292,2705,02705.csv,,,
impedance,[2.0090e+03 8.0000e+00 1.0000e+00 1.7000e+01 6.0000e+00 5.5484e+01],24,B0033,293,2706,02706.csv,,0.09066749796882452,0.1189578328356123
discharge,[2.0090e+03 8.0000e+00 1.0000e+00 1.7000e+01 3.8000e+01 4.8781e+01],24,B0033,294,2707,02707.csv,1.3616865084879255,,
charge,[2.0090e+03 8.0000e+00 1.0000e+00 1.8000e+01 3.0000e+01 4.4968e+01],24,B0033,295,2708,02708.csv,,,
discharge,[2.0090e+03 8.0000e+00 1.0000e+00 2.1000e+01 3.0000e+01 3.3968e+01],24,B0033,296,2709,02709.csv,1.3796301360966086,,
charge,[2.0090e+03 8.0000e+00 1.0000e+00 2.2000e+01 2.2000e+01 3.4843e+01],24,B0033,297,2710,02710.csv,,,
discharge,[2.0090e+03 8.0000e+00 2.0000e+00 1.0000e+00 2.3000e+01 2.1296e+01],24,B0033,298,2711,02711.csv,1.364231776003204,,
charge,[2.009e+03 8.000e+00 2.000e+00 2.000e+00 1.500e+01 9.171e+00],24,B0033,299,2712,02712.csv,,,
discharge,[2.0090e+03 8.0000e+00 2.0000e+00 5.0000e+00 1.6000e+01 4.7781e+01],24,B0033,300,2713,02713.csv,1.3418414512081456,,
charge,[2.0090e+03 8.0000e+00 2.0000e+00 6.0000e+00 8.0000e+00 4.1656e+01],24,B0033,301,2714,02714.csv,,,
discharge,[2.0090e+03 8.0000e+00 2.0000e+00 9.0000e+00 1.0000e+01 1.5046e+01],24,B0033,302,2715,02715.csv,1.3552215695792247,,
impedance,[2.009e+03 8.000e+00 2.000e+00 1.000e+01 6.000e+00 4.984e+00],24,B0033,303,2716,02716.csv,,0.09070548911790466,0.12101417671779999
charge,[2.0090e+03 8.0000e+00 2.0000e+00 1.0000e+01 3.7000e+01 5.8593e+01],24,B0033,304,2717,02717.csv,,,
impedance,[2.0090e+03 8.0000e+00 2.0000e+00 1.3000e+01 4.3000e+01 3.3359e+01],24,B0033,305,2718,02718.csv,,0.0909557798656722,0.12093635591390779
discharge,[2.0090e+03 8.0000e+00 2.0000e+00 1.4000e+01 1.5000e+01 2.7171e+01],24,B0033,306,2719,02719.csv,1.3403860264029774,,
charge,[2.0090e+03 8.0000e+00 2.0000e+00 1.5000e+01 7.0000e+00 1.8093e+01],24,B0033,307,2720,02720.csv,,,
discharge,[2.0090e+03 8.0000e+00 2.0000e+00 1.8000e+01 8.0000e+00 5.4375e+01],24,B0033,308,2721,02721.csv,1.3594078914195438,,
charge,[2.0090e+03 8.0000e+00 2.0000e+00 1.9000e+01 0.0000e+00 3.9468e+01],24,B0033,309,2722,02722.csv,,,
discharge,[2.0090e+03 8.0000e+00 2.0000e+00 2.2000e+01 2.0000e+00 1.0046e+01],24,B0033,310,2723,02723.csv,1.3457100861355502,,
charge,[2.0090e+03 8.0000e+00 2.0000e+00 2.2000e+01 5.3000e+01 4.3218e+01],24,B0033,311,2724,02724.csv,,,
discharge,[2.0090e+03 8.0000e+00 3.0000e+00 1.0000e+00 5.5000e+01 2.2875e+01],24,B0033,312,2725,02725.csv,1.3477611420854358,,
charge,[2.009e+03 8.000e+00 3.000e+00 2.000e+00 4.700e+01 5.150e-01],24,B0033,313,2726,02726.csv,,,
discharge,[2009.       8.       3.       5.      48.      39.625],24,B0033,314,2727,02727.csv,1.335482103134067,,
impedance,[2009.       8.       3.       6.      44.      10.109],24,B0033,315,2728,02728.csv,,0.09328524535159866,0.12450078890869781
charge,[2009.       8.       3.       7.      16.       4.218],24,B0033,316,2729,02729.csv,,,
impedance,[2009.       8.       3.      10.      21.      40.546],24,B0033,317,2730,02730.csv,,0.09535677465034306,0.12198670246691332
discharge,[2009.       8.       3.      10.      53.      34.968],24,B0033,318,2731,02731.csv,1.353154941842234,,
charge,[2009.       8.       3.      11.      45.      39.265],24,B0033,319,2732,02732.csv,,,
discharge,[2009.       8.       3.      14.      44.      14.312],24,B0033,320,2733,02733.csv,1.3709677706044292,,
charge,[2009.       8.       3.      15.      36.      25.093],24,B0033,321,2734,02734.csv,,,
discharge,[2009.      8.      3.     18.     38.      5.89],24,B0033,322,2735,02735.csv,1.357426672491866,,
charge,[2009.       8.       3.      19.      30.       6.687],24,B0033,323,2736,02736.csv,,,
discharge,[2009.       8.       3.      22.      31.      42.515],24,B0033,324,2737,02737.csv,1.3443678821106904,,
charge,[2009.       8.       3.      23.      23.      20.781],24,B0033,325,2738,02738.csv,,,
discharge,[2.0090e+03 8.0000e+00 4.0000e+00 2.0000e+00 2.4000e+01 5.5453e+01],24,B0033,326,2739,02739.csv,1.33005823859453,,
impedance,[2009.       8.       4.       3.      20.      22.453],24,B0033,327,2740,02740.csv,,0.11027513509828636,0.14267556943230475
charge,[2009.       8.       4.       3.      52.      16.765],24,B0033,328,2741,02741.csv,,,
impedance,[2009.     8.     4.     6.    57.    51.5],24,B0033,329,2742,02742.csv,,0.11190741546315816,0.14097962264783484
discharge,[2009.      8.      5.     10.     47.     54.89],24,B0033,330,2743,02743.csv,1.4033641858066626,,
impedance,[2009.       8.       5.      11.      44.      11.359],24,B0033,331,2744,02744.csv,,0.08874311077603712,0.11402812922601464
charge,[2009.       8.       5.      12.      16.       5.781],24,B0033,332,2745,02745.csv,,,
impedance,[2009.      8.      5.     15.     21.     17.89],24,B0033,333,2746,02746.csv,,0.08849633491058088,0.1149810457358202
discharge,[2009.       8.       5.      15.      53.      12.468],24,B0033,334,2747,02747.csv,1.3865570950229378,,
charge,[2009.       8.       5.      16.      45.      40.718],24,B0033,335,2748,02748.csv,,,
discharge,[2009.       8.       5.      19.      44.      54.078],24,B0033,336,2749,02749.csv,1.3704138176872631,,
charge,[2009.       8.       5.      20.      37.       9.671],24,B0033,337,2750,02750.csv,,,
discharge,[2009.       8.       5.      23.      38.      49.906],24,B0033,338,2751,02751.csv,1.325319393635713,,
charge,[2009.       8.       6.       0.      30.      42.343],24,B0033,339,2752,02752.csv,,,
discharge,[2009.       8.       6.       3.      32.      21.312],24,B0033,340,2753,02753.csv,0.8439684993200656,,
charge,[2009.       8.       6.       4.      24.       5.078],24,B0033,341,2754,02754.csv,,,
discharge,[2009.       8.       6.       7.      22.      48.562],24,B0033,342,2755,02755.csv,0.29866180371583506,,
impedance,[2009.       8.       6.       8.      18.      16.218],24,B0033,343,2756,02756.csv,,0.1434454534373857,0.1696785900507767
charge,[2009.       8.       6.       8.      50.      10.984],24,B0033,344,2757,02757.csv,,,
impedance,[2009.       8.       6.      11.      53.      22.312],24,B0033,345,2758,02758.csv,,0.1456294596992112,0.16919882777944895
discharge,[2009.       8.       6.      12.      25.      17.046],24,B0033,346,2759,02759.csv,0.2344867974702557,,
charge,[2009.       8.       6.      13.      17.       4.312],24,B0033,347,2760,02760.csv,,,
discharge,[2009.       8.       6.      16.      13.      25.921],24,B0033,348,2761,02761.csv,0.20256330380725823,,
charge,[2009.       8.       6.      17.       5.      18.687],24,B0033,349,2762,02762.csv,,,
discharge,[2009.       8.       6.      20.       0.      59.562],24,B0033,350,2763,02763.csv,0.23531995654070248,,
charge,[2009.       8.       6.      20.      52.      26.765],24,B0033,351,2764,02764.csv,,,
discharge,[2009.      8.      6.     23.     49.     34.39],24,B0033,352,2765,02765.csv,0.23550427837482876,,
charge,[2009.       8.       7.       0.      40.      51.984],24,B0033,353,2766,02766.csv,,,
discharge,[2009.       8.       7.       3.      40.      19.734],24,B0033,354,2767,02767.csv,0.4304242256752923,,
impedance,[2009    8    7    4   35   26],24,B0033,355,2768,02768.csv,,0.1383388886674867,0.1654393476936564
charge,[2009.       8.       7.       5.       7.      21.093],24,B0033,356,2769,02769.csv,,,
impedance,[2009.       8.       7.       8.      12.      41.046],24,B0033,357,2770,02770.csv,,0.13829965170137862,0.16554973601439374
discharge,[2009.      8.      7.      8.     44.     36.25],24,B0033,358,2771,02771.csv,0.46436333202696434,,
charge,[2009.       8.       7.       9.      35.      47.859],24,B0033,359,2772,02772.csv,,,
discharge,[2009.       8.       7.      12.      32.      22.343],24,B0033,360,2773,02773.csv,0.3994839380247729,,
charge,[2009.       8.       7.      13.      23.      52.437],24,B0033,361,2774,02774.csv,,,
discharge,[2009.       8.       7.      16.      20.      49.765],24,B0033,362,2775,02775.csv,1.461469789426299,,
charge,[2009.       8.       7.      17.      12.      32.781],24,B0033,363,2776,02776.csv,,,
discharge,[2009.       8.       7.      20.      14.      10.406],24,B0033,364,2777,02777.csv,1.4150999545382532,,
charge,[2009.       8.       7.      21.       5.      28.578],24,B0033,365,2778,02778.csv,,,
discharge,[2009.       8.       8.       0.       7.       5.125],24,B0033,366,2779,02779.csv,1.383632373873956,,
impedance,[2.009e+03 8.000e+00 8.000e+00 1.000e+00 1.000e+00 5.764e+01],24,B0033,367,2780,02780.csv,,0.09929948600789476,0.12884469811871962
charge,[2.0090e+03 8.0000e+00 8.0000e+00 1.0000e+00 3.3000e+01 5.3015e+01],24,B0033,368,2781,02781.csv,,,
impedance,[2009.      8.      8.      4.     39.     32.25],24,B0033,369,2782,02782.csv,,0.09953310614901513,0.13047489154074055
discharge,[2009.       8.       8.       5.      11.      27.593],24,B0033,370,2783,02783.csv,1.3705402893609833,,
charge,[2.0090e+03 8.0000e+00 8.0000e+00 6.0000e+00 2.0000e+00 1.1484e+01],24,B0033,371,2784,02784.csv,,,
discharge,[2009.       8.       8.       9.       3.      54.812],24,B0033,372,2785,02785.csv,1.3557042566115398,,
charge,[2009.      8.      8.      9.     54.     44.14],24,B0033,373,2786,02786.csv,,,
discharge,[2009.       8.       8.      12.      56.      26.703],24,B0033,374,2787,02787.csv,1.3578385793919763,,
charge,[2009.       8.       8.      13.      47.       5.281],24,B0033,375,2788,02788.csv,,,
discharge,[2009.       8.       8.      16.      48.      44.937],24,B0033,376,2789,02789.csv,1.3609083979571395,,
charge,[2009.       8.       8.      17.      39.      14.687],24,B0033,377,2790,02790.csv,,,
discharge,[2009.       8.       8.      20.      40.      51.687],24,B0033,378,2791,02791.csv,1.3495626547684758,,
impedance,[2009.      8.      8.     21.     35.     18.89],24,B0033,379,2792,02792.csv,,0.0981721661949024,0.12844163178918858
charge,[2009.     8.     8.    22.     7.    14.5],24,B0033,380,2793,02793.csv,,,
impedance,[2.0090e+03 8.0000e+00 9.0000e+00 1.0000e+00 1.2000e+01 5.3906e+01],24,B0033,381,2794,02794.csv,,0.0990146912411192,0.12755032247762468
discharge,[2009.       8.      17.      13.       8.      30.968],24,B0033,382,2795,02795.csv,1.1888877132486642,,
impedance,[2009.       8.      17.      14.       4.      37.796],24,B0033,383,2796,02796.csv,,0.09156499869022534,0.1167033275167292
charge,[2009.       8.      17.      14.      36.      33.453],24,B0033,384,2797,02797.csv,,,
impedance,[2009.     8.    17.    17.    42.    13.5],24,B0033,385,2798,02798.csv,,0.09309172510975602,0.11613129750132017
discharge,[2009.       8.      17.      18.      14.       9.375],24,B0033,386,2799,02799.csv,1.5041493934608645,,
charge,[2009.       8.      17.      19.       6.      48.687],24,B0033,387,2800,02800.csv,,,
discharge,[2009.       8.      17.      22.       6.      54.109],24,B0033,388,2801,02801.csv,1.4899088638712767,,
charge,[2009.       8.      17.      22.      59.      22.265],24,B0033,389,2802,02802.csv,,,
discharge,[2.009e+03 8.000e+00 1.800e+01 2.000e+00 1.000e+00 3.312e+00],24,B0033,390,2803,02803.csv,1.475330178643193,,
charge,[2.0090e+03 8.0000e+00 1.8000e+01 2.0000e+00 5.3000e+01 2.0906e+01],24,B0033,391,2804,02804.csv,,,
discharge,[2009.       8.      18.       5.      55.       2.015],24,B0033,392,2805,02805.csv,1.459830765413703,,
charge,[2009.       8.      18.       6.      47.       7.906],24,B0033,393,2806,02806.csv,,,
discharge,[2009.      8.     18.      9.     48.     49.64],24,B0033,394,2807,02807.csv,1.4474169057725728,,
impedance,[2.009e+03 8.000e+00 1.800e+01 1.000e+01 4.500e+01 1.796e+00],24,B0033,395,2808,02808.csv,,0.09426786771540728,0.11890185348301861
charge,[2009.      8.     18.     11.     16.     57.75],24,B0033,396,2809,02809.csv,,,
impedance,[2009.       8.      18.      14.      22.      41.859],24,B0033,397,2810,02810.csv,,0.09418206163745609,0.11722877225288837
discharge,[2009.       8.      18.      14.      54.      37.937],24,B0033,398,2811,02811.csv,1.4676323674647154,,
charge,[2009.       8.      18.      15.      46.      59.359],24,B0033,399,2812,02812.csv,,,
discharge,[2009.       8.      18.      18.      45.      24.703],24,B0033,400,2813,02813.csv,1.441552493165527,,
charge,[2009.       8.      18.      19.      37.      31.843],24,B0033,401,2814,02814.csv,,,
discharge,[2009.       8.      18.      22.      39.      17.609],24,B0033,402,2815,02815.csv,1.418392873584403,,
charge,[2009.       8.      18.      23.      30.      58.312],24,B0033,403,2816,02816.csv,,,
discharge,[2.0090e+03 8.0000e+00 1.9000e+01 2.0000e+00 3.2000e+01 3.8625e+01],24,B0033,404,2817,02817.csv,1.4031824838852518,,
charge,[2009.      8.     19.      3.     24.      8.89],24,B0033,405,2818,02818.csv,,,
discharge,[2009.       8.      19.       6.      25.      55.265],24,B0033,406,2819,02819.csv,1.3911104661211642,,
impedance,[2009.       8.      19.       7.      21.      18.453],24,B0033,407,2820,02820.csv,,0.09203249442088297,0.118676792935604
charge,[2009.       8.      19.       7.      53.      14.718],24,B0033,408,2821,02821.csv,,,
impedance,[2009.      8.     19.     10.     58.     56.25],24,B0033,409,2822,02822.csv,,0.0909525815740188,0.11920061894356244
discharge,[2009.       8.      19.      11.      30.      52.687],24,B0033,410,2823,02823.csv,1.4086019958134537,,
charge,[2009.       8.      19.      12.      22.      31.687],24,B0033,411,2824,02824.csv,,,
discharge,[2009.       8.      19.      15.      24.      12.875],24,B0033,412,2825,02825.csv,1.4137708903948947,,
charge,[2009.       8.      19.      16.      15.      46.875],24,B0033,413,2826,02826.csv,,,
discharge,[2009.       8.      19.      19.      17.      33.312],24,B0033,414,2827,02827.csv,1.412472234540845,,
charge,[2009.      8.     19.     20.      9.      6.89],24,B0033,415,2828,02828.csv,,,
discharge,[2009.       8.      19.      23.      10.      50.875],24,B0033,416,2829,02829.csv,1.3831900026575588,,
charge,[2.009e+03 8.000e+00 2.000e+01 0.000e+00 2.000e+00 2.593e+00],24,B0033,417,2830,02830.csv,,,
discharge,[2009.       8.      20.       3.       3.      46.687],24,B0033,418,2831,02831.csv,1.3646098107432565,,
impedance,[2009.       8.      20.       3.      58.      53.671],24,B0033,419,2832,02832.csv,,0.0899524543270544,0.1198694595768923
charge,[2009.       8.      20.       4.      30.      50.218],24,B0033,420,2833,02833.csv,,,
impedance,[2009.       8.      20.       7.      36.      30.046],24,B0033,421,2834,02834.csv,,0.0892837984693767,0.1187425614046036
discharge,[2009.       8.      20.       8.       8.      26.703],24,B0033,422,2835,02835.csv,1.369751365782437,,
charge,[2009.       8.      20.       8.      59.      28.296],24,B0033,423,2836,02836.csv,,,
discharge,[2.009e+03 8.000e+00 2.000e+01 1.200e+01 1.000e+00 9.546e+00],24,B0033,424,2837,02837.csv,1.3867946911071662,,
charge,[2009.       8.      20.      12.      52.      27.468],24,B0033,425,2838,02838.csv,,,
discharge,[2009.       8.      20.      15.      51.      55.171],24,B0033,426,2839,02839.csv,1.3918615875742792,,
charge,[2009.       8.      20.      16.      43.       8.046],24,B0033,427,2840,02840.csv,,,
discharge,[2009.       8.      20.      19.      42.      35.546],24,B0033,428,2841,02841.csv,1.377162352180965,,
charge,[2009.       8.      20.      20.      33.      39.812],24,B0033,429,2842,02842.csv,,,
discharge,[2009.      8.     20.     23.     35.     23.25],24,B0033,430,2843,02843.csv,1.3599525359390852,,
impedance,[2009.       8.      21.       0.      30.      11.046],24,B0033,431,2844,02844.csv,,0.08798390150663758,0.11757234445682817
charge,[2.009e+03 8.000e+00 2.100e+01 1.000e+00 2.000e+00 8.109e+00],24,B0033,432,2845,02845.csv,,,
impedance,[2009.      8.     21.      4.      7.     51.89],24,B0033,433,2846,02846.csv,,0.08648477558780619,0.11801855585627981
discharge,[2009.       8.      21.      17.      59.      25.484],24,B0033,434,2847,02847.csv,1.379779043170725,,
impedance,[2009.       8.      21.      18.      54.      49.468],24,B0033,435,2848,02848.csv,,0.08926692502946937,0.11663071034393327
charge,[2009.       8.      21.      19.      26.      46.671],24,B0033,436,2849,02849.csv,,,
impedance,[2009.       8.      21.      22.      32.      29.312],24,B0033,437,2850,02850.csv,,0.09032349584604371,0.11645568589521887
discharge,[2009.       8.      21.      23.       4.      26.375],24,B0033,438,2851,02851.csv,1.3631373661966442,,
charge,[2009.       8.      21.      23.      55.      20.484],24,B0033,439,2852,02852.csv,,,
discharge,[2.009e+03 8.000e+00 2.200e+01 2.000e+00 5.700e+01 6.984e+00],24,B0033,440,2853,02853.csv,1.3652295228794809,,
charge,[2009.       8.      22.       3.      47.      50.937],24,B0033,441,2854,02854.csv,,,
discharge,[2009.      8.     22.      6.     49.     38.89],24,B0033,442,2855,02855.csv,1.3498620694059131,,
charge,[2009.       8.      22.       7.      40.       9.781],24,B0033,443,2856,02856.csv,,,
discharge,[2009.       8.      22.      10.      41.      58.171],24,B0033,444,2857,02857.csv,1.3529504172332432,,
charge,[2009.       8.      22.      11.      32.      21.015],24,B0033,445,2858,02858.csv,,,
discharge,[2009.       8.      22.      14.      34.       5.875],24,B0033,446,2859,02859.csv,1.3535740542605128,,
impedance,[2009.       8.      22.      15.      28.      30.625],24,B0033,447,2860,02860.csv,,0.08850984451834149,0.11863100806642851
charge,[2009.       8.      22.      16.       0.      27.859],24,B0033,448,2861,02861.csv,,,
impedance,[2009.       8.      22.      19.       6.      10.484],24,B0033,449,2862,02862.csv,,0.08951341187987773,0.11563642336105161
discharge,[2009.       8.      22.      19.      38.       7.906],24,B0033,450,2863,02863.csv,1.3432225183905024,,
charge,[2009.       8.      22.      20.      28.      32.062],24,B0033,451,2864,02864.csv,,,
discharge,[2009.       8.      22.      23.      30.      19.437],24,B0033,452,2865,02865.csv,1.3412081769053426,,
charge,[2009.       8.      23.       0.      20.      41.046],24,B0033,453,2866,02866.csv,,,
discharge,[2009.       8.      23.       3.      22.      24.156],24,B0033,454,2867,02867.csv,1.3277389969987805,,
charge,[2009.       8.      23.       4.      12.      36.468],24,B0033,455,2868,02868.csv,,,
discharge,[2009.       8.      23.       7.      14.      19.109],24,B0033,456,2869,02869.csv,1.329778900445409,,
charge,[2009.       8.      23.       8.       4.      19.531],24,B0033,457,2870,02870.csv,,,
discharge,[2009.       8.      23.      11.       6.       6.546],24,B0033,458,2871,02871.csv,1.3356045028702495,,
impedance,[2009.       8.      23.      12.       0.       5.281],24,B0033,459,2872,02872.csv,,0.08747820988750929,0.11728293547743668
charge,[2009.       8.      23.      12.      32.       3.093],24,B0033,460,2873,02873.csv,,,
impedance,[2009.       8.      23.      15.      37.      51.359],24,B0033,461,2874,02874.csv,,0.08763183476128283,0.11677989985884149
discharge,[2009.       8.      23.      16.       9.      49.296],24,B0033,462,2875,02875.csv,1.3177489685711123,,
charge,[2009.       8.      23.      16.      59.      46.156],24,B0033,463,2876,02876.csv,,,
discharge,[2.009e+03 8.000e+00 2.300e+01 2.000e+01 1.000e+00 3.250e+01],24,B0033,464,2877,02877.csv,1.317605472474197,,
charge,[2009.      8.     23.     20.     51.     14.89],24,B0033,465,2878,02878.csv,,,
discharge,[2009.       8.      23.      23.      53.       2.437],24,B0033,466,2879,02879.csv,1.3185279522072382,,
charge,[2009.       8.      24.       0.      42.      30.015],24,B0033,467,2880,02880.csv,,,
discharge,[2009.       8.      24.       3.      44.      13.046],24,B0033,468,2881,02881.csv,1.3215397269813982,,
charge,[2009.       8.      24.       4.      33.      32.734],24,B0033,469,2882,02882.csv,,,
discharge,[2009.       8.      24.       7.      35.      22.546],24,B0033,470,2883,02883.csv,1.3046615372928705,,
impedance,[2009.      8.     24.      8.     28.     44.14],24,B0033,471,2884,02884.csv,,0.0854189010487467,0.113827866854994
charge,[2009.       8.      24.       9.       0.      42.171],24,B0033,472,2885,02885.csv,,,
impedance,[2009.       8.      24.      12.       6.      32.093],24,B0033,473,2886,02886.csv,,0.09074511063945603,0.1096074278088891
discharge,[2009.      8.     24.     12.     38.     30.39],24,B0033,474,2887,02887.csv,1.3280324770208678,,
charge,[2009.       8.      24.      13.      28.      37.031],24,B0033,475,2888,02888.csv,,,
discharge,[2009.       8.      24.      16.      30.      26.734],24,B0033,476,2889,02889.csv,1.3634549770713926,,
charge,[2009.       8.      24.      17.      20.      29.984],24,B0033,477,2890,02890.csv,,,
discharge,[2009.       8.      24.      20.      22.      13.218],24,B0033,478,2891,02891.csv,1.3291316747402466,,
charge,[2009.       8.      24.      21.      11.      46.656],24,B0033,479,2892,02892.csv,,,
discharge,[2009.       8.      25.       0.      13.      33.593],24,B0033,480,2893,02893.csv,1.3124201086917682,,
charge,[2.0090e+03 8.0000e+00 2.5000e+01 1.0000e+00 2.0000e+00 3.7531e+01],24,B0033,481,2894,02894.csv,,,
discharge,[2009.       8.      25.       4.       4.      24.875],24,B0033,482,2895,02895.csv,1.3152825503676357,,
impedance,[2009.       8.      25.       4.      57.      21.937],24,B0033,483,2896,02896.csv,,0.0847727467199266,0.11613003417031337
charge,[2009.      8.     25.      5.     29.     20.39],24,B0033,484,2897,02897.csv,,,
impedance,[2009.       8.      25.       8.      35.      11.937],24,B0033,485,2898,02898.csv,,0.08579020382149445,0.11292432770216322
discharge,[2009.       6.      19.      17.      18.      16.015],24,B0034,0,1805,01805.csv,0.7459302957645664,,
impedance,[2009.       6.      19.      17.      54.      12.968],24,B0034,1,1806,01806.csv,,0.12557395008126016,0.15780591351992612
charge,[2009.      6.     19.     18.     25.     58.64],24,B0034,2,1807,01807.csv,,,
impedance,[2009.       6.      19.      21.      31.       7.671],24,B0034,3,1808,01808.csv,,0.12403017029761343,0.151331100257049
discharge,[2.0090e+03 6.0000e+00 1.9000e+01 2.2000e+01 2.0000e+00 5.0609e+01],24,B0034,4,1809,01809.csv,1.6623217152845853,,
charge,[2009.       6.      19.      22.      58.      30.843],24,B0034,5,1810,01810.csv,,,
discharge,[2.009e+03 6.000e+00 2.000e+01 1.000e+00 5.900e+01 3.975e+01],24,B0034,6,1811,01811.csv,1.645087369694532,,
charge,[2.0090e+03 6.0000e+00 2.0000e+01 2.0000e+00 5.5000e+01 2.5265e+01],24,B0034,7,1812,01812.csv,,,
discharge,[2009.       6.      20.       5.      55.      38.984],24,B0034,8,1813,01813.csv,1.620729289277574,,
charge,[2009.       6.      20.       6.      51.      23.171],24,B0034,9,1814,01814.csv,,,
discharge,[2009.       6.      20.       9.      50.      35.156],24,B0034,10,1815,01815.csv,1.5967402025126005,,
charge,[2009.       6.      20.      10.      46.       8.984],24,B0034,11,1816,01816.csv,,,
discharge,[2009.       6.      20.      13.      47.      19.156],24,B0034,12,1817,01817.csv,1.4856500618812698,,
impedance,[2009.       6.      20.      14.      46.      42.328],24,B0034,13,1818,01818.csv,,0.12084426981513624,0.14616348271902685
charge,[2009.       6.      20.      15.      18.      25.765],24,B0034,14,1819,01819.csv,,,
impedance,[2009.       6.      20.      18.      23.      38.703],24,B0034,15,1820,01820.csv,,0.120380461449601,0.14609810226440045
discharge,[2009.       6.      20.      18.      55.      22.281],24,B0034,16,1821,01821.csv,1.4866702197497013,,
charge,[2009.       6.      20.      19.      50.      37.765],24,B0034,17,1822,01822.csv,,,
discharge,[2009.       6.      20.      22.      51.      49.984],24,B0034,18,1823,01823.csv,1.4701330958405268,,
charge,[2009.       6.      20.      23.      47.       6.421],24,B0034,19,1824,01824.csv,,,
discharge,[2.0090e+03 6.0000e+00 2.1000e+01 2.0000e+00 4.8000e+01 2.0078e+01],24,B0034,20,1825,01825.csv,1.4565041801019636,,
charge,[2009.       6.      21.       3.      43.      37.421],24,B0034,21,1826,01826.csv,,,
discharge,[2009.       6.      21.       6.      44.      49.843],24,B0034,22,1827,01827.csv,1.4418961035576472,,
charge,[2.009e+03 6.000e+00 2.100e+01 7.000e+00 4.000e+01 1.625e+00],24,B0034,23,1828,01828.csv,,,
discharge,[2009.       6.      21.      10.      41.      15.046],24,B0034,24,1829,01829.csv,1.4370949588970292,,
impedance,[2009.       6.      21.      11.      40.      22.859],24,B0034,25,1830,01830.csv,,0.11965777417683612,0.14349897177995793
charge,[2009.       6.      21.      12.      12.       7.046],24,B0034,26,1831,01831.csv,,,
impedance,[2009.       6.      21.      15.      17.      21.453],24,B0034,27,1832,01832.csv,,0.12057655358877217,0.1431788177780116
discharge,[2009.       6.      21.      15.      49.       5.796],24,B0034,28,1833,01833.csv,1.4458703624967404,,
charge,[2009.       6.      21.      16.      44.      12.312],24,B0034,29,1834,01834.csv,,,
discharge,[2009.       6.      21.      19.      45.      24.468],24,B0034,30,1835,01835.csv,1.4321040545618373,,
charge,[2009.       6.      21.      20.      40.      28.906],24,B0034,31,1836,01836.csv,,,
discharge,[2009.       6.      21.      23.      41.      43.609],24,B0034,32,1837,01837.csv,1.426720633302465,,
charge,[2009.       6.      22.       0.      36.      42.578],24,B0034,33,1838,01838.csv,,,
discharge,[2009.       6.      22.       3.      37.      57.218],24,B0034,34,1839,01839.csv,1.4230846885129826,,
charge,[2009.      6.     22.      4.     32.     51.75],24,B0034,35,1840,01840.csv,,,
discharge,[2009.       6.      22.       7.      34.       6.234],24,B0034,36,1841,01841.csv,1.4409479522418907,,
impedance,[2009.       6.      22.       8.      33.       4.921],24,B0034,37,1842,01842.csv,,0.12018997357050355,0.14220471849481675
charge,[2009.       6.      22.       9.       4.      49.718],24,B0034,38,1843,01843.csv,,,
impedance,[2009.       6.      22.      12.      10.       3.484],24,B0034,39,1844,01844.csv,,0.12105054497689474,0.14193482357582785
discharge,[2009.       6.      22.      12.      41.      48.359],24,B0034,40,1845,01845.csv,1.486901544051865,,
charge,[2009.       6.      22.      13.      36.      56.609],24,B0034,41,1846,01846.csv,,,
discharge,[2009.       6.      22.      16.      38.      13.281],24,B0034,42,1847,01847.csv,1.5245313226850703,,
charge,[2009.       6.      22.      17.      33.      30.843],24,B0034,43,1848,01848.csv,,,
discharge,[2009.       6.      22.      20.      34.      46.062],24,B0034,44,1849,01849.csv,1.4629049605190707,,
charge,[2009.       6.      22.      21.      29.      47.796],24,B0034,45,1850,01850.csv,,,
discharge,[2009.       6.      23.       0.      31.       3.375],24,B0034,46,1851,01851.csv,1.4230794508549893,,
charge,[2.0090e+03 6.0000e+00 2.3000e+01 1.0000e+00 2.5000e+01 5.0515e+01],24,B0034,47,1852,01852.csv,,,
discharge,[2009.       6.      23.       4.      27.       4.484],24,B0034,48,1853,01853.csv,1.4051040863603435,,
impedance,[2009.       6.      23.       5.      25.      42.796],24,B0034,49,1854,01854.csv,,0.11967878004753321,0.142066857174274
charge,[2009.       6.      23.       5.      57.      28.093],24,B0034,50,1855,01855.csv,,,
impedance,[2.0090e+03 6.0000e+00 2.3000e+01 9.0000e+00 2.0000e+00 1.7546e+01],24,B0034,51,1856,01856.csv,,0.12078755361712225,0.14207793352200573
discharge,[2009.       6.      26.      15.      29.      34.968],24,B0034,52,1857,01857.csv,1.6329463925070862,,
impedance,[2009.       6.      26.      16.      28.      44.296],24,B0034,53,1858,01858.csv,,0.12307440664540831,0.1416977897960522
charge,[2009.       6.      26.      17.       0.      29.625],24,B0034,54,1859,01859.csv,,,
impedance,[2009.       6.      26.      20.       0.      38.765],24,B0034,55,1860,01860.csv,,0.1231860471342966,0.14351656468766227
discharge,[2009.       6.      26.      20.      32.      24.265],24,B0034,56,1861,01861.csv,1.5687138208259117,,
charge,[2.009e+03 6.000e+00 2.600e+01 2.100e+01 2.800e+01 1.531e+00],24,B0034,57,1862,01862.csv,,,
discharge,[2009.       6.      27.       0.      28.      29.453],24,B0034,58,1863,01863.csv,1.5149520966053402,,
charge,[2.0090e+03 6.0000e+00 2.7000e+01 1.0000e+00 2.3000e+01 5.9218e+01],24,B0034,59,1864,01864.csv,,,
discharge,[2009.       6.      27.       4.      25.      16.218],24,B0034,60,1865,01865.csv,1.4855182940634626,,
charge,[2009.       6.      27.       5.      20.      35.984],24,B0034,61,1866,01866.csv,,,
discharge,[2009.       6.      27.       8.      21.      51.234],24,B0034,62,1867,01867.csv,1.480771929049074,,
charge,[2009.      6.     27.      9.     17.      4.25],24,B0034,63,1868,01868.csv,,,
discharge,[2009.     6.    27.    12.    18.    20.5],24,B0034,64,1869,01869.csv,1.484026357317059,,
impedance,[2009.       6.      27.      13.      17.      23.515],24,B0034,65,1870,01870.csv,,0.12115700368854512,0.14158362729482973
charge,[2009.       6.      27.      13.      49.       9.515],24,B0034,66,1871,01871.csv,,,
impedance,[2009.       6.      27.      16.      54.      26.703],24,B0034,67,1872,01872.csv,,0.1220873226956666,0.14161127232970974
discharge,[2009.       6.      27.      17.      26.      12.718],24,B0034,68,1873,01873.csv,1.4922153055506522,,
charge,[2009.       6.      27.      18.      21.      18.234],24,B0034,69,1874,01874.csv,,,
discharge,[2009.       6.      27.      21.      22.      21.781],24,B0034,70,1875,01875.csv,1.473312924099279,,
charge,[2009.       6.      27.      22.      17.      17.406],24,B0034,71,1876,01876.csv,,,
discharge,[2.0090e+03 6.0000e+00 2.8000e+01 1.0000e+00 1.8000e+01 3.4656e+01],24,B0034,72,1877,01877.csv,1.441593178980006,,
charge,[2.0090e+03 6.0000e+00 2.8000e+01 2.0000e+00 1.3000e+01 3.0812e+01],24,B0034,73,1878,01878.csv,,,
discharge,[2009.      6.     28.      5.     14.     48.25],24,B0034,74,1879,01879.csv,1.4225873198015788,,
charge,[2009.       6.      28.       6.       9.      35.093],24,B0034,75,1880,01880.csv,,,
discharge,[2009.       6.      28.       9.      10.      46.125],24,B0034,76,1881,01881.csv,1.4266489379486664,,
impedance,[2009.       6.      28.      10.       9.      20.734],24,B0034,77,1882,01882.csv,,0.12074081045247792,0.14220981139271427
charge,[2009.       6.      28.      10.      41.       7.187],24,B0034,78,1883,01883.csv,,,
impedance,[2009.       6.      28.      13.      46.      26.406],24,B0034,79,1884,01884.csv,,0.12133518752790637,0.1421662524982832
discharge,[2009.       6.      28.      14.      18.      12.906],24,B0034,80,1885,01885.csv,1.4596775560238577,,
charge,[2009.       6.      28.      15.      12.      50.796],24,B0034,81,1886,01886.csv,,,
discharge,[2009.       6.      28.      18.      13.      23.984],24,B0034,82,1887,01887.csv,1.4396159938545154,,
charge,[2.009e+03 6.000e+00 2.800e+01 1.900e+01 8.000e+00 6.710e-01],24,B0034,83,1888,01888.csv,,,
discharge,[2009.       6.      28.      22.       7.      58.453],24,B0034,84,1889,01889.csv,1.4195512657848512,,
charge,[2.0090e+03 6.0000e+00 2.8000e+01 2.3000e+01 2.0000e+00 2.7281e+01],24,B0034,85,1890,01890.csv,,,
discharge,[2.009e+03 6.000e+00 2.900e+01 2.000e+00 3.000e+00 4.614e+01],24,B0034,86,1891,01891.csv,1.4118101714470452,,
charge,[2.0090e+03 6.0000e+00 2.9000e+01 2.0000e+00 5.8000e+01 1.3109e+01],24,B0034,87,1892,01892.csv,,,
discharge,[2009.       6.      29.       5.      59.      12.218],24,B0034,88,1893,01893.csv,1.4044196701845313,,
impedance,[2009.       6.      29.       6.      57.      31.187],24,B0034,89,1894,01894.csv,,0.121864842218067,0.14334201731598456
charge,[2009.      6.     29.      7.     29.     18.39],24,B0034,90,1895,01895.csv,,,
impedance,[2009.       6.      29.      10.      34.      40.796],24,B0034,91,1896,01896.csv,,0.12221258919096821,0.1405649119516749
discharge,[2009.       6.      29.      11.       6.      27.906],24,B0034,92,1897,01897.csv,1.4735059098606866,,
charge,[2.009e+03 6.000e+00 2.900e+01 1.200e+01 1.000e+00 7.828e+00],24,B0034,93,1898,01898.csv,,,
discharge,[2009.       6.      29.      14.      59.      50.625],24,B0034,94,1899,01899.csv,1.492658600645149,,
charge,[2009.       6.      29.      15.      54.      32.859],24,B0034,95,1900,01900.csv,,,
discharge,[2009.       6.      29.      18.      50.      48.062],24,B0034,96,1901,01901.csv,1.4820260149945934,,
charge,[2009.      6.     29.     19.     45.     14.39],24,B0034,97,1902,01902.csv,,,
discharge,[2009.       6.      29.      22.      44.      42.875],24,B0034,98,1903,01903.csv,1.423575357658995,,
charge,[2009.       6.      29.      23.      38.      55.953],24,B0034,99,1904,01904.csv,,,
discharge,[2.0090e+03 6.0000e+00 3.0000e+01 2.0000e+00 3.6000e+01 3.9734e+01],24,B0034,100,1905,01905.csv,1.4038252197245347,,
impedance,[2009.      6.     30.      3.     34.     42.89],24,B0034,101,1906,01906.csv,,0.12041201490908228,0.14184604744881527
charge,[2009.       6.      30.       4.       6.      30.343],24,B0034,102,1907,01907.csv,,,
impedance,[2009.       6.      30.       7.      11.      10.921],24,B0034,103,1908,01908.csv,,0.12136730346225624,0.1424974651809117
discharge,[2.0090e+03 7.0000e+00 1.0000e+00 1.1000e+01 1.5000e+01 2.3875e+01],24,B0034,104,1909,01909.csv,1.5363173478836125,,
impedance,[2.0090e+03 7.0000e+00 1.0000e+00 1.2000e+01 1.3000e+01 4.6546e+01],24,B0034,105,1910,01910.csv,,0.12197512790447636,0.14071544730073365
charge,[2.0090e+03 7.0000e+00 1.0000e+00 1.2000e+01 4.5000e+01 3.4265e+01],24,B0034,106,1911,01911.csv,,,
impedance,[2.009e+03 7.000e+00 1.000e+00 1.500e+01 4.600e+01 3.075e+01],24,B0034,107,1912,01912.csv,,0.12310728219568262,0.1405676747491041
discharge,[2.0090e+03 7.0000e+00 1.0000e+00 1.6000e+01 1.8000e+01 1.8546e+01],24,B0034,108,1913,01913.csv,1.5440367168176732,,
charge,[2.009e+03 7.000e+00 1.000e+00 1.700e+01 1.300e+01 7.140e+00],24,B0034,109,1914,01914.csv,,,
discharge,[2.009e+03 7.000e+00 1.000e+00 2.000e+01 1.000e+01 2.437e+00],24,B0034,110,1915,01915.csv,1.507892155360249,,
charge,[2.0090e+03 7.0000e+00 1.0000e+00 2.1000e+01 4.0000e+00 4.6796e+01],24,B0034,111,1916,01916.csv,,,
discharge,[2009.       7.      14.      16.      14.      47.937],24,B0034,112,1917,01917.csv,1.8203060058691092,,
impedance,[2009.       7.      14.      17.      20.      12.578],24,B0034,113,1918,01918.csv,,0.1280466918304601,0.14706433009167327
charge,[2.009e+03 7.000e+00 1.400e+01 1.700e+01 5.200e+01 5.310e-01],24,B0034,114,1919,01919.csv,,,
impedance,[2009.      7.     14.     20.     52.      2.39],24,B0034,115,1920,01920.csv,,0.1249733640758512,0.1434122906953782
discharge,[2009.       7.      14.      21.      23.      50.218],24,B0034,116,1921,01921.csv,1.5936575758226643,,
charge,[2009.       7.      14.      22.      18.      36.765],24,B0034,117,1922,01922.csv,,,
discharge,[2.0090e+03 7.0000e+00 1.5000e+01 1.0000e+00 1.6000e+01 1.5015e+01],24,B0034,118,1923,01923.csv,1.533070464968097,,
charge,[2.0090e+03 7.0000e+00 1.5000e+01 2.0000e+00 1.0000e+01 4.7203e+01],24,B0034,119,1924,01924.csv,,,
discharge,[2009.       7.      15.       5.       9.       4.546],24,B0034,120,1925,01925.csv,1.4862143093107285,,
charge,[2009.       7.      15.       6.       3.      37.218],24,B0034,121,1926,01926.csv,,,
discharge,[2009.       7.      15.       9.       4.      59.109],24,B0034,122,1927,01927.csv,1.5029318848267783,,
charge,[2009.       7.      15.       9.      59.      39.609],24,B0034,123,1928,01928.csv,,,
discharge,[2009.       7.      15.      12.      57.      49.296],24,B0034,124,1929,01929.csv,1.5202185406928062,,
impedance,[2009.       7.      15.      13.      56.      28.453],24,B0034,125,1930,01930.csv,,0.12533626858896066,0.1434592387184511
charge,[2009.       7.      15.      14.      28.      16.687],24,B0034,126,1931,01931.csv,,,
impedance,[2009.       7.      15.      17.      29.       6.468],24,B0034,127,1932,01932.csv,,0.1260670230602223,0.14352265573372583
discharge,[2009.      7.     15.     18.      0.     54.64],24,B0034,128,1933,01933.csv,1.5118194735004464,,
charge,[2009.       7.      15.      18.      55.      33.765],24,B0034,129,1934,01934.csv,,,
discharge,[2009.       7.      15.      21.      52.      48.093],24,B0034,130,1935,01935.csv,1.464601301820905,,
charge,[2009.      7.     15.     22.     47.     13.64],24,B0034,131,1936,01936.csv,,,
discharge,[2.009e+03 7.000e+00 1.600e+01 1.000e+00 4.400e+01 5.839e+01],24,B0034,132,1937,01937.csv,1.4546140961511749,,
charge,[2.0090e+03 7.0000e+00 1.6000e+01 2.0000e+00 3.9000e+01 1.9406e+01],24,B0034,133,1938,01938.csv,,,
discharge,[2009.       7.      16.       5.      37.      32.718],24,B0034,134,1939,01939.csv,1.4333400490204142,,
charge,[2009.       7.      16.       6.      31.      53.453],24,B0034,135,1940,01940.csv,,,
discharge,[2009.       7.      16.       9.      29.      18.125],24,B0034,136,1941,01941.csv,1.4493262346396159,,
impedance,[2009.       7.      16.      10.      27.      32.703],24,B0034,137,1942,01942.csv,,0.1253586044095035,0.14424266476780997
charge,[2009.       7.      16.      10.      59.      21.234],24,B0034,138,1943,01943.csv,,,
impedance,[2009.       7.      16.      14.       4.      11.781],24,B0034,139,1944,01944.csv,,0.12527131709476477,0.14355910749737863
discharge,[2.009e+03 7.000e+00 1.600e+01 1.400e+01 3.600e+01 4.530e-01],24,B0034,140,1945,01945.csv,1.495199821798908,,
charge,[2009    7   16   15   30   28],24,B0034,141,1946,01946.csv,,,
discharge,[2009.      7.     16.     18.     26.      9.14],24,B0034,142,1947,01947.csv,1.4720590241846008,,
charge,[2009.       7.      16.      19.      20.      31.781],24,B0034,143,1948,01948.csv,,,
discharge,[2009.       7.      16.      22.      18.      31.578],24,B0034,144,1949,01949.csv,1.4097383014648728,,
charge,[2009.       7.      16.      23.      12.      40.484],24,B0034,145,1950,01950.csv,,,
discharge,[2.0090e+03 7.0000e+00 1.7000e+01 2.0000e+00 1.0000e+01 3.8265e+01],24,B0034,146,1951,01951.csv,1.3861944181384176,,
charge,[2009.       7.      17.       3.       4.      30.531],24,B0034,147,1952,01952.csv,,,
discharge,[2.0090e+03 7.0000e+00 1.7000e+01 6.0000e+00 2.0000e+00 3.1671e+01],24,B0034,148,1953,01953.csv,1.3624125407550536,,
impedance,[2009.       7.      17.       7.       0.      20.593],24,B0034,149,1954,01954.csv,,0.1251824703120263,0.1461301418255401
charge,[2009.      7.     17.      7.     32.      9.64],24,B0034,150,1955,01955.csv,,,
impedance,[2.009e+03 7.000e+00 1.700e+01 1.000e+01 3.700e+01 1.515e+00],24,B0034,151,1956,01956.csv,,0.1235425210299043,0.14367130688574628
discharge,[2009.       7.      17.      11.       8.      50.734],24,B0034,152,1957,01957.csv,1.4471377445077278,,
charge,[2.0090e+03 7.0000e+00 1.7000e+01 1.2000e+01 2.0000e+00 5.9515e+01],24,B0034,153,1958,01958.csv,,,
discharge,[2.009e+03 7.000e+00 1.700e+01 1.500e+01 0.000e+00 1.400e-01],24,B0034,154,1959,01959.csv,1.4554483390450048,,
charge,[2009.       7.      17.      15.      54.      10.468],24,B0034,155,1960,01960.csv,,,
discharge,[2009.      7.     17.     18.     49.     14.75],24,B0034,156,1961,01961.csv,1.4423952167302958,,
charge,[2009.       7.      17.      19.      43.      16.218],24,B0034,157,1962,01962.csv,,,
discharge,[2009.       7.      17.      22.      40.      36.953],24,B0034,158,1963,01963.csv,1.377541945989605,,
charge,[2009.       7.      17.      23.      34.      22.421],24,B0034,159,1964,01964.csv,,,
discharge,[2.0090e+03 7.0000e+00 1.8000e+01 2.0000e+00 3.2000e+01 1.9203e+01],24,B0034,160,1965,01965.csv,1.3539935892900532,,
impedance,[2.009e+03 7.000e+00 1.800e+01 3.000e+00 3.000e+01 5.460e-01],24,B0034,161,1966,01966.csv,,0.12422680305780062,0.14516551252874973
charge,[2.0090e+03 7.0000e+00 1.8000e+01 4.0000e+00 1.0000e+00 4.9984e+01],24,B0034,162,1967,01967.csv,,,
impedance,[2009.      7.     18.      7.      6.     20.39],24,B0034,163,1968,01968.csv,,0.12375450858805917,0.14580687293379516
discharge,[2009.      7.     23.     10.     25.     18.89],24,B0034,164,1969,01969.csv,1.5509038861664448,,
impedance,[2009.       7.      23.      11.      23.      32.343],24,B0034,165,1970,01970.csv,,0.12509569202349383,0.14535457187745973
charge,[2009.       7.      23.      11.      55.      21.953],24,B0034,166,1971,01971.csv,,,
impedance,[2009    7   23   14   57    2],24,B0034,167,1972,01972.csv,,0.1267251796303376,0.1452212888923113
discharge,[2009.       7.      23.      15.      28.      51.734],24,B0034,168,1973,01973.csv,1.5562932697752867,,
charge,[2009.       7.      23.      16.      23.      40.343],24,B0034,169,1974,01974.csv,,,
discharge,[2009.      7.     23.     19.     19.     21.39],24,B0034,170,1975,01975.csv,1.5067526605064707,,
charge,[2009.       7.      23.      20.      13.      45.296],24,B0034,171,1976,01976.csv,,,
discharge,[2009.       7.      23.      23.      11.      10.812],24,B0034,172,1977,01977.csv,1.444138733302766,,
charge,[2009.       7.      24.       0.       5.      23.906],24,B0034,173,1978,01978.csv,,,
discharge,[2.0090e+03 7.0000e+00 2.4000e+01 3.0000e+00 2.0000e+00 5.1234e+01],24,B0034,174,1979,01979.csv,1.4144103811292437,,
charge,[2009.       7.      24.       3.      56.      50.546],24,B0034,175,1980,01980.csv,,,
discharge,[2009.       7.      24.       6.      55.      12.218],24,B0034,176,1981,01981.csv,1.3897574212362729,,
impedance,[2009.      7.     24.      7.     53.      5.75],24,B0034,177,1982,01982.csv,,0.12401519142076539,0.14596393835064198
charge,[2009.       7.      24.       8.      24.      55.609],24,B0034,178,1983,01983.csv,,,
impedance,[2009.       7.      24.      11.      29.      17.812],24,B0034,179,1984,01984.csv,,0.1257307656681546,0.14543216158280214
discharge,[2.009e+03 7.000e+00 2.400e+01 1.200e+01 1.000e+00 7.843e+00],24,B0034,180,1985,01985.csv,1.449968311475299,,
charge,[2009.       7.      24.      12.      55.      11.375],24,B0034,181,1986,01986.csv,,,
discharge,[2009.       7.      24.      15.      46.       9.421],24,B0034,182,1987,01987.csv,1.4678653068012166,,
charge,[2009.       7.      24.      16.      40.      21.187],24,B0034,183,1988,01988.csv,,,
discharge,[2009.      7.     24.     19.     35.     49.25],24,B0034,184,1989,01989.csv,1.4290644310445066,,
charge,[2009.       7.      24.      20.      29.      43.093],24,B0034,185,1990,01990.csv,,,
discharge,[2009.       7.      24.      23.      28.       2.156],24,B0034,186,1991,01991.csv,1.376744834668327,,
charge,[2009.       7.      25.       0.      21.      50.109],24,B0034,187,1992,01992.csv,,,
discharge,[2009.      7.     25.      3.     20.      5.39],24,B0034,188,1993,01993.csv,1.3515813262521057,,
impedance,[2009.       7.      25.       4.      17.      36.359],24,B0034,189,1994,01994.csv,,0.12587543856869396,0.14682926664583476
charge,[2009.       7.      25.       4.      49.      26.625],24,B0034,190,1995,01995.csv,,,
impedance,[2009.       7.      25.       7.      54.      52.171],24,B0034,191,1996,01996.csv,,0.12534411179359725,0.14788025975931193
discharge,[2009.       7.      25.       8.      26.      42.515],24,B0034,192,1997,01997.csv,1.353993472828928,,
charge,[2009.       7.      25.       9.      20.      20.984],24,B0034,193,1998,01998.csv,,,
discharge,[2009.       7.      25.      12.      19.      43.718],24,B0034,194,1999,01999.csv,1.3577165116893766,,
charge,[2009.       7.      25.      13.      13.      17.203],24,B0034,195,2000,02000.csv,,,
discharge,[2009.       7.      25.      16.      13.       2.187],24,B0034,196,2001,02001.csv,1.334169315351027,,
charge,[2009.       7.      25.      17.       6.      32.296],24,B0034,197,2002,02002.csv,,,
discharge,[2009.       7.      25.      20.       6.      55.421],24,B0034,198,2003,02003.csv,1.3372147888783987,,
charge,[2009.       7.      25.      21.       0.      19.875],24,B0034,199,2004,02004.csv,,,
discharge,[2.009e+03 7.000e+00 2.600e+01 0.000e+00 1.000e+00 9.546e+00],24,B0034,200,2005,02005.csv,1.339045224276927,,
impedance,[2009.       7.      26.       0.      58.      24.625],24,B0034,201,2006,02006.csv,,0.12453059760284563,0.14701957655925368
charge,[2.0090e+03 7.0000e+00 2.6000e+01 1.0000e+00 3.0000e+01 1.5437e+01],24,B0034,202,2007,02007.csv,,,
impedance,[2009.       7.      26.       4.      35.      20.656],24,B0034,203,2008,02008.csv,,0.12527841795391,0.14780389299708344
discharge,[2009.       7.      26.       5.       7.      11.546],24,B0034,204,2009,02009.csv,1.3439244604756322,,
charge,[2009.       7.      26.       6.       0.      25.062],24,B0034,205,2010,02010.csv,,,
discharge,[2.009e+03 7.000e+00 2.600e+01 9.000e+00 1.000e+00 3.514e+01],24,B0034,206,2011,02011.csv,1.3454786192090245,,
charge,[2009.       7.      26.       9.      54.      53.843],24,B0034,207,2012,02012.csv,,,
discharge,[2009.       7.      26.      12.      55.      45.109],24,B0034,208,2013,02013.csv,1.3482263029682544,,
charge,[2009.      7.     26.     13.     48.     59.14],24,B0034,209,2014,02014.csv,,,
discharge,[2009.       7.      26.      16.      49.      47.359],24,B0034,210,2015,02015.csv,1.3373192299576058,,
charge,[2009.       7.      26.      17.      42.      54.921],24,B0034,211,2016,02016.csv,,,
discharge,[2009.       7.      26.      20.      43.      48.921],24,B0034,212,2017,02017.csv,1.3402523341553034,,
impedance,[2009.       7.      26.      21.      40.      50.046],24,B0034,213,2018,02018.csv,,0.12514426993592384,0.1479917274975092
charge,[2009.       7.      26.      22.      12.      41.312],24,B0034,214,2019,02019.csv,,,
impedance,[2.0090e+03 7.0000e+00 2.7000e+01 1.0000e+00 1.8000e+01 1.2828e+01],24,B0034,215,2020,02020.csv,,0.12503673880990576,0.14709839825347462
discharge,[2.009e+03 7.000e+00 2.700e+01 1.000e+00 5.000e+01 3.890e+00],24,B0034,216,2021,02021.csv,1.3290965682379121,,
charge,[2.009e+03 7.000e+00 2.700e+01 2.000e+00 4.300e+01 1.275e+01],24,B0034,217,2022,02022.csv,,,
discharge,[2009.       7.      27.       5.      43.      49.015],24,B0034,218,2023,02023.csv,1.3323485655766352,,
charge,[2009.       7.      27.       6.      36.      51.968],24,B0034,219,2024,02024.csv,,,
discharge,[2009.      7.     27.      9.     37.     15.14],24,B0034,220,2025,02025.csv,1.3501541310555516,,
charge,[2009.       7.      27.      10.      30.      25.593],24,B0034,221,2026,02026.csv,,,
discharge,[2009.       7.      27.      13.      29.      48.031],24,B0034,222,2027,02027.csv,1.381523441054128,,
charge,[2009.       7.      27.      14.      23.       4.968],24,B0034,223,2028,02028.csv,,,
discharge,[2009.       7.      27.      17.      21.      22.671],24,B0034,224,2029,02029.csv,1.3835971952817807,,
impedance,[2009.       7.      27.      18.      18.      44.828],24,B0034,225,2030,02030.csv,,0.12501919950433807,0.14557947640155203
charge,[2009.      7.     27.     18.     50.     36.25],24,B0034,226,2031,02031.csv,,,
impedance,[2009.       7.      27.      21.      56.       8.671],24,B0034,227,2032,02032.csv,,0.12467329235782244,0.14748044207172012
discharge,[2.009e+03 7.000e+00 2.700e+01 2.200e+01 2.800e+01 1.870e-01],24,B0034,228,2033,02033.csv,1.3301161862080901,,
charge,[2009.       7.      27.      23.      21.       6.125],24,B0034,229,2034,02034.csv,,,
discharge,[2.0090e+03 7.0000e+00 2.8000e+01 2.0000e+00 2.1000e+01 2.8109e+01],24,B0034,230,2035,02035.csv,1.3176982121703233,,
charge,[2009.       7.      28.       3.      14.      13.296],24,B0034,231,2036,02036.csv,,,
discharge,[2009.       7.      28.       6.      15.      44.125],24,B0034,232,2037,02037.csv,1.3063657719651272,,
charge,[2009.       7.      28.       7.       8.      23.984],24,B0034,233,2038,02038.csv,,,
discharge,[2009.       7.      28.      10.       9.      52.296],24,B0034,234,2039,02039.csv,1.3381567383793782,,
charge,[2.0090e+03 7.0000e+00 2.8000e+01 1.1000e+01 2.0000e+00 5.1093e+01],24,B0034,235,2040,02040.csv,,,
discharge,[2009.       7.      28.      14.       3.      56.171],24,B0034,236,2041,02041.csv,1.3563258092165067,,
impedance,[2009.       7.      28.      15.       0.      48.421],24,B0034,237,2042,02042.csv,,0.12499548805511769,0.1454261128439781
charge,[2009.       7.      28.      15.      32.      40.171],24,B0034,238,2043,02043.csv,,,
impedance,[2009.       7.      28.      18.      37.      37.765],24,B0034,239,2044,02044.csv,,0.12510922586265477,0.14713518551853855
discharge,[2009.       7.      28.      19.       9.      29.828],24,B0034,240,2045,02045.csv,1.3648997529550058,,
charge,[2.0090e+03 7.0000e+00 2.8000e+01 2.0000e+01 2.0000e+00 2.8625e+01],24,B0034,241,2046,02046.csv,,,
discharge,[2.0090e+03 7.0000e+00 2.8000e+01 2.3000e+01 2.0000e+00 2.6656e+01],24,B0034,242,2047,02047.csv,1.3337639975535058,,
charge,[2009.       7.      28.      23.      55.       8.765],24,B0034,243,2048,02048.csv,,,
discharge,[2.0090e+03 7.0000e+00 2.9000e+01 2.0000e+00 5.6000e+01 2.4125e+01],24,B0034,244,2049,02049.csv,1.3060123668658763,,
charge,[2009.       7.      29.       3.      48.      56.265],24,B0034,245,2050,02050.csv,,,
discharge,[2009.       7.      29.       6.      50.      26.906],24,B0034,246,2051,02051.csv,1.3101868361375808,,
charge,[2009.       7.      29.       7.      42.      54.859],24,B0034,247,2052,02052.csv,,,
discharge,[2009.       7.      29.      10.      44.      27.906],24,B0034,248,2053,02053.csv,1.3567668941696103,,
impedance,[2009.     7.    29.    11.    41.    13.5],24,B0034,249,2054,02054.csv,,0.12715033918595858,0.14681949893074303
charge,[2009.       7.      29.      12.      13.       5.843],24,B0034,250,2055,02055.csv,,,
impedance,[2009.      7.     29.     15.     18.     41.39],24,B0034,251,2056,02056.csv,,0.12646381756196046,0.14648062666585737
discharge,[2009.       7.      29.      15.      50.      33.843],24,B0034,252,2057,02057.csv,1.3916857433587717,,
charge,[2009.       7.      29.      16.      43.      31.062],24,B0034,253,2058,02058.csv,,,
discharge,[2009.       7.      29.      19.      41.       4.109],24,B0034,254,2059,02059.csv,1.3629935079344777,,
charge,[2009.       7.      29.      20.      33.      51.328],24,B0034,255,2060,02060.csv,,,
discharge,[2009.       7.      29.      23.      34.      17.859],24,B0034,256,2061,02061.csv,1.3211711973900628,,
charge,[2009.       7.      30.       0.      26.      46.296],24,B0034,257,2062,02062.csv,,,
discharge,[2009.       7.      30.       3.      28.      18.171],24,B0034,258,2063,02063.csv,1.3074869015593356,,
charge,[2009.       7.      30.       4.      20.      49.968],24,B0034,259,2064,02064.csv,,,
discharge,[2009.       7.      30.       7.      22.      22.187],24,B0034,260,2065,02065.csv,1.3105881895483489,,
impedance,[2009.       7.      30.       8.      18.      45.843],24,B0034,261,2066,02066.csv,,0.12629283692192952,0.14924938739821067
charge,[2009.       7.      30.       8.      50.      38.578],24,B0034,262,2067,02067.csv,,,
impedance,[2009.       7.      30.      11.      56.      13.156],24,B0034,263,2068,02068.csv,,0.12712331469517385,0.14658666242262558
discharge,[2009.       7.      30.      12.      28.       5.953],24,B0034,264,2069,02069.csv,1.376312668196664,,
charge,[2009.       7.      30.      13.      20.      56.406],24,B0034,265,2070,02070.csv,,,
discharge,[2009.       7.      30.      16.      19.       5.437],24,B0034,266,2071,02071.csv,1.391764929132287,,
charge,[2009.       7.      30.      17.      11.      57.546],24,B0034,267,2072,02072.csv,,,
discharge,[2009.       7.      30.      20.       9.      43.296],24,B0034,268,2073,02073.csv,1.3649746353453525,,
charge,[2.0090e+03 7.0000e+00 3.0000e+01 2.1000e+01 2.0000e+00 1.4578e+01],24,B0034,269,2074,02074.csv,,,
discharge,[2009.       7.      31.       0.       3.       7.406],24,B0034,270,2075,02075.csv,1.3219093937291897,,
charge,[2009.       7.      31.       0.      55.      17.093],24,B0034,271,2076,02076.csv,,,
discharge,[2009.      7.     31.      3.     56.     28.39],24,B0034,272,2077,02077.csv,1.3090033888073913,,
impedance,[2009.       7.      31.       4.      52.      29.859],24,B0034,273,2078,02078.csv,,0.12467657922262426,0.1488448574616441
charge,[2009.       7.      31.       5.      24.      22.937],24,B0034,274,2079,02079.csv,,,
impedance,[2009.       7.      31.       8.      29.      58.609],24,B0034,275,2080,02080.csv,,0.12448935870719206,0.1481547693370429
discharge,[2.0090e+03 7.0000e+00 3.1000e+01 9.0000e+00 1.0000e+00 5.1906e+01],24,B0034,276,2081,02081.csv,1.3327005721973733,,
charge,[2009.       7.      31.       9.      54.      14.234],24,B0034,277,2082,02082.csv,,,
discharge,[2.009e+03 7.000e+00 3.100e+01 1.500e+01 4.200e+01 5.620e-01],24,B0034,278,2083,02083.csv,1.7423975189669398,,
impedance,[2.0090e+03 7.0000e+00 3.1000e+01 1.7000e+01 1.0000e+00 2.6375e+01],24,B0034,279,2084,02084.csv,,0.12752625849069282,0.14760489045437203
charge,[2009.       7.      31.      17.      33.      22.078],24,B0034,280,2085,02085.csv,,,
impedance,[2009.       7.      31.      20.      31.       9.109],24,B0034,281,2086,02086.csv,,0.12729606918141628,0.1479466364268468
discharge,[2009.       7.      31.      21.       3.       2.062],24,B0034,282,2087,02087.csv,1.37734756281946,,
charge,[2009.       7.      31.      21.      55.      46.796],24,B0034,283,2088,02088.csv,,,
discharge,[2.0090e+03 8.0000e+00 1.0000e+00 0.0000e+00 5.4000e+01 4.0031e+01],24,B0034,284,2089,02089.csv,1.34875988767775,,
charge,[2.009e+03 8.000e+00 1.000e+00 1.000e+00 4.700e+01 4.312e+00],24,B0034,285,2090,02090.csv,,,
discharge,[2.0090e+03 8.0000e+00 1.0000e+00 4.0000e+00 4.6000e+01 4.8453e+01],24,B0034,286,2091,02091.csv,1.3501504559881146,,
charge,[2.009e+03 8.000e+00 1.000e+00 5.000e+00 3.900e+01 3.120e-01],24,B0034,287,2092,02092.csv,,,
discharge,[2.0090e+03 8.0000e+00 1.0000e+00 8.0000e+00 4.0000e+01 3.9031e+01],24,B0034,288,2093,02093.csv,1.3387814875085953,,
charge,[2.0090e+03 8.0000e+00 1.0000e+00 9.0000e+00 3.2000e+01 4.5984e+01],24,B0034,289,2094,02094.csv,,,
discharge,[2.0090e+03 8.0000e+00 1.0000e+00 1.2000e+01 3.3000e+01 3.2734e+01],24,B0034,290,2095,02095.csv,1.3253371210402685,,
impedance,[2.0090e+03 8.0000e+00 1.0000e+00 1.3000e+01 2.9000e+01 3.2109e+01],24,B0034,291,2096,02096.csv,,0.1260424220403596,0.1491036847446478
charge,[2.0090e+03 8.0000e+00 1.0000e+00 1.4000e+01 1.0000e+00 2.5312e+01],24,B0034,292,2097,02097.csv,,,
impedance,[2.0090e+03 8.0000e+00 1.0000e+00 1.7000e+01 6.0000e+00 5.5484e+01],24,B0034,293,2098,02098.csv,,0.1259736664142202,0.1476030885314802
discharge,[2.0090e+03 8.0000e+00 1.0000e+00 1.7000e+01 3.8000e+01 4.8781e+01],24,B0034,294,2099,02099.csv,1.3308160596334049,,
charge,[2.0090e+03 8.0000e+00 1.0000e+00 1.8000e+01 3.0000e+01 4.4968e+01],24,B0034,295,2100,02100.csv,,,
discharge,[2.0090e+03 8.0000e+00 1.0000e+00 2.1000e+01 3.0000e+01 3.3968e+01],24,B0034,296,2101,02101.csv,1.333083376618503,,
charge,[2.0090e+03 8.0000e+00 1.0000e+00 2.2000e+01 2.2000e+01 3.4843e+01],24,B0034,297,2102,02102.csv,,,
discharge,[2.0090e+03 8.0000e+00 2.0000e+00 1.0000e+00 2.3000e+01 2.1296e+01],24,B0034,298,2103,02103.csv,1.3333226534895923,,
charge,[2.009e+03 8.000e+00 2.000e+00 2.000e+00 1.500e+01 9.171e+00],24,B0034,299,2104,02104.csv,,,
discharge,[2.0090e+03 8.0000e+00 2.0000e+00 5.0000e+00 1.6000e+01 4.7781e+01],24,B0034,300,2105,02105.csv,1.3264281097516475,,
charge,[2.0090e+03 8.0000e+00 2.0000e+00 6.0000e+00 8.0000e+00 4.1656e+01],24,B0034,301,2106,02106.csv,,,
discharge,[2.0090e+03 8.0000e+00 2.0000e+00 9.0000e+00 1.0000e+01 1.5046e+01],24,B0034,302,2107,02107.csv,1.323971040986857,,
impedance,[2.009e+03 8.000e+00 2.000e+00 1.000e+01 6.000e+00 4.984e+00],24,B0034,303,2108,02108.csv,,0.12492968061418613,0.15013244708852103
charge,[2.0090e+03 8.0000e+00 2.0000e+00 1.0000e+01 3.7000e+01 5.8593e+01],24,B0034,304,2109,02109.csv,,,
impedance,[2.0090e+03 8.0000e+00 2.0000e+00 1.3000e+01 4.3000e+01 3.3359e+01],24,B0034,305,2110,02110.csv,,0.12592318630908422,0.14900221863942292
discharge,[2.0090e+03 8.0000e+00 2.0000e+00 1.4000e+01 1.5000e+01 2.7171e+01],24,B0034,306,2111,02111.csv,1.3249364225071156,,
charge,[2.0090e+03 8.0000e+00 2.0000e+00 1.5000e+01 7.0000e+00 1.8093e+01],24,B0034,307,2112,02112.csv,,,
discharge,[2.0090e+03 8.0000e+00 2.0000e+00 1.8000e+01 8.0000e+00 5.4375e+01],24,B0034,308,2113,02113.csv,1.3283067675570923,,
charge,[2.0090e+03 8.0000e+00 2.0000e+00 1.9000e+01 0.0000e+00 3.9468e+01],24,B0034,309,2114,02114.csv,,,
discharge,[2.0090e+03 8.0000e+00 2.0000e+00 2.2000e+01 2.0000e+00 1.0046e+01],24,B0034,310,2115,02115.csv,1.314584348909226,,
charge,[2.0090e+03 8.0000e+00 2.0000e+00 2.2000e+01 5.3000e+01 4.3218e+01],24,B0034,311,2116,02116.csv,,,
discharge,[2.0090e+03 8.0000e+00 3.0000e+00 1.0000e+00 5.5000e+01 2.2875e+01],24,B0034,312,2117,02117.csv,1.3166841798543303,,
charge,[2.009e+03 8.000e+00 3.000e+00 2.000e+00 4.700e+01 5.150e-01],24,B0034,313,2118,02118.csv,,,
discharge,[2009.       8.       3.       5.      48.      39.625],24,B0034,314,2119,02119.csv,1.3041727649654073,,
impedance,[2009.       8.       3.       6.      44.      10.109],24,B0034,315,2120,02120.csv,,0.12514785764223796,0.14953131214706344
charge,[2009.       8.       3.       7.      16.       4.218],24,B0034,316,2121,02121.csv,,,
impedance,[2009.       8.       3.      10.      21.      40.546],24,B0034,317,2122,02122.csv,,0.12721211058806703,0.14904781793382083
discharge,[2009.       8.       3.      10.      53.      34.968],24,B0034,318,2123,02123.csv,1.3534450073572306,,
charge,[2009.       8.       3.      11.      45.      39.265],24,B0034,319,2124,02124.csv,,,
discharge,[2009.       8.       3.      14.      44.      14.312],24,B0034,320,2125,02125.csv,1.371294082513786,,
charge,[2009.       8.       3.      15.      36.      25.093],24,B0034,321,2126,02126.csv,,,
discharge,[2009.      8.      3.     18.     38.      5.89],24,B0034,322,2127,02127.csv,1.357699321922511,,
charge,[2009.       8.       3.      19.      30.       6.687],24,B0034,323,2128,02128.csv,,,
discharge,[2009.       8.       3.      22.      31.      42.515],24,B0034,324,2129,02129.csv,1.3286903090919502,,
charge,[2009.       8.       3.      23.      23.      20.781],24,B0034,325,2130,02130.csv,,,
discharge,[2.0090e+03 8.0000e+00 4.0000e+00 2.0000e+00 2.4000e+01 5.5453e+01],24,B0034,326,2131,02131.csv,1.3143943268181724,,
impedance,[2009.       8.       4.       3.      20.      22.453],24,B0034,327,2132,02132.csv,,0.12502201044319572,0.14883625258129018
charge,[2009.       8.       4.       3.      52.      16.765],24,B0034,328,2133,02133.csv,,,
impedance,[2009.     8.     4.     6.    57.    51.5],24,B0034,329,2134,02134.csv,,0.12614980127065387,0.14888025395802765
discharge,[2009.      8.      5.     10.     47.     54.89],24,B0034,330,2135,02135.csv,1.3866783030110723,,
impedance,[2009.       8.       5.      11.      44.      11.359],24,B0034,331,2136,02136.csv,,0.1262382116404525,0.14777245272754047
charge,[2009.       8.       5.      12.      16.       5.781],24,B0034,332,2137,02137.csv,,,
impedance,[2009.      8.      5.     15.     21.     17.89],24,B0034,333,2138,02138.csv,,0.12752737999818914,0.14835810683216127
discharge,[2009.       8.       5.      15.      53.      12.468],24,B0034,334,2139,02139.csv,1.3868330458429208,,
charge,[2009.       8.       5.      16.      45.      40.718],24,B0034,335,2140,02140.csv,,,
discharge,[2009.       8.       5.      19.      44.      54.078],24,B0034,336,2141,02141.csv,1.3548037379291014,,
charge,[2009.       8.       5.      20.      37.       9.671],24,B0034,337,2142,02142.csv,,,
discharge,[2009.       8.       5.      23.      38.      49.906],24,B0034,338,2143,02143.csv,1.3255787669951669,,
charge,[2009.       8.       6.       0.      30.      42.343],24,B0034,339,2144,02144.csv,,,
discharge,[2009.       8.       6.       3.      32.      21.312],24,B0034,340,2145,02145.csv,1.3119728676377553,,
charge,[2009.       8.       6.       4.      24.       5.078],24,B0034,341,2146,02146.csv,,,
discharge,[2009.       8.       6.       7.      22.      48.562],24,B0034,342,2147,02147.csv,1.3064487948795198,,
impedance,[2009.       8.       6.       8.      18.      16.218],24,B0034,343,2148,02148.csv,,0.12670676499421998,0.15055591414968797
charge,[2009.       8.       6.       8.      50.      10.984],24,B0034,344,2149,02149.csv,,,
impedance,[2009.       8.       6.      11.      53.      22.312],24,B0034,345,2150,02150.csv,,0.12712394156179058,0.14733489661928478
discharge,[2009.       8.       6.      12.      25.      17.046],24,B0034,346,2151,02151.csv,1.3418431880549024,,
charge,[2009.       8.       6.      13.      17.       4.312],24,B0034,347,2152,02152.csv,,,
discharge,[2009.       8.       6.      16.      13.      25.921],24,B0034,348,2153,02153.csv,1.3609210170759327,,
charge,[2009.       8.       6.      17.       5.      18.687],24,B0034,349,2154,02154.csv,,,
discharge,[2009.       8.       6.      20.       0.      59.562],24,B0034,350,2155,02155.csv,1.3299603677394973,,
charge,[2009.       8.       6.      20.      52.      26.765],24,B0034,351,2156,02156.csv,,,
discharge,[2009.      8.      6.     23.     49.     34.39],24,B0034,352,2157,02157.csv,1.299069387625936,,
charge,[2009.       8.       7.       0.      40.      51.984],24,B0034,353,2158,02158.csv,,,
discharge,[2009.       8.       7.       3.      40.      19.734],24,B0034,354,2159,02159.csv,1.2984544371955695,,
impedance,[2009    8    7    4   35   26],24,B0034,355,2160,02160.csv,,0.1261700764551827,0.149951006318501
charge,[2009.       8.       7.       5.       7.      21.093],24,B0034,356,2161,02161.csv,,,
impedance,[2009.       8.       7.       8.      12.      41.046],24,B0034,357,2162,02162.csv,,0.12607750434285367,0.14854691995880184
discharge,[2009.      8.      7.      8.     44.     36.25],24,B0034,358,2163,02163.csv,1.3176486091610087,,
charge,[2009.       8.       7.       9.      35.      47.859],24,B0034,359,2164,02164.csv,,,
discharge,[2009.       8.       7.      12.      32.      22.343],24,B0034,360,2165,02165.csv,1.3360648564106594,,
charge,[2009.       8.       7.      13.      23.      52.437],24,B0034,361,2166,02166.csv,,,
discharge,[2009.       8.       7.      16.      20.      49.765],24,B0034,362,2167,02167.csv,1.3635797361860138,,
charge,[2009.       8.       7.      17.      12.      32.781],24,B0034,363,2168,02168.csv,,,
discharge,[2009.       8.       7.      20.      14.      10.406],24,B0034,364,2169,02169.csv,1.3333112541544827,,
charge,[2009.       8.       7.      21.       5.      28.578],24,B0034,365,2170,02170.csv,,,
discharge,[2009.       8.       8.       0.       7.       5.125],24,B0034,366,2171,02171.csv,1.3023273463118925,,
impedance,[2.009e+03 8.000e+00 8.000e+00 1.000e+00 1.000e+00 5.764e+01],24,B0034,367,2172,02172.csv,,0.12598470091171743,0.15009078391973413
charge,[2.0090e+03 8.0000e+00 8.0000e+00 1.0000e+00 3.3000e+01 5.3015e+01],24,B0034,368,2173,02173.csv,,,
impedance,[2009.      8.      8.      4.     39.     32.25],24,B0034,369,2174,02174.csv,,0.1258468150180572,0.15004171134665786
discharge,[2009.       8.       8.       5.      11.      27.593],24,B0034,370,2175,02175.csv,1.2888728444455875,,
charge,[2.0090e+03 8.0000e+00 8.0000e+00 6.0000e+00 2.0000e+00 1.1484e+01],24,B0034,371,2176,02176.csv,,,
discharge,[2009.       8.       8.       9.       3.      54.812],24,B0034,372,2177,02177.csv,1.2902746194203034,,
charge,[2009.      8.      8.      9.     54.     44.14],24,B0034,373,2178,02178.csv,,,
discharge,[2009.       8.       8.      12.      56.      26.703],24,B0034,374,2179,02179.csv,1.292407565676824,,
charge,[2009.       8.       8.      13.      47.       5.281],24,B0034,375,2180,02180.csv,,,
discharge,[2009.       8.       8.      16.      48.      44.937],24,B0034,376,2181,02181.csv,1.2954091505102339,,
charge,[2009.       8.       8.      17.      39.      14.687],24,B0034,377,2182,02182.csv,,,
discharge,[2009.       8.       8.      20.      40.      51.687],24,B0034,378,2183,02183.csv,1.283229881592695,,
impedance,[2009.      8.      8.     21.     35.     18.89],24,B0034,379,2184,02184.csv,,0.12566109406016077,0.15055468684649562
charge,[2009.     8.     8.    22.     7.    14.5],24,B0034,380,2185,02185.csv,,,
impedance,[2.0090e+03 8.0000e+00 9.0000e+00 1.0000e+00 1.2000e+01 5.3906e+01],24,B0034,381,2186,02186.csv,,0.1259459876773694,0.1508850262189733
discharge,[2009.       8.      17.      13.       8.      30.968],24,B0034,382,2187,02187.csv,1.4557454024367817,,
impedance,[2009.       8.      17.      14.       4.      37.796],24,B0034,383,2188,02188.csv,,0.1281248698098174,0.14605420190100504
charge,[2009.       8.      17.      14.      36.      33.453],24,B0034,384,2189,02189.csv,,,
impedance,[2009.     8.    17.    17.    42.    13.5],24,B0034,385,2190,02190.csv,,0.12917547099435936,0.1487549819388528
discharge,[2009.       8.      17.      18.      14.       9.375],24,B0034,386,2191,02191.csv,1.454676342673242,,
charge,[2009.       8.      17.      19.       6.      48.687],24,B0034,387,2192,02192.csv,,,
discharge,[2009.       8.      17.      22.       6.      54.109],24,B0034,388,2193,02193.csv,1.423427718198495,,
charge,[2009.       8.      17.      22.      59.      22.265],24,B0034,389,2194,02194.csv,,,
discharge,[2.009e+03 8.000e+00 1.800e+01 2.000e+00 1.000e+00 3.312e+00],24,B0034,390,2195,02195.csv,1.392551210363313,,
charge,[2.0090e+03 8.0000e+00 1.8000e+01 2.0000e+00 5.3000e+01 2.0906e+01],24,B0034,391,2196,02196.csv,,,
discharge,[2009.       8.      18.       5.      55.       2.015],24,B0034,392,2197,02197.csv,1.3765732493746907,,
charge,[2009.       8.      18.       6.      47.       7.906],24,B0034,393,2198,02198.csv,,,
discharge,[2009.      8.     18.      9.     48.     49.64],24,B0034,394,2199,02199.csv,1.3810190828982352,,
impedance,[2.009e+03 8.000e+00 1.800e+01 1.000e+01 4.500e+01 1.796e+00],24,B0034,395,2200,02200.csv,,0.12817694826009338,0.14962009395491102
charge,[2009.      8.     18.     11.     16.     57.75],24,B0034,396,2201,02201.csv,,,
impedance,[2009.       8.      18.      14.      22.      41.859],24,B0034,397,2202,02202.csv,,0.12933937692896205,0.1488266666977823
discharge,[2009.       8.      18.      14.      54.      37.937],24,B0034,398,2203,02203.csv,1.4007568321672863,,
charge,[2009.       8.      18.      15.      46.      59.359],24,B0034,399,2204,02204.csv,,,
discharge,[2009.       8.      18.      18.      45.      24.703],24,B0034,400,2205,02205.csv,1.374645303479972,,
charge,[2009.       8.      18.      19.      37.      31.843],24,B0034,401,2206,02206.csv,,,
discharge,[2009.       8.      18.      22.      39.      17.609],24,B0034,402,2207,02207.csv,1.3345924114397838,,
charge,[2009.       8.      18.      23.      30.      58.312],24,B0034,403,2208,02208.csv,,,
discharge,[2.0090e+03 8.0000e+00 1.9000e+01 2.0000e+00 3.2000e+01 3.8625e+01],24,B0034,404,2209,02209.csv,1.336396621564738,,
charge,[2009.      8.     19.      3.     24.      8.89],24,B0034,405,2210,02210.csv,,,
discharge,[2009.       8.      19.       6.      25.      55.265],24,B0034,406,2211,02211.csv,1.3069152971756248,,
impedance,[2009.       8.      19.       7.      21.      18.453],24,B0034,407,2212,02212.csv,,0.12806198607608624,0.15201514674694402
charge,[2009.       8.      19.       7.      53.      14.718],24,B0034,408,2213,02213.csv,,,
impedance,[2009.      8.     19.     10.     58.     56.25],24,B0034,409,2214,02214.csv,,0.1288554727133594,0.15063031795521487
discharge,[2009.       8.      19.      11.      30.      52.687],24,B0034,410,2215,02215.csv,1.341539456674081,,
charge,[2009.       8.      19.      12.      22.      31.687],24,B0034,411,2216,02216.csv,,,
discharge,[2009.       8.      19.      15.      24.      12.875],24,B0034,412,2217,02217.csv,1.346388970161922,,
charge,[2009.       8.      19.      16.      15.      46.875],24,B0034,413,2218,02218.csv,,,
discharge,[2009.       8.      19.      19.      17.      33.312],24,B0034,414,2219,02219.csv,1.344989807277774,,
charge,[2009.      8.     19.     20.      9.      6.89],24,B0034,415,2220,02220.csv,,,
discharge,[2009.       8.      19.      23.      10.      50.875],24,B0034,416,2221,02221.csv,1.3158760805047784,,
charge,[2.009e+03 8.000e+00 2.000e+01 0.000e+00 2.000e+00 2.593e+00],24,B0034,417,2222,02222.csv,,,
discharge,[2009.       8.      20.       3.       3.      46.687],24,B0034,418,2223,02223.csv,1.2972766889740088,,
impedance,[2009.       8.      20.       3.      58.      53.671],24,B0034,419,2224,02224.csv,,0.12762332064717744,0.15206116447944432
charge,[2009.       8.      20.       4.      30.      50.218],24,B0034,420,2225,02225.csv,,,
impedance,[2009.       8.      20.       7.      36.      30.046],24,B0034,421,2226,02226.csv,,0.12852359406860886,0.1513695168864817
discharge,[2009.       8.      20.       8.       8.      26.703],24,B0034,422,2227,02227.csv,1.2851255211005648,,
charge,[2009.       8.      20.       8.      59.      28.296],24,B0034,423,2228,02228.csv,,,
discharge,[2.009e+03 8.000e+00 2.000e+01 1.200e+01 1.000e+00 9.546e+00],24,B0034,424,2229,02229.csv,1.3190209156530253,,
charge,[2009.       8.      20.      12.      52.      27.468],24,B0034,425,2230,02230.csv,,,
discharge,[2009.       8.      20.      15.      51.      55.171],24,B0034,426,2231,02231.csv,1.3410097849290994,,
charge,[2009.       8.      20.      16.      43.       8.046],24,B0034,427,2232,02232.csv,,,
discharge,[2009.       8.      20.      19.      42.      35.546],24,B0034,428,2233,02233.csv,1.326126983882746,,
charge,[2009.       8.      20.      20.      33.      39.812],24,B0034,429,2234,02234.csv,,,
discharge,[2009.      8.     20.     23.     35.     23.25],24,B0034,430,2235,02235.csv,1.3091442679990724,,
impedance,[2009.       8.      21.       0.      30.      11.046],24,B0034,431,2236,02236.csv,,0.12813991961449858,0.1531332374519551
charge,[2.009e+03 8.000e+00 2.100e+01 1.000e+00 2.000e+00 8.109e+00],24,B0034,432,2237,02237.csv,,,
impedance,[2009.      8.     21.      4.      7.     51.89],24,B0034,433,2238,02238.csv,,0.12776245905704176,0.1517947179106206
discharge,[2009.       8.      21.      17.      59.      25.484],24,B0034,434,2239,02239.csv,1.363001289617145,,
impedance,[2009.       8.      21.      18.      54.      49.468],24,B0034,435,2240,02240.csv,,0.12803013479711486,0.14962083003574808
charge,[2009.       8.      21.      19.      26.      46.671],24,B0034,436,2241,02241.csv,,,
impedance,[2009.       8.      21.      22.      32.      29.312],24,B0034,437,2242,02242.csv,,0.12876327329854925,0.15122890704265185
discharge,[2009.       8.      21.      23.       4.      26.375],24,B0034,438,2243,02243.csv,1.329285701687194,,
charge,[2009.       8.      21.      23.      55.      20.484],24,B0034,439,2244,02244.csv,,,
discharge,[2.009e+03 8.000e+00 2.200e+01 2.000e+00 5.700e+01 6.984e+00],24,B0034,440,2245,02245.csv,1.2969085930621855,,
charge,[2009.       8.      22.       3.      47.      50.937],24,B0034,441,2246,02246.csv,,,
discharge,[2009.      8.     22.      6.     49.     38.89],24,B0034,442,2247,02247.csv,1.2986285924941396,,
charge,[2009.       8.      22.       7.      40.       9.781],24,B0034,443,2248,02248.csv,,,
discharge,[2009.       8.      22.      10.      41.      58.171],24,B0034,444,2249,02249.csv,1.2840657611821942,,
charge,[2009.       8.      22.      11.      32.      21.015],24,B0034,445,2250,02250.csv,,,
discharge,[2009.       8.      22.      14.      34.       5.875],24,B0034,446,2251,02251.csv,1.3021015914136362,,
impedance,[2009.       8.      22.      15.      28.      30.625],24,B0034,447,2252,02252.csv,,0.12733503272360577,0.15260069350244984
charge,[2009.       8.      22.      16.       0.      27.859],24,B0034,448,2253,02253.csv,,,
impedance,[2009.       8.      22.      19.       6.      10.484],24,B0034,449,2254,02254.csv,,0.12793445403942608,0.15305295395950377
discharge,[2009.       8.      22.      19.      38.       7.906],24,B0034,450,2255,02255.csv,1.3089076351731335,,
charge,[2009.       8.      22.      20.      28.      32.062],24,B0034,451,2256,02256.csv,,,
discharge,[2009.       8.      22.      23.      30.      19.437],24,B0034,452,2257,02257.csv,1.2722519696513912,,
charge,[2009.       8.      23.       0.      20.      41.046],24,B0034,453,2258,02258.csv,,,
discharge,[2009.       8.      23.       3.      22.      24.156],24,B0034,454,2259,02259.csv,1.276011534360331,,
charge,[2009.       8.      23.       4.      12.      36.468],24,B0034,455,2260,02260.csv,,,
discharge,[2009.       8.      23.       7.      14.      19.109],24,B0034,456,2261,02261.csv,1.2605053003103004,,
charge,[2009.       8.      23.       8.       4.      19.531],24,B0034,457,2262,02262.csv,,,
discharge,[2009.       8.      23.      11.       6.       6.546],24,B0034,458,2263,02263.csv,1.2660681251347115,,
impedance,[2009.       8.      23.      12.       0.       5.281],24,B0034,459,2264,02264.csv,,0.1269216243169195,0.15237598709994343
charge,[2009.       8.      23.      12.      32.       3.093],24,B0034,460,2265,02265.csv,,,
impedance,[2009.       8.      23.      15.      37.      51.359],24,B0034,461,2266,02266.csv,,0.12739231957297595,0.15304158902324658
discharge,[2009.       8.      23.      16.       9.      49.296],24,B0034,462,2267,02267.csv,1.265829016865281,,
charge,[2009.       8.      23.      16.      59.      46.156],24,B0034,463,2268,02268.csv,,,
discharge,[2.009e+03 8.000e+00 2.300e+01 2.000e+01 1.000e+00 3.250e+01],24,B0034,464,2269,02269.csv,1.2655873898206993,,
charge,[2009.      8.     23.     20.     51.     14.89],24,B0034,465,2270,02270.csv,,,
discharge,[2009.       8.      23.      23.      53.       2.437],24,B0034,466,2271,02271.csv,1.2663598323027554,,
charge,[2009.       8.      24.       0.      42.      30.015],24,B0034,467,2272,02272.csv,,,
discharge,[2009.       8.      24.       3.      44.      13.046],24,B0034,468,2273,02273.csv,1.2868479432728903,,
charge,[2009.       8.      24.       4.      33.      32.734],24,B0034,469,2274,02274.csv,,,
discharge,[2009.       8.      24.       7.      35.      22.546],24,B0034,470,2275,02275.csv,1.270026164613209,,
impedance,[2009.      8.     24.      8.     28.     44.14],24,B0034,471,2276,02276.csv,,0.12750449647447393,0.1525147927664144
charge,[2009.       8.      24.       9.       0.      42.171],24,B0034,472,2277,02277.csv,,,
impedance,[2009.       8.      24.      12.       6.      32.093],24,B0034,473,2278,02278.csv,,0.1290102771463865,0.14869565526770281
discharge,[2009.      8.     24.     12.     38.     30.39],24,B0034,474,2279,02279.csv,1.34598253292492,,
charge,[2009.       8.      24.      13.      28.      37.031],24,B0034,475,2280,02280.csv,,,
discharge,[2009.       8.      24.      16.      30.      26.734],24,B0034,476,2281,02281.csv,1.3286875315413778,,
charge,[2009.       8.      24.      17.      20.      29.984],24,B0034,477,2282,02282.csv,,,
discharge,[2009.       8.      24.      20.      22.      13.218],24,B0034,478,2283,02283.csv,1.31203071983408,,
charge,[2009.       8.      24.      21.      11.      46.656],24,B0034,479,2284,02284.csv,,,
discharge,[2009.       8.      25.       0.      13.      33.593],24,B0034,480,2285,02285.csv,1.295125492961198,,
charge,[2.0090e+03 8.0000e+00 2.5000e+01 1.0000e+00 2.0000e+00 3.7531e+01],24,B0034,481,2286,02286.csv,,,
discharge,[2009.       8.      25.       4.       4.      24.875],24,B0034,482,2287,02287.csv,1.2802601605963335,,
impedance,[2009.       8.      25.       4.      57.      21.937],24,B0034,483,2288,02288.csv,,0.12848890210288166,0.15296691204250196
charge,[2009.      8.     25.      5.     29.     20.39],24,B0034,484,2289,02289.csv,,,
impedance,[2009.       8.      25.       8.      35.      11.937],24,B0034,485,2290,02290.csv,,0.12781469468004525,0.15295508998008162
discharge,[2009.       6.      19.      17.      18.      16.015],24,B0036,0,3514,03514.csv,1.001982588175331,,
impedance,[2009.       6.      19.      17.      54.      12.968],24,B0036,1,3515,03515.csv,,0.10545822995255894,0.14876911753412897
charge,[2009.      6.     19.     18.     25.     58.64],24,B0036,2,3516,03516.csv,,,
impedance,[2009.       6.      19.      21.      31.       7.671],24,B0036,3,3517,03517.csv,,0.10298675265936502,0.1308088982207626
discharge,[2.0090e+03 6.0000e+00 1.9000e+01 2.2000e+01 2.0000e+00 5.0609e+01],24,B0036,4,3518,03518.csv,1.8011007566288924,,
charge,[2009.       6.      19.      22.      58.      30.843],24,B0036,5,3519,03519.csv,,,
discharge,[2.009e+03 6.000e+00 2.000e+01 1.000e+00 5.900e+01 3.975e+01],24,B0036,6,3520,03520.csv,1.8044229856020628,,
charge,[2.0090e+03 6.0000e+00 2.0000e+01 2.0000e+00 5.5000e+01 2.5265e+01],24,B0036,7,3521,03521.csv,,,
discharge,[2009.       6.      20.       5.      55.      38.984],24,B0036,8,3522,03522.csv,1.804388833772829,,
charge,[2009.       6.      20.       6.      51.      23.171],24,B0036,9,3523,03523.csv,,,
discharge,[2009.       6.      20.       9.      50.      35.156],24,B0036,10,3524,03524.csv,1.7989248871784247,,
charge,[2009.       6.      20.      10.      46.       8.984],24,B0036,11,3525,03525.csv,,,
discharge,[2009.       6.      20.      13.      47.      19.156],24,B0036,12,3526,03526.csv,1.792996521672392,,
impedance,[2009.       6.      20.      14.      46.      42.328],24,B0036,13,3527,03527.csv,,0.10188244020315304,0.1374624484507808
charge,[2009.       6.      20.      15.      18.      25.765],24,B0036,14,3528,03528.csv,,,
impedance,[2009.       6.      20.      18.      23.      38.703],24,B0036,15,3529,03529.csv,,0.10126095415876296,0.12915983066943287
discharge,[2009.       6.      20.      18.      55.      22.281],24,B0036,16,3530,03530.csv,1.7885507985621891,,
charge,[2009.       6.      20.      19.      50.      37.765],24,B0036,17,3531,03531.csv,,,
discharge,[2009.       6.      20.      22.      51.      49.984],24,B0036,18,3532,03532.csv,1.7890856930727703,,
charge,[2009.       6.      20.      23.      47.       6.421],24,B0036,19,3533,03533.csv,,,
discharge,[2.0090e+03 6.0000e+00 2.1000e+01 2.0000e+00 4.8000e+01 2.0078e+01],24,B0036,20,3534,03534.csv,1.7893137312833287,,
charge,[2009.       6.      21.       3.      43.      37.421],24,B0036,21,3535,03535.csv,,,
discharge,[2009.       6.      21.       6.      44.      49.843],24,B0036,22,3536,03536.csv,1.7860759459480868,,
charge,[2.009e+03 6.000e+00 2.100e+01 7.000e+00 4.000e+01 1.625e+00],24,B0036,23,3537,03537.csv,,,
discharge,[2009.       6.      21.      10.      41.      15.046],24,B0036,24,3538,03538.csv,1.7836324249650817,,
impedance,[2009.       6.      21.      11.      40.      22.859],24,B0036,25,3539,03539.csv,,0.10146757851010482,0.13474116799238026
charge,[2009.       6.      21.      12.      12.       7.046],24,B0036,26,3540,03540.csv,,,
impedance,[2009.       6.      21.      15.      17.      21.453],24,B0036,27,3541,03541.csv,,0.10139314834664595,0.12638934825771755
discharge,[2009.       6.      21.      15.      49.       5.796],24,B0036,28,3542,03542.csv,1.7829728738072719,,
charge,[2009.       6.      21.      16.      44.      12.312],24,B0036,29,3543,03543.csv,,,
discharge,[2009.       6.      21.      19.      45.      24.468],24,B0036,30,3544,03544.csv,1.7813775963259668,,
charge,[2009.       6.      21.      20.      40.      28.906],24,B0036,31,3545,03545.csv,,,
discharge,[2009.       6.      21.      23.      41.      43.609],24,B0036,32,3546,03546.csv,1.7785359545932946,,
charge,[2009.       6.      22.       0.      36.      42.578],24,B0036,33,3547,03547.csv,,,
discharge,[2009.       6.      22.       3.      37.      57.218],24,B0036,34,3548,03548.csv,1.7759043090943398,,
charge,[2009.      6.     22.      4.     32.     51.75],24,B0036,35,3549,03549.csv,,,
discharge,[2009.       6.      22.       7.      34.       6.234],24,B0036,36,3550,03550.csv,1.7780426649905914,,
impedance,[2009.       6.      22.       8.      33.       4.921],24,B0036,37,3551,03551.csv,,0.10234422843983315,0.13158206425760444
charge,[2009.       6.      22.       9.       4.      49.718],24,B0036,38,3552,03552.csv,,,
impedance,[2009.       6.      22.      12.      10.       3.484],24,B0036,39,3553,03553.csv,,0.10251678155020212,0.12548686234525916
discharge,[2009.       6.      22.      12.      41.      48.359],24,B0036,40,3554,03554.csv,1.7830029333591655,,
charge,[2009.       6.      22.      13.      36.      56.609],24,B0036,41,3555,03555.csv,,,
discharge,[2009.       6.      22.      16.      38.      13.281],24,B0036,42,3556,03556.csv,1.7883000424613877,,
charge,[2009.       6.      22.      17.      33.      30.843],24,B0036,43,3557,03557.csv,,,
discharge,[2009.       6.      22.      20.      34.      46.062],24,B0036,44,3558,03558.csv,1.779294712578026,,
charge,[2009.       6.      22.      21.      29.      47.796],24,B0036,45,3559,03559.csv,,,
discharge,[2009.       6.      23.       0.      31.       3.375],24,B0036,46,3560,03560.csv,1.7709235500451854,,
charge,[2.0090e+03 6.0000e+00 2.3000e+01 1.0000e+00 2.5000e+01 5.0515e+01],24,B0036,47,3561,03561.csv,,,
discharge,[2009.       6.      23.       4.      27.       4.484],24,B0036,48,3562,03562.csv,1.7659050180801104,,
impedance,[2009.       6.      23.       5.      25.      42.796],24,B0036,49,3563,03563.csv,,0.10071259828115524,0.1307354701961412
charge,[2009.       6.      23.       5.      57.      28.093],24,B0036,50,3564,03564.csv,,,
impedance,[2.0090e+03 6.0000e+00 2.3000e+01 9.0000e+00 2.0000e+00 1.7546e+01],24,B0036,51,3565,03565.csv,,0.10226225717620076,0.12531835692421753
discharge,[2009.       6.      26.      15.      29.      34.968],24,B0036,52,3566,03566.csv,1.7826929241469245,,
impedance,[2009.       6.      26.      16.      28.      44.296],24,B0036,53,3567,03567.csv,,0.10428692402390755,0.12804488530256947
charge,[2009.       6.      26.      17.       0.      29.625],24,B0036,54,3568,03568.csv,,,
impedance,[2009.       6.      26.      20.       0.      38.765],24,B0036,55,3569,03569.csv,,0.10259514112165391,0.12371982298318268
discharge,[2009.       6.      26.      20.      32.      24.265],24,B0036,56,3570,03570.csv,1.7964662072920203,,
charge,[2.009e+03 6.000e+00 2.600e+01 2.100e+01 2.800e+01 1.531e+00],24,B0036,57,3571,03571.csv,,,
discharge,[2009.       6.      27.       0.      28.      29.453],24,B0036,58,3572,03572.csv,1.7909083533422898,,
charge,[2.0090e+03 6.0000e+00 2.7000e+01 1.0000e+00 2.3000e+01 5.9218e+01],24,B0036,59,3573,03573.csv,,,
discharge,[2009.       6.      27.       4.      25.      16.218],24,B0036,60,3574,03574.csv,1.78518002808874,,
charge,[2009.       6.      27.       5.      20.      35.984],24,B0036,61,3575,03575.csv,,,
discharge,[2009.       6.      27.       8.      21.      51.234],24,B0036,62,3576,03576.csv,1.7811343176546524,,
charge,[2009.      6.     27.      9.     17.      4.25],24,B0036,63,3577,03577.csv,,,
discharge,[2009.     6.    27.    12.    18.    20.5],24,B0036,64,3578,03578.csv,1.7755577789223567,,
impedance,[2009.       6.      27.      13.      17.      23.515],24,B0036,65,3579,03579.csv,,0.10241248406469061,0.12815906269146135
charge,[2009.       6.      27.      13.      49.       9.515],24,B0036,66,3580,03580.csv,,,
impedance,[2009.       6.      27.      16.      54.      26.703],24,B0036,67,3581,03581.csv,,0.10204811463919115,0.1239919497346756
discharge,[2009.       6.      27.      17.      26.      12.718],24,B0036,68,3582,03582.csv,1.776885870616115,,
charge,[2009.       6.      27.      18.      21.      18.234],24,B0036,69,3583,03583.csv,,,
discharge,[2009.       6.      27.      21.      22.      21.781],24,B0036,70,3584,03584.csv,1.7713083410378214,,
charge,[2009.       6.      27.      22.      17.      17.406],24,B0036,71,3585,03585.csv,,,
discharge,[2.0090e+03 6.0000e+00 2.8000e+01 1.0000e+00 1.8000e+01 3.4656e+01],24,B0036,72,3586,03586.csv,1.7713348840874137,,
charge,[2.0090e+03 6.0000e+00 2.8000e+01 2.0000e+00 1.3000e+01 3.0812e+01],24,B0036,73,3587,03587.csv,,,
discharge,[2009.      6.     28.      5.     14.     48.25],24,B0036,74,3588,03588.csv,1.7660842866405053,,
charge,[2009.       6.      28.       6.       9.      35.093],24,B0036,75,3589,03589.csv,,,
discharge,[2009.       6.      28.       9.      10.      46.125],24,B0036,76,3590,03590.csv,1.7592793663412327,,
impedance,[2009.       6.      28.      10.       9.      20.734],24,B0036,77,3591,03591.csv,,0.10117996558184275,0.12779627560331192
charge,[2009.       6.      28.      10.      41.       7.187],24,B0036,78,3592,03592.csv,,,
impedance,[2009.       6.      28.      13.      46.      26.406],24,B0036,79,3593,03593.csv,,0.10212703107225769,0.12328978939994457
discharge,[2009.       6.      28.      14.      18.      12.906],24,B0036,80,3594,03594.csv,1.7610368813762423,,
charge,[2009.       6.      28.      15.      12.      50.796],24,B0036,81,3595,03595.csv,,,
discharge,[2009.       6.      28.      18.      13.      23.984],24,B0036,82,3596,03596.csv,1.760242767365706,,
charge,[2.009e+03 6.000e+00 2.800e+01 1.900e+01 8.000e+00 6.710e-01],24,B0036,83,3597,03597.csv,,,
discharge,[2009.       6.      28.      22.       7.      58.453],24,B0036,84,3598,03598.csv,1.7555899416034397,,
charge,[2.0090e+03 6.0000e+00 2.8000e+01 2.3000e+01 2.0000e+00 2.7281e+01],24,B0036,85,3599,03599.csv,,,
discharge,[2.009e+03 6.000e+00 2.900e+01 2.000e+00 3.000e+00 4.614e+01],24,B0036,86,3600,03600.csv,1.7545602176655593,,
charge,[2.0090e+03 6.0000e+00 2.9000e+01 2.0000e+00 5.8000e+01 1.3109e+01],24,B0036,87,3601,03601.csv,,,
discharge,[2009.       6.      29.       5.      59.      12.218],24,B0036,88,3602,03602.csv,1.7499108336094897,,
impedance,[2009.       6.      29.       6.      57.      31.187],24,B0036,89,3603,03603.csv,,0.10210059005761468,0.12826730459005167
charge,[2009.      6.     29.      7.     29.     18.39],24,B0036,90,3604,03604.csv,,,
impedance,[2009.       6.      29.      10.      34.      40.796],24,B0036,91,3605,03605.csv,,0.10231280847561808,0.12277846043082821
discharge,[2009.       6.      29.      11.       6.      27.906],24,B0036,92,3606,03606.csv,1.7610225525303758,,
charge,[2.009e+03 6.000e+00 2.900e+01 1.200e+01 1.000e+00 7.828e+00],24,B0036,93,3607,03607.csv,,,
discharge,[2009.       6.      29.      14.      59.      50.625],24,B0036,94,3608,03608.csv,1.7624094574337117,,
charge,[2009.       6.      29.      15.      54.      32.859],24,B0036,95,3609,03609.csv,,,
discharge,[2009.       6.      29.      18.      50.      48.062],24,B0036,96,3610,03610.csv,1.7536170397120676,,
charge,[2009.      6.     29.     19.     45.     14.39],24,B0036,97,3611,03611.csv,,,
discharge,[2009.       6.      29.      22.      44.      42.875],24,B0036,98,3612,03612.csv,1.7462044775191679,,
charge,[2009.       6.      29.      23.      38.      55.953],24,B0036,99,3613,03613.csv,,,
discharge,[2.0090e+03 6.0000e+00 3.0000e+01 2.0000e+00 3.6000e+01 3.9734e+01],24,B0036,100,3614,03614.csv,1.7406176172769725,,
impedance,[2009.      6.     30.      3.     34.     42.89],24,B0036,101,3615,03615.csv,,0.10098443815766792,0.12790309130670613
charge,[2009.       6.      30.       4.       6.      30.343],24,B0036,102,3616,03616.csv,,,
impedance,[2009.       6.      30.       7.      11.      10.921],24,B0036,103,3617,03617.csv,,0.10188149628078898,0.12400981160517237
discharge,[2.0090e+03 7.0000e+00 1.0000e+00 1.1000e+01 1.5000e+01 2.3875e+01],24,B0036,104,3618,03618.csv,1.750690404425682,,
impedance,[2.0090e+03 7.0000e+00 1.0000e+00 1.2000e+01 1.3000e+01 4.6546e+01],24,B0036,105,3619,03619.csv,,0.10186993733447906,0.12570500373336072
charge,[2.0090e+03 7.0000e+00 1.0000e+00 1.2000e+01 4.5000e+01 3.4265e+01],24,B0036,106,3620,03620.csv,,,
impedance,[2.009e+03 7.000e+00 1.000e+00 1.500e+01 4.600e+01 3.075e+01],24,B0036,107,3621,03621.csv,,0.10271644158370044,0.12169846701041709
discharge,[2.0090e+03 7.0000e+00 1.0000e+00 1.6000e+01 1.8000e+01 1.8546e+01],24,B0036,108,3622,03622.csv,1.765112055153915,,
charge,[2.009e+03 7.000e+00 1.000e+00 1.700e+01 1.300e+01 7.140e+00],24,B0036,109,3623,03623.csv,,,
discharge,[2.009e+03 7.000e+00 1.000e+00 2.000e+01 1.000e+01 2.437e+00],24,B0036,110,3624,03624.csv,1.7631888267564881,,
charge,[2.0090e+03 7.0000e+00 1.0000e+00 2.1000e+01 4.0000e+00 4.6796e+01],24,B0036,111,3625,03625.csv,,,
discharge,[2009.       7.      14.      16.      14.      47.937],24,B0036,112,3626,03626.csv,1.9854929528970957,,
impedance,[2009.       7.      14.      17.      20.      12.578],24,B0036,113,3627,03627.csv,,0.10437773669118684,0.12394050374611125
charge,[2.009e+03 7.000e+00 1.400e+01 1.700e+01 5.200e+01 5.310e-01],24,B0036,114,3628,03628.csv,,,
impedance,[2009.      7.     14.     20.     52.      2.39],24,B0036,115,3629,03629.csv,,0.1040227495138019,0.12437883368799792
discharge,[2009.       7.      14.      21.      23.      50.218],24,B0036,116,3630,03630.csv,1.7653557308133239,,
charge,[2009.       7.      14.      22.      18.      36.765],24,B0036,117,3631,03631.csv,,,
discharge,[2.0090e+03 7.0000e+00 1.5000e+01 1.0000e+00 1.6000e+01 1.5015e+01],24,B0036,118,3632,03632.csv,1.7571880383127276,,
charge,[2.0090e+03 7.0000e+00 1.5000e+01 2.0000e+00 1.0000e+01 4.7203e+01],24,B0036,119,3633,03633.csv,,,
discharge,[2009.       7.      15.       5.       9.       4.546],24,B0036,120,3634,03634.csv,1.7573770661844437,,
charge,[2009.       7.      15.       6.       3.      37.218],24,B0036,121,3635,03635.csv,,,
discharge,[2009.       7.      15.       9.       4.      59.109],24,B0036,122,3636,03636.csv,1.7617376127979814,,
charge,[2009.       7.      15.       9.      59.      39.609],24,B0036,123,3637,03637.csv,,,
discharge,[2009.       7.      15.      12.      57.      49.296],24,B0036,124,3638,03638.csv,1.7606892547636663,,
impedance,[2009.       7.      15.      13.      56.      28.453],24,B0036,125,3639,03639.csv,,0.1035484717838907,0.1268638991057003
charge,[2009.       7.      15.      14.      28.      16.687],24,B0036,126,3640,03640.csv,,,
impedance,[2009.       7.      15.      17.      29.       6.468],24,B0036,127,3641,03641.csv,,0.10327759437479733,0.12293526365736387
discharge,[2009.      7.     15.     18.      0.     54.64],24,B0036,128,3642,03642.csv,1.760669562156983,,
charge,[2009.       7.      15.      18.      55.      33.765],24,B0036,129,3643,03643.csv,,,
discharge,[2009.       7.      15.      21.      52.      48.093],24,B0036,130,3644,03644.csv,1.752963802649152,,
charge,[2009.      7.     15.     22.     47.     13.64],24,B0036,131,3645,03645.csv,,,
discharge,[2.009e+03 7.000e+00 1.600e+01 1.000e+00 4.400e+01 5.839e+01],24,B0036,132,3646,03646.csv,1.750535708024147,,
charge,[2.0090e+03 7.0000e+00 1.6000e+01 2.0000e+00 3.9000e+01 1.9406e+01],24,B0036,133,3647,03647.csv,,,
discharge,[2009.       7.      16.       5.      37.      32.718],24,B0036,134,3648,03648.csv,1.7500761995337284,,
charge,[2009.       7.      16.       6.      31.      53.453],24,B0036,135,3649,03649.csv,,,
discharge,[2009.       7.      16.       9.      29.      18.125],24,B0036,136,3650,03650.csv,1.7465957802278385,,
impedance,[2009.       7.      16.      10.      27.      32.703],24,B0036,137,3651,03651.csv,,0.10336285437551215,0.12733721133829223
charge,[2009.       7.      16.      10.      59.      21.234],24,B0036,138,3652,03652.csv,,,
impedance,[2009.       7.      16.      14.       4.      11.781],24,B0036,139,3653,03653.csv,,0.10429109231155877,0.1229516511727095
discharge,[2.009e+03 7.000e+00 1.600e+01 1.400e+01 3.600e+01 4.530e-01],24,B0036,140,3654,03654.csv,1.753614286788707,,
charge,[2009    7   16   15   30   28],24,B0036,141,3655,03655.csv,,,
discharge,[2009.      7.     16.     18.     26.      9.14],24,B0036,142,3656,03656.csv,1.750725029920349,,
charge,[2009.       7.      16.      19.      20.      31.781],24,B0036,143,3657,03657.csv,,,
discharge,[2009.       7.      16.      22.      18.      31.578],24,B0036,144,3658,03658.csv,1.7433053490810113,,
charge,[2009.       7.      16.      23.      12.      40.484],24,B0036,145,3659,03659.csv,,,
discharge,[2.0090e+03 7.0000e+00 1.7000e+01 2.0000e+00 1.0000e+01 3.8265e+01],24,B0036,146,3660,03660.csv,1.7336625052776187,,
charge,[2009.       7.      17.       3.       4.      30.531],24,B0036,147,3661,03661.csv,,,
discharge,[2.0090e+03 7.0000e+00 1.7000e+01 6.0000e+00 2.0000e+00 3.1671e+01],24,B0036,148,3662,03662.csv,1.7319207051538927,,
impedance,[2009.       7.      17.       7.       0.      20.593],24,B0036,149,3663,03663.csv,,0.10116023192107446,0.1290285606007037
charge,[2009.      7.     17.      7.     32.      9.64],24,B0036,150,3664,03664.csv,,,
impedance,[2.009e+03 7.000e+00 1.700e+01 1.000e+01 3.700e+01 1.515e+00],24,B0036,151,3665,03665.csv,,0.1035779067064479,0.12346760832500164
discharge,[2009.       7.      17.      11.       8.      50.734],24,B0036,152,3666,03666.csv,1.7428604522751463,,
charge,[2.0090e+03 7.0000e+00 1.7000e+01 1.2000e+01 2.0000e+00 5.9515e+01],24,B0036,153,3667,03667.csv,,,
discharge,[2.009e+03 7.000e+00 1.700e+01 1.500e+01 0.000e+00 1.400e-01],24,B0036,154,3668,03668.csv,1.743306971099712,,
charge,[2009.       7.      17.      15.      54.      10.468],24,B0036,155,3669,03669.csv,,,
discharge,[2009.      7.     17.     18.     49.     14.75],24,B0036,156,3670,03670.csv,1.738524506272696,,
charge,[2009.       7.      17.      19.      43.      16.218],24,B0036,157,3671,03671.csv,,,
discharge,[2009.       7.      17.      22.      40.      36.953],24,B0036,158,3672,03672.csv,1.7295622663746972,,
charge,[2009.       7.      17.      23.      34.      22.421],24,B0036,159,3673,03673.csv,,,
discharge,[2.0090e+03 7.0000e+00 1.8000e+01 2.0000e+00 3.2000e+01 1.9203e+01],24,B0036,160,3674,03674.csv,1.7273036765742085,,
impedance,[2.009e+03 7.000e+00 1.800e+01 3.000e+00 3.000e+01 5.460e-01],24,B0036,161,3675,03675.csv,,0.10219677597874746,0.12749763459355581
charge,[2.0090e+03 7.0000e+00 1.8000e+01 4.0000e+00 1.0000e+00 4.9984e+01],24,B0036,162,3676,03676.csv,,,
impedance,[2009.      7.     18.      7.      6.     20.39],24,B0036,163,3677,03677.csv,,0.10152573498525545,0.12572316842202602
discharge,[2009.      7.     23.     10.     25.     18.89],24,B0036,164,3678,03678.csv,1.7449370491071912,,
impedance,[2009.       7.      23.      11.      23.      32.343],24,B0036,165,3679,03679.csv,,0.10379049086169007,0.1273702163877588
charge,[2009.       7.      23.      11.      55.      21.953],24,B0036,166,3680,03680.csv,,,
impedance,[2009    7   23   14   57    2],24,B0036,167,3681,03681.csv,,0.10329401058872176,0.1229881545844585
discharge,[2009.       7.      23.      15.      28.      51.734],24,B0036,168,3682,03682.csv,1.7642432071133693,,
charge,[2009.       7.      23.      16.      23.      40.343],24,B0036,169,3683,03683.csv,,,
discharge,[2009.      7.     23.     19.     19.     21.39],24,B0036,170,3684,03684.csv,1.7504882032049596,,
charge,[2009.       7.      23.      20.      13.      45.296],24,B0036,171,3685,03685.csv,,,
discharge,[2009.       7.      23.      23.      11.      10.812],24,B0036,172,3686,03686.csv,1.7442710815479923,,
charge,[2009.       7.      24.       0.       5.      23.906],24,B0036,173,3687,03687.csv,,,
discharge,[2.0090e+03 7.0000e+00 2.4000e+01 3.0000e+00 2.0000e+00 5.1234e+01],24,B0036,174,3688,03688.csv,1.7365413923373951,,
charge,[2009.       7.      24.       3.      56.      50.546],24,B0036,175,3689,03689.csv,,,
discharge,[2009.       7.      24.       6.      55.      12.218],24,B0036,176,3690,03690.csv,1.733223093105756,,
impedance,[2009.      7.     24.      7.     53.      5.75],24,B0036,177,3691,03691.csv,,0.10226611724627681,0.12966606656866086
charge,[2009.       7.      24.       8.      24.      55.609],24,B0036,178,3692,03692.csv,,,
impedance,[2009.       7.      24.      11.      29.      17.812],24,B0036,179,3693,03693.csv,,0.10322078398378613,0.12425909033211503
discharge,[2.009e+03 7.000e+00 2.400e+01 1.200e+01 1.000e+00 7.843e+00],24,B0036,180,3694,03694.csv,1.73860622908762,,
charge,[2009.       7.      24.      12.      55.      11.375],24,B0036,181,3695,03695.csv,,,
discharge,[2009.       7.      24.      15.      46.       9.421],24,B0036,182,3696,03696.csv,1.7432134953746192,,
charge,[2009.       7.      24.      16.      40.      21.187],24,B0036,183,3697,03697.csv,,,
discharge,[2009.      7.     24.     19.     35.     49.25],24,B0036,184,3698,03698.csv,1.7332698214832971,,
charge,[2009.       7.      24.      20.      29.      43.093],24,B0036,185,3699,03699.csv,,,
discharge,[2009.       7.      24.      23.      28.       2.156],24,B0036,186,3700,03700.csv,1.7298906291663272,,
charge,[2009.       7.      25.       0.      21.      50.109],24,B0036,187,3701,03701.csv,,,
discharge,[2009.      7.     25.      3.     20.      5.39],24,B0036,188,3702,03702.csv,1.7204403348841348,,
impedance,[2009.       7.      25.       4.      17.      36.359],24,B0036,189,3703,03703.csv,,0.1019047502214661,0.12923240688924717
charge,[2009.       7.      25.       4.      49.      26.625],24,B0036,190,3704,03704.csv,,,
impedance,[2009.       7.      25.       7.      54.      52.171],24,B0036,191,3705,03705.csv,,0.10288925405024021,0.12567482538392313
discharge,[2009.       7.      25.       8.      26.      42.515],24,B0036,192,3706,03706.csv,1.724420729012913,,
charge,[2009.       7.      25.       9.      20.      20.984],24,B0036,193,3707,03707.csv,,,
discharge,[2009.       7.      25.      12.      19.      43.718],24,B0036,194,3708,03708.csv,1.7214872814061166,,
charge,[2009.       7.      25.      13.      13.      17.203],24,B0036,195,3709,03709.csv,,,
discharge,[2009.       7.      25.      16.      13.       2.187],24,B0036,196,3710,03710.csv,1.7197448773569262,,
charge,[2009.       7.      25.      17.       6.      32.296],24,B0036,197,3711,03711.csv,,,
discharge,[2009.       7.      25.      20.       6.      55.421],24,B0036,198,3712,03712.csv,1.7164304142145894,,
charge,[2009.       7.      25.      21.       0.      19.875],24,B0036,199,3713,03713.csv,,,
discharge,[2.009e+03 7.000e+00 2.600e+01 0.000e+00 1.000e+00 9.546e+00],24,B0036,200,3714,03714.csv,1.7112029253299619,,
impedance,[2009.       7.      26.       0.      58.      24.625],24,B0036,201,3715,03715.csv,,0.10138625848088953,0.12963167079796403
charge,[2.0090e+03 7.0000e+00 2.6000e+01 1.0000e+00 3.0000e+01 1.5437e+01],24,B0036,202,3716,03716.csv,,,
impedance,[2009.       7.      26.       4.      35.      20.656],24,B0036,203,3717,03717.csv,,0.10231554345357728,0.1251981335588939
discharge,[2009.       7.      26.       5.       7.      11.546],24,B0036,204,3718,03718.csv,1.7102343231599222,,
charge,[2009.       7.      26.       6.       0.      25.062],24,B0036,205,3719,03719.csv,,,
discharge,[2.009e+03 7.000e+00 2.600e+01 9.000e+00 1.000e+00 3.514e+01],24,B0036,206,3720,03720.csv,1.713096882151029,,
charge,[2009.       7.      26.       9.      54.      53.843],24,B0036,207,3721,03721.csv,,,
discharge,[2009.       7.      26.      12.      55.      45.109],24,B0036,208,3722,03722.csv,1.7103708617208135,,
charge,[2009.      7.     26.     13.     48.     59.14],24,B0036,209,3723,03723.csv,,,
discharge,[2009.       7.      26.      16.      49.      47.359],24,B0036,210,3724,03724.csv,1.7064617296121434,,
charge,[2009.       7.      26.      17.      42.      54.921],24,B0036,211,3725,03725.csv,,,
discharge,[2009.       7.      26.      20.      43.      48.921],24,B0036,212,3726,03726.csv,1.7029429979110946,,
impedance,[2009.       7.      26.      21.      40.      50.046],24,B0036,213,3727,03727.csv,,0.1017469005349673,0.1293402011642804
charge,[2009.       7.      26.      22.      12.      41.312],24,B0036,214,3728,03728.csv,,,
impedance,[2.0090e+03 7.0000e+00 2.7000e+01 1.0000e+00 1.8000e+01 1.2828e+01],24,B0036,215,3729,03729.csv,,0.1029340973647276,0.1264013238476249
discharge,[2.009e+03 7.000e+00 2.700e+01 1.000e+00 5.000e+01 3.890e+00],24,B0036,216,3730,03730.csv,1.7072612643840062,,
charge,[2.009e+03 7.000e+00 2.700e+01 2.000e+00 4.300e+01 1.275e+01],24,B0036,217,3731,03731.csv,,,
discharge,[2009.       7.      27.       5.      43.      49.015],24,B0036,218,3732,03732.csv,1.7038637196766078,,
charge,[2009.       7.      27.       6.      36.      51.968],24,B0036,219,3733,03733.csv,,,
discharge,[2009.      7.     27.      9.     37.     15.14],24,B0036,220,3734,03734.csv,1.7079617948422274,,
charge,[2009.       7.      27.      10.      30.      25.593],24,B0036,221,3735,03735.csv,,,
discharge,[2009.       7.      27.      13.      29.      48.031],24,B0036,222,3736,03736.csv,1.7113022833627787,,
charge,[2009.       7.      27.      14.      23.       4.968],24,B0036,223,3737,03737.csv,,,
discharge,[2009.       7.      27.      17.      21.      22.671],24,B0036,224,3738,03738.csv,1.714122057472244,,
impedance,[2009.       7.      27.      18.      18.      44.828],24,B0036,225,3739,03739.csv,,0.10259466752448551,0.1287868336623212
charge,[2009.      7.     27.     18.     50.     36.25],24,B0036,226,3740,03740.csv,,,
impedance,[2009.       7.      27.      21.      56.       8.671],24,B0036,227,3741,03741.csv,,0.1016677917003621,0.12679382347294005
discharge,[2.009e+03 7.000e+00 2.700e+01 2.200e+01 2.800e+01 1.870e-01],24,B0036,228,3742,03742.csv,1.7053324925701605,,
charge,[2009.       7.      27.      23.      21.       6.125],24,B0036,229,3743,03743.csv,,,
discharge,[2.0090e+03 7.0000e+00 2.8000e+01 2.0000e+00 2.1000e+01 2.8109e+01],24,B0036,230,3744,03744.csv,1.6934609472531408,,
charge,[2009.       7.      28.       3.      14.      13.296],24,B0036,231,3745,03745.csv,,,
discharge,[2009.       7.      28.       6.      15.      44.125],24,B0036,232,3746,03746.csv,1.6905244127230223,,
charge,[2009.       7.      28.       7.       8.      23.984],24,B0036,233,3747,03747.csv,,,
discharge,[2009.       7.      28.      10.       9.      52.296],24,B0036,234,3748,03748.csv,1.7007774858498304,,
charge,[2.0090e+03 7.0000e+00 2.8000e+01 1.1000e+01 2.0000e+00 5.1093e+01],24,B0036,235,3749,03749.csv,,,
discharge,[2009.       7.      28.      14.       3.      56.171],24,B0036,236,3750,03750.csv,1.6971104467944576,,
impedance,[2009.       7.      28.      15.       0.      48.421],24,B0036,237,3751,03751.csv,,0.10291053630668141,0.12849504310945825
charge,[2009.       7.      28.      15.      32.      40.171],24,B0036,238,3752,03752.csv,,,
impedance,[2009.       7.      28.      18.      37.      37.765],24,B0036,239,3753,03753.csv,,0.10427789287305993,0.12443328880460543
discharge,[2009.       7.      28.      19.       9.      29.828],24,B0036,240,3754,03754.csv,1.6997924522951837,,
charge,[2.0090e+03 7.0000e+00 2.8000e+01 2.0000e+01 2.0000e+00 2.8625e+01],24,B0036,241,3755,03755.csv,,,
discharge,[2.0090e+03 7.0000e+00 2.8000e+01 2.3000e+01 2.0000e+00 2.6656e+01],24,B0036,242,3756,03756.csv,1.6912704773954121,,
charge,[2009.       7.      28.      23.      55.       8.765],24,B0036,243,3757,03757.csv,,,
discharge,[2.0090e+03 7.0000e+00 2.9000e+01 2.0000e+00 5.6000e+01 2.4125e+01],24,B0036,244,3758,03758.csv,1.6857127009469863,,
charge,[2009.       7.      29.       3.      48.      56.265],24,B0036,245,3759,03759.csv,,,
discharge,[2009.       7.      29.       6.      50.      26.906],24,B0036,246,3760,03760.csv,1.6832093771286156,,
charge,[2009.       7.      29.       7.      42.      54.859],24,B0036,247,3761,03761.csv,,,
discharge,[2009.       7.      29.      10.      44.      27.906],24,B0036,248,3762,03762.csv,1.692886364169521,,
impedance,[2009.     7.    29.    11.    41.    13.5],24,B0036,249,3763,03763.csv,,0.10313716186770266,0.12727179809315825
charge,[2009.       7.      29.      12.      13.       5.843],24,B0036,250,3764,03764.csv,,,
impedance,[2009.      7.     29.     15.     18.     41.39],24,B0036,251,3765,03765.csv,,0.10444298567373146,0.12466080317574092
discharge,[2009.       7.      29.      15.      50.      33.843],24,B0036,252,3766,03766.csv,1.6984668174144633,,
charge,[2009.       7.      29.      16.      43.      31.062],24,B0036,253,3767,03767.csv,,,
discharge,[2009.       7.      29.      19.      41.       4.109],24,B0036,254,3768,03768.csv,1.6935813413828429,,
charge,[2009.       7.      29.      20.      33.      51.328],24,B0036,255,3769,03769.csv,,,
discharge,[2009.       7.      29.      23.      34.      17.859],24,B0036,256,3770,03770.csv,1.6830951253781283,,
charge,[2009.       7.      30.       0.      26.      46.296],24,B0036,257,3771,03771.csv,,,
discharge,[2009.       7.      30.       3.      28.      18.171],24,B0036,258,3772,03772.csv,1.6850462226942986,,
charge,[2009.       7.      30.       4.      20.      49.968],24,B0036,259,3773,03773.csv,,,
discharge,[2009.       7.      30.       7.      22.      22.187],24,B0036,260,3774,03774.csv,1.6803098840017598,,
impedance,[2009.       7.      30.       8.      18.      45.843],24,B0036,261,3775,03775.csv,,0.10213224417462764,0.12889257040332344
charge,[2009.       7.      30.       8.      50.      38.578],24,B0036,262,3776,03776.csv,,,
impedance,[2009.       7.      30.      11.      56.      13.156],24,B0036,263,3777,03777.csv,,0.10453206876345725,0.12561886146138276
discharge,[2009.       7.      30.      12.      28.       5.953],24,B0036,264,3778,03778.csv,1.6944038437227715,,
charge,[2009.       7.      30.      13.      20.      56.406],24,B0036,265,3779,03779.csv,,,
discharge,[2009.       7.      30.      16.      19.       5.437],24,B0036,266,3780,03780.csv,1.6955686127180103,,
charge,[2009.       7.      30.      17.      11.      57.546],24,B0036,267,3781,03781.csv,,,
discharge,[2009.       7.      30.      20.       9.      43.296],24,B0036,268,3782,03782.csv,1.6841854728350405,,
charge,[2.0090e+03 7.0000e+00 3.0000e+01 2.1000e+01 2.0000e+00 1.4578e+01],24,B0036,269,3783,03783.csv,,,
discharge,[2009.       7.      31.       0.       3.       7.406],24,B0036,270,3784,03784.csv,1.6722180144870118,,
charge,[2009.       7.      31.       0.      55.      17.093],24,B0036,271,3785,03785.csv,,,
discharge,[2009.      7.     31.      3.     56.     28.39],24,B0036,272,3786,03786.csv,1.6675976965747183,,
impedance,[2009.       7.      31.       4.      52.      29.859],24,B0036,273,3787,03787.csv,,0.10167775631610765,0.12938532451978002
charge,[2009.       7.      31.       5.      24.      22.937],24,B0036,274,3788,03788.csv,,,
impedance,[2009.       7.      31.       8.      29.      58.609],24,B0036,275,3789,03789.csv,,0.10353426870050861,0.12638830865841164
discharge,[2.0090e+03 7.0000e+00 3.1000e+01 9.0000e+00 1.0000e+00 5.1906e+01],24,B0036,276,3790,03790.csv,1.6781873787039017,,
charge,[2009.       7.      31.       9.      54.      14.234],24,B0036,277,3791,03791.csv,,,
discharge,[2.009e+03 7.000e+00 3.100e+01 1.500e+01 4.200e+01 5.620e-01],24,B0036,278,3792,03792.csv,2.4440624320786557,,
impedance,[2.0090e+03 7.0000e+00 3.1000e+01 1.7000e+01 1.0000e+00 2.6375e+01],24,B0036,279,3793,03793.csv,,0.10439518975230871,0.12462001631982239
charge,[2009.       7.      31.      17.      33.      22.078],24,B0036,280,3794,03794.csv,,,
impedance,[2009.       7.      31.      20.      31.       9.109],24,B0036,281,3795,03795.csv,,0.10441836486225645,0.12383690968221564
discharge,[2009.       7.      31.      21.       3.       2.062],24,B0036,282,3796,03796.csv,1.6913403148932205,,
charge,[2009.       7.      31.      21.      55.      46.796],24,B0036,283,3797,03797.csv,,,
discharge,[2.0090e+03 8.0000e+00 1.0000e+00 0.0000e+00 5.4000e+01 4.0031e+01],24,B0036,284,3798,03798.csv,1.6802787096613283,,
charge,[2.009e+03 8.000e+00 1.000e+00 1.000e+00 4.700e+01 4.312e+00],24,B0036,285,3799,03799.csv,,,
discharge,[2.0090e+03 8.0000e+00 1.0000e+00 4.0000e+00 4.6000e+01 4.8453e+01],24,B0036,286,3800,03800.csv,1.673147301023026,,
charge,[2.009e+03 8.000e+00 1.000e+00 5.000e+00 3.900e+01 3.120e-01],24,B0036,287,3801,03801.csv,,,
discharge,[2.0090e+03 8.0000e+00 1.0000e+00 8.0000e+00 4.0000e+01 3.9031e+01],24,B0036,288,3802,03802.csv,1.6704292090032429,,
charge,[2.0090e+03 8.0000e+00 1.0000e+00 9.0000e+00 3.2000e+01 4.5984e+01],24,B0036,289,3803,03803.csv,,,
discharge,[2.0090e+03 8.0000e+00 1.0000e+00 1.2000e+01 3.3000e+01 3.2734e+01],24,B0036,290,3804,03804.csv,1.6659903350115992,,
impedance,[2.0090e+03 8.0000e+00 1.0000e+00 1.3000e+01 2.9000e+01 3.2109e+01],24,B0036,291,3805,03805.csv,,0.10235733192038589,0.12964567263622695
charge,[2.0090e+03 8.0000e+00 1.0000e+00 1.4000e+01 1.0000e+00 2.5312e+01],24,B0036,292,3806,03806.csv,,,
impedance,[2.0090e+03 8.0000e+00 1.0000e+00 1.7000e+01 6.0000e+00 5.5484e+01],24,B0036,293,3807,03807.csv,,0.10229360214237315,0.12562501165036996
discharge,[2.0090e+03 8.0000e+00 1.0000e+00 1.7000e+01 3.8000e+01 4.8781e+01],24,B0036,294,3808,03808.csv,1.664241575272447,,
charge,[2.0090e+03 8.0000e+00 1.0000e+00 1.8000e+01 3.0000e+01 4.4968e+01],24,B0036,295,3809,03809.csv,,,
discharge,[2.0090e+03 8.0000e+00 1.0000e+00 2.1000e+01 3.0000e+01 3.3968e+01],24,B0036,296,3810,03810.csv,1.6668450767774965,,
charge,[2.0090e+03 8.0000e+00 1.0000e+00 2.2000e+01 2.2000e+01 3.4843e+01],24,B0036,297,3811,03811.csv,,,
discharge,[2.0090e+03 8.0000e+00 2.0000e+00 1.0000e+00 2.3000e+01 2.1296e+01],24,B0036,298,3812,03812.csv,1.6594501560667536,,
charge,[2.009e+03 8.000e+00 2.000e+00 2.000e+00 1.500e+01 9.171e+00],24,B0036,299,3813,03813.csv,,,
discharge,[2.0090e+03 8.0000e+00 2.0000e+00 5.0000e+00 1.6000e+01 4.7781e+01],24,B0036,300,3814,03814.csv,1.662412523067319,,
charge,[2.0090e+03 8.0000e+00 2.0000e+00 6.0000e+00 8.0000e+00 4.1656e+01],24,B0036,301,3815,03815.csv,,,
discharge,[2.0090e+03 8.0000e+00 2.0000e+00 9.0000e+00 1.0000e+01 1.5046e+01],24,B0036,302,3816,03816.csv,1.6603526083225701,,
impedance,[2.009e+03 8.000e+00 2.000e+00 1.000e+01 6.000e+00 4.984e+00],24,B0036,303,3817,03817.csv,,0.10264618183054519,0.12835535717012822
charge,[2.0090e+03 8.0000e+00 2.0000e+00 1.0000e+01 3.7000e+01 5.8593e+01],24,B0036,304,3818,03818.csv,,,
impedance,[2.0090e+03 8.0000e+00 2.0000e+00 1.3000e+01 4.3000e+01 3.3359e+01],24,B0036,305,3819,03819.csv,,0.10290383805205343,0.12595091518306856
discharge,[2.0090e+03 8.0000e+00 2.0000e+00 1.4000e+01 1.5000e+01 2.7171e+01],24,B0036,306,3820,03820.csv,1.6610231379633236,,
charge,[2.0090e+03 8.0000e+00 2.0000e+00 1.5000e+01 7.0000e+00 1.8093e+01],24,B0036,307,3821,03821.csv,,,
discharge,[2.0090e+03 8.0000e+00 2.0000e+00 1.8000e+01 8.0000e+00 5.4375e+01],24,B0036,308,3822,03822.csv,1.6575187557321613,,
charge,[2.0090e+03 8.0000e+00 2.0000e+00 1.9000e+01 0.0000e+00 3.9468e+01],24,B0036,309,3823,03823.csv,,,
discharge,[2.0090e+03 8.0000e+00 2.0000e+00 2.2000e+01 2.0000e+00 1.0046e+01],24,B0036,310,3824,03824.csv,1.6507877959674548,,
charge,[2.0090e+03 8.0000e+00 2.0000e+00 2.2000e+01 5.3000e+01 4.3218e+01],24,B0036,311,3825,03825.csv,,,
discharge,[2.0090e+03 8.0000e+00 3.0000e+00 1.0000e+00 5.5000e+01 2.2875e+01],24,B0036,312,3826,03826.csv,1.6532570062110141,,
charge,[2.009e+03 8.000e+00 3.000e+00 2.000e+00 4.700e+01 5.150e-01],24,B0036,313,3827,03827.csv,,,
discharge,[2009.       8.       3.       5.      48.      39.625],24,B0036,314,3828,03828.csv,1.6494214846772686,,
impedance,[2009.       8.       3.       6.      44.      10.109],24,B0036,315,3829,03829.csv,,0.10247669791669267,0.12864762117506043
charge,[2009.       8.       3.       7.      16.       4.218],24,B0036,316,3830,03830.csv,,,
impedance,[2009.       8.       3.      10.      21.      40.546],24,B0036,317,3831,03831.csv,,0.10408568066227294,0.12506055555622234
discharge,[2009.       8.       3.      10.      53.      34.968],24,B0036,318,3832,03832.csv,1.6678591915666705,,
charge,[2009.       8.       3.      11.      45.      39.265],24,B0036,319,3833,03833.csv,,,
discharge,[2009.       8.       3.      14.      44.      14.312],24,B0036,320,3834,03834.csv,1.670862764324967,,
charge,[2009.       8.       3.      15.      36.      25.093],24,B0036,321,3835,03835.csv,,,
discharge,[2009.      8.      3.     18.     38.      5.89],24,B0036,322,3836,03836.csv,1.6658118164053368,,
charge,[2009.       8.       3.      19.      30.       6.687],24,B0036,323,3837,03837.csv,,,
discharge,[2009.       8.       3.      22.      31.      42.515],24,B0036,324,3838,03838.csv,1.6532998517617,,
charge,[2009.       8.       3.      23.      23.      20.781],24,B0036,325,3839,03839.csv,,,
discharge,[2.0090e+03 8.0000e+00 4.0000e+00 2.0000e+00 2.4000e+01 5.5453e+01],24,B0036,326,3840,03840.csv,1.6468787023528522,,
impedance,[2009.       8.       4.       3.      20.      22.453],24,B0036,327,3841,03841.csv,,0.10307434857797489,0.129302103332383
charge,[2009.       8.       4.       3.      52.      16.765],24,B0036,328,3842,03842.csv,,,
impedance,[2009.     8.     4.     6.    57.    51.5],24,B0036,329,3843,03843.csv,,0.10374148695325093,0.12740685766354967
discharge,[2009.      8.      5.     10.     47.     54.89],24,B0036,330,3844,03844.csv,1.6718953249703756,,
impedance,[2009.       8.       5.      11.      44.      11.359],24,B0036,331,3845,03845.csv,,0.10413712868200176,0.1275310804338011
charge,[2009.       8.       5.      12.      16.       5.781],24,B0036,332,3846,03846.csv,,,
impedance,[2009.      8.      5.     15.     21.     17.89],24,B0036,333,3847,03847.csv,,0.10467308759463242,0.12424657706777059
discharge,[2009.       8.       5.      15.      53.      12.468],24,B0036,334,3848,03848.csv,1.6807743463585727,,
charge,[2009.       8.       5.      16.      45.      40.718],24,B0036,335,3849,03849.csv,,,
discharge,[2009.       8.       5.      19.      44.      54.078],24,B0036,336,3850,03850.csv,1.6737717086703074,,
charge,[2009.       8.       5.      20.      37.       9.671],24,B0036,337,3851,03851.csv,,,
discharge,[2009.       8.       5.      23.      38.      49.906],24,B0036,338,3852,03852.csv,1.6605773762487392,,
charge,[2009.       8.       6.       0.      30.      42.343],24,B0036,339,3853,03853.csv,,,
discharge,[2009.       8.       6.       3.      32.      21.312],24,B0036,340,3854,03854.csv,1.655987781146086,,
charge,[2009.       8.       6.       4.      24.       5.078],24,B0036,341,3855,03855.csv,,,
discharge,[2009.       8.       6.       7.      22.      48.562],24,B0036,342,3856,03856.csv,1.6468623183898439,,
impedance,[2009.       8.       6.       8.      18.      16.218],24,B0036,343,3857,03857.csv,,0.1036270958740042,0.12870618345971274
charge,[2009.       8.       6.       8.      50.      10.984],24,B0036,344,3858,03858.csv,,,
impedance,[2009.       8.       6.      11.      53.      22.312],24,B0036,345,3859,03859.csv,,0.10468141657909363,0.12497077556363018
discharge,[2009.       8.       6.      12.      25.      17.046],24,B0036,346,3860,03860.csv,1.6574621175432847,,
charge,[2009.       8.       6.      13.      17.       4.312],24,B0036,347,3861,03861.csv,,,
discharge,[2009.       8.       6.      16.      13.      25.921],24,B0036,348,3862,03862.csv,1.6603991175216894,,
charge,[2009.       8.       6.      17.       5.      18.687],24,B0036,349,3863,03863.csv,,,
discharge,[2009.       8.       6.      20.       0.      59.562],24,B0036,350,3864,03864.csv,1.6460789092837111,,
charge,[2009.       8.       6.      20.      52.      26.765],24,B0036,351,3865,03865.csv,,,
discharge,[2009.      8.      6.     23.     49.     34.39],24,B0036,352,3866,03866.csv,1.6408366462659327,,
charge,[2009.       8.       7.       0.      40.      51.984],24,B0036,353,3867,03867.csv,,,
discharge,[2009.       8.       7.       3.      40.      19.734],24,B0036,354,3868,03868.csv,1.6344408920281601,,
impedance,[2009    8    7    4   35   26],24,B0036,355,3869,03869.csv,,0.10322860433094026,0.12820110915604094
charge,[2009.       8.       7.       5.       7.      21.093],24,B0036,356,3870,03870.csv,,,
impedance,[2009.       8.       7.       8.      12.      41.046],24,B0036,357,3871,03871.csv,,0.1043656977117543,0.12593210499998778
discharge,[2009.      8.      7.      8.     44.     36.25],24,B0036,358,3872,03872.csv,1.6374039186504212,,
charge,[2009.       8.       7.       9.      35.      47.859],24,B0036,359,3873,03873.csv,,,
discharge,[2009.       8.       7.      12.      32.      22.343],24,B0036,360,3874,03874.csv,1.64738207540524,,
charge,[2009.       8.       7.      13.      23.      52.437],24,B0036,361,3875,03875.csv,,,
discharge,[2009.       8.       7.      16.      20.      49.765],24,B0036,362,3876,03876.csv,1.6545646441622355,,
charge,[2009.       8.       7.      17.      12.      32.781],24,B0036,363,3877,03877.csv,,,
discharge,[2009.       8.       7.      20.      14.      10.406],24,B0036,364,3878,03878.csv,1.640896560729935,,
charge,[2009.       8.       7.      21.       5.      28.578],24,B0036,365,3879,03879.csv,,,
discharge,[2009.       8.       8.       0.       7.       5.125],24,B0036,366,3880,03880.csv,1.6265229979339635,,
impedance,[2.009e+03 8.000e+00 8.000e+00 1.000e+00 1.000e+00 5.764e+01],24,B0036,367,3881,03881.csv,,0.10254852102031001,0.12862078792867057
charge,[2.0090e+03 8.0000e+00 8.0000e+00 1.0000e+00 3.3000e+01 5.3015e+01],24,B0036,368,3882,03882.csv,,,
impedance,[2009.      8.      8.      4.     39.     32.25],24,B0036,369,3883,03883.csv,,0.10292594093335367,0.12672943474339857
discharge,[2009.       8.       8.       5.      11.      27.593],24,B0036,370,3884,03884.csv,1.6217349144630457,,
charge,[2.0090e+03 8.0000e+00 8.0000e+00 6.0000e+00 2.0000e+00 1.1484e+01],24,B0036,371,3885,03885.csv,,,
discharge,[2009.       8.       8.       9.       3.      54.812],24,B0036,372,3886,03886.csv,1.6248200059639546,,
charge,[2009.      8.      8.      9.     54.     44.14],24,B0036,373,3887,03887.csv,,,
discharge,[2009.       8.       8.      12.      56.      26.703],24,B0036,374,3888,03888.csv,1.61880119736137,,
charge,[2009.       8.       8.      13.      47.       5.281],24,B0036,375,3889,03889.csv,,,
discharge,[2009.       8.       8.      16.      48.      44.937],24,B0036,376,3890,03890.csv,1.6137350490334217,,
charge,[2009.       8.       8.      17.      39.      14.687],24,B0036,377,3891,03891.csv,,,
discharge,[2009.       8.       8.      20.      40.      51.687],24,B0036,378,3892,03892.csv,1.612012823654141,,
impedance,[2009.      8.      8.     21.     35.     18.89],24,B0036,379,3893,03893.csv,,0.10359265071950297,0.1282841842808354
charge,[2009.     8.     8.    22.     7.    14.5],24,B0036,380,3894,03894.csv,,,
impedance,[2.0090e+03 8.0000e+00 9.0000e+00 1.0000e+00 1.2000e+01 5.3906e+01],24,B0036,381,3895,03895.csv,,0.10361531096976208,0.12805955638397698
discharge,[2009.       8.      17.      13.       8.      30.968],24,B0036,382,3896,03896.csv,1.6671032556887178,,
impedance,[2009.       8.      17.      14.       4.      37.796],24,B0036,383,3897,03897.csv,,0.10518037485176612,0.12720556975336994
charge,[2009.       8.      17.      14.      36.      33.453],24,B0036,384,3898,03898.csv,,,
impedance,[2009.     8.    17.    17.    42.    13.5],24,B0036,385,3899,03899.csv,,0.10425632204271053,0.12466269936453879
discharge,[2009.       8.      17.      18.      14.       9.375],24,B0036,386,3900,03900.csv,1.6850133383886254,,
charge,[2009.       8.      17.      19.       6.      48.687],24,B0036,387,3901,03901.csv,,,
discharge,[2009.       8.      17.      22.       6.      54.109],24,B0036,388,3902,03902.csv,1.6786654987614698,,
charge,[2009.       8.      17.      22.      59.      22.265],24,B0036,389,3903,03903.csv,,,
discharge,[2.009e+03 8.000e+00 1.800e+01 2.000e+00 1.000e+00 3.312e+00],24,B0036,390,3904,03904.csv,1.6729763502191373,,
charge,[2.0090e+03 8.0000e+00 1.8000e+01 2.0000e+00 5.3000e+01 2.0906e+01],24,B0036,391,3905,03905.csv,,,
discharge,[2009.       8.      18.       5.      55.       2.015],24,B0036,392,3906,03906.csv,1.666489034299654,,
charge,[2009.       8.      18.       6.      47.       7.906],24,B0036,393,3907,03907.csv,,,
discharge,[2009.      8.     18.      9.     48.     49.64],24,B0036,394,3908,03908.csv,1.6698420840710908,,
impedance,[2.009e+03 8.000e+00 1.800e+01 1.000e+01 4.500e+01 1.796e+00],24,B0036,395,3909,03909.csv,,0.10438970498922139,0.1277331946992752
charge,[2009.      8.     18.     11.     16.     57.75],24,B0036,396,3910,03910.csv,,,
impedance,[2009.       8.      18.      14.      22.      41.859],24,B0036,397,3911,03911.csv,,0.1051440682725413,0.1239624732439577
discharge,[2009.       8.      18.      14.      54.      37.937],24,B0036,398,3912,03912.csv,1.6746744228027035,,
charge,[2009.       8.      18.      15.      46.      59.359],24,B0036,399,3913,03913.csv,,,
discharge,[2009.       8.      18.      18.      45.      24.703],24,B0036,400,3914,03914.csv,1.6665045335145643,,
charge,[2009.       8.      18.      19.      37.      31.843],24,B0036,401,3915,03915.csv,,,
discharge,[2009.       8.      18.      22.      39.      17.609],24,B0036,402,3916,03916.csv,1.6522220848347273,,
charge,[2009.       8.      18.      23.      30.      58.312],24,B0036,403,3917,03917.csv,,,
discharge,[2.0090e+03 8.0000e+00 1.9000e+01 2.0000e+00 3.2000e+01 3.8625e+01],24,B0036,404,3918,03918.csv,1.6462718275099526,,
charge,[2009.      8.     19.      3.     24.      8.89],24,B0036,405,3919,03919.csv,,,
discharge,[2009.       8.      19.       6.      25.      55.265],24,B0036,406,3920,03920.csv,1.642399234692521,,
impedance,[2009.       8.      19.       7.      21.      18.453],24,B0036,407,3921,03921.csv,,0.10415198790123979,0.13019853504814
charge,[2009.       8.      19.       7.      53.      14.718],24,B0036,408,3922,03922.csv,,,
impedance,[2009.      8.     19.     10.     58.     56.25],24,B0036,409,3923,03923.csv,,0.10361605786053248,0.12635085013884811
discharge,[2009.       8.      19.      11.      30.      52.687],24,B0036,410,3924,03924.csv,1.651178607099992,,
charge,[2009.       8.      19.      12.      22.      31.687],24,B0036,411,3925,03925.csv,,,
discharge,[2009.       8.      19.      15.      24.      12.875],24,B0036,412,3926,03926.csv,1.6481683120281931,,
charge,[2009.       8.      19.      16.      15.      46.875],24,B0036,413,3927,03927.csv,,,
discharge,[2009.       8.      19.      19.      17.      33.312],24,B0036,414,3928,03928.csv,1.6478887725428397,,
charge,[2009.      8.     19.     20.      9.      6.89],24,B0036,415,3929,03929.csv,,,
discharge,[2009.       8.      19.      23.      10.      50.875],24,B0036,416,3930,03930.csv,1.635843650915682,,
charge,[2.009e+03 8.000e+00 2.000e+01 0.000e+00 2.000e+00 2.593e+00],24,B0036,417,3931,03931.csv,,,
discharge,[2009.       8.      20.       3.       3.      46.687],24,B0036,418,3932,03932.csv,1.6332362811945516,,
impedance,[2009.       8.      20.       3.      58.      53.671],24,B0036,419,3933,03933.csv,,0.10311501616131509,0.12951868304023914
charge,[2009.       8.      20.       4.      30.      50.218],24,B0036,420,3934,03934.csv,,,
impedance,[2009.       8.      20.       7.      36.      30.046],24,B0036,421,3935,03935.csv,,0.10327097874703314,0.12710797636578625
discharge,[2009.       8.      20.       8.       8.      26.703],24,B0036,422,3936,03936.csv,1.629926467682987,,
charge,[2009.       8.      20.       8.      59.      28.296],24,B0036,423,3937,03937.csv,,,
discharge,[2.009e+03 8.000e+00 2.000e+01 1.200e+01 1.000e+00 9.546e+00],24,B0036,424,3938,03938.csv,1.6387862629287224,,
charge,[2009.       8.      20.      12.      52.      27.468],24,B0036,425,3939,03939.csv,,,
discharge,[2009.       8.      20.      15.      51.      55.171],24,B0036,426,3940,03940.csv,1.6359654863840773,,
charge,[2009.       8.      20.      16.      43.       8.046],24,B0036,427,3941,03941.csv,,,
discharge,[2009.       8.      20.      19.      42.      35.546],24,B0036,428,3942,03942.csv,1.631137043967566,,
charge,[2009.       8.      20.      20.      33.      39.812],24,B0036,429,3943,03943.csv,,,
discharge,[2009.      8.     20.     23.     35.     23.25],24,B0036,430,3944,03944.csv,1.6220189720888463,,
impedance,[2009.       8.      21.       0.      30.      11.046],24,B0036,431,3945,03945.csv,,0.10425796236329452,0.12875569089442582
charge,[2.009e+03 8.000e+00 2.100e+01 1.000e+00 2.000e+00 8.109e+00],24,B0036,432,3946,03946.csv,,,
impedance,[2009.      8.     21.      4.      7.     51.89],24,B0036,433,3947,03947.csv,,0.10393642754152782,0.12757923569951243
discharge,[2009.       8.      21.      17.      59.      25.484],24,B0036,434,3948,03948.csv,1.6416044978422155,,
impedance,[2009.       8.      21.      18.      54.      49.468],24,B0036,435,3949,03949.csv,,0.10440403223853702,0.1281535452116646
charge,[2009.       8.      21.      19.      26.      46.671],24,B0036,436,3950,03950.csv,,,
impedance,[2009.       8.      21.      22.      32.      29.312],24,B0036,437,3951,03951.csv,,0.10496266026459208,0.12701140711229952
discharge,[2009.       8.      21.      23.       4.      26.375],24,B0036,438,3952,03952.csv,1.6253090231457805,,
charge,[2009.       8.      21.      23.      55.      20.484],24,B0036,439,3953,03953.csv,,,
discharge,[2.009e+03 8.000e+00 2.200e+01 2.000e+00 5.700e+01 6.984e+00],24,B0036,440,3954,03954.csv,1.6196134522239483,,
charge,[2009.       8.      22.       3.      47.      50.937],24,B0036,441,3955,03955.csv,,,
discharge,[2009.      8.     22.      6.     49.     38.89],24,B0036,442,3956,03956.csv,1.6124236174774371,,
charge,[2009.       8.      22.       7.      40.       9.781],24,B0036,443,3957,03957.csv,,,
discharge,[2009.       8.      22.      10.      41.      58.171],24,B0036,444,3958,03958.csv,1.6077701029913394,,
charge,[2009.       8.      22.      11.      32.      21.015],24,B0036,445,3959,03959.csv,,,
discharge,[2009.       8.      22.      14.      34.       5.875],24,B0036,446,3960,03960.csv,1.6088077531981582,,
impedance,[2009.       8.      22.      15.      28.      30.625],24,B0036,447,3961,03961.csv,,0.10339223346910502,0.12915832204757677
charge,[2009.       8.      22.      16.       0.      27.859],24,B0036,448,3962,03962.csv,,,
impedance,[2009.       8.      22.      19.       6.      10.484],24,B0036,449,3963,03963.csv,,0.10332696082878198,0.1280562076841714
discharge,[2009.       8.      22.      19.      38.       7.906],24,B0036,450,3964,03964.csv,1.6083556258734268,,
charge,[2009.       8.      22.      20.      28.      32.062],24,B0036,451,3965,03965.csv,,,
discharge,[2009.       8.      22.      23.      30.      19.437],24,B0036,452,3966,03966.csv,1.6068202519011539,,
charge,[2009.       8.      23.       0.      20.      41.046],24,B0036,453,3967,03967.csv,,,
discharge,[2009.       8.      23.       3.      22.      24.156],24,B0036,454,3968,03968.csv,1.601770977206713,,
charge,[2009.       8.      23.       4.      12.      36.468],24,B0036,455,3969,03969.csv,,,
discharge,[2009.       8.      23.       7.      14.      19.109],24,B0036,456,3970,03970.csv,1.594911734692208,,
charge,[2009.       8.      23.       8.       4.      19.531],24,B0036,457,3971,03971.csv,,,
discharge,[2009.       8.      23.      11.       6.       6.546],24,B0036,458,3972,03972.csv,1.5938139125387372,,
impedance,[2009.       8.      23.      12.       0.       5.281],24,B0036,459,3973,03973.csv,,0.10230692214398054,0.12963605146362625
charge,[2009.       8.      23.      12.      32.       3.093],24,B0036,460,3974,03974.csv,,,
impedance,[2009.       8.      23.      15.      37.      51.359],24,B0036,461,3975,03975.csv,,0.10386318553993985,0.12921253686440823
discharge,[2009.       8.      23.      16.       9.      49.296],24,B0036,462,3976,03976.csv,1.5920273129504596,,
charge,[2009.       8.      23.      16.      59.      46.156],24,B0036,463,3977,03977.csv,,,
discharge,[2.009e+03 8.000e+00 2.300e+01 2.000e+01 1.000e+00 3.250e+01],24,B0036,464,3978,03978.csv,1.5847361549778751,,
charge,[2009.      8.     23.     20.     51.     14.89],24,B0036,465,3979,03979.csv,,,
discharge,[2009.       8.      23.      23.      53.       2.437],24,B0036,466,3980,03980.csv,1.5763429363936798,,
charge,[2009.       8.      24.       0.      42.      30.015],24,B0036,467,3981,03981.csv,,,
discharge,[2009.       8.      24.       3.      44.      13.046],24,B0036,468,3982,03982.csv,1.5720229174642286,,
charge,[2009.       8.      24.       4.      33.      32.734],24,B0036,469,3983,03983.csv,,,
discharge,[2009.       8.      24.       7.      35.      22.546],24,B0036,470,3984,03984.csv,1.5729874285512353,,
impedance,[2009.      8.     24.      8.     28.     44.14],24,B0036,471,3985,03985.csv,,0.10327366544299307,0.12816133435461302
charge,[2009.       8.      24.       9.       0.      42.171],24,B0036,472,3986,03986.csv,,,
impedance,[2009.       8.      24.      12.       6.      32.093],24,B0036,473,3987,03987.csv,,0.10657419567798392,0.12523614372629716
discharge,[2009.      8.     24.     12.     38.     30.39],24,B0036,474,3988,03988.csv,1.596985400389019,,
charge,[2009.       8.      24.      13.      28.      37.031],24,B0036,475,3989,03989.csv,,,
discharge,[2009.       8.      24.      16.      30.      26.734],24,B0036,476,3990,03990.csv,1.595726023703856,,
charge,[2009.       8.      24.      17.      20.      29.984],24,B0036,477,3991,03991.csv,,,
discharge,[2009.       8.      24.      20.      22.      13.218],24,B0036,478,3992,03992.csv,1.579500338340559,,
charge,[2009.       8.      24.      21.      11.      46.656],24,B0036,479,3993,03993.csv,,,
discharge,[2009.       8.      25.       0.      13.      33.593],24,B0036,480,3994,03994.csv,1.5629469877520186,,
charge,[2.0090e+03 8.0000e+00 2.5000e+01 1.0000e+00 2.0000e+00 3.7531e+01],24,B0036,481,3995,03995.csv,,,
discharge,[2009.       8.      25.       4.       4.      24.875],24,B0036,482,3996,03996.csv,1.5591129431541175,,
impedance,[2009.       8.      25.       4.      57.      21.937],24,B0036,483,3997,03997.csv,,0.10384169496949792,0.12798923220316963
charge,[2009.      8.     25.      5.     29.     20.39],24,B0036,484,3998,03998.csv,,,
impedance,[2009.       8.      25.       8.      35.      11.937],24,B0036,485,3999,03999.csv,,0.10452218668748398,0.12898188064464913
